year,mode,manufacturer,vin,miles,reported_events
2020,safety-driver,Apple,2T2BGMCA0GC007400,0.0,0
2020,safety-driver,Apple,2T2BGMCA0GC007946,0.0,0
2020,safety-driver,Apple,2T2BGMCA0HC014753,1235.7,12
2020,safety-driver,Apple,2T2BGMCA0HC015899,0.0,0
2020,safety-driver,Apple,2T2BGMCA0HC016082,0.0,0
2020,safety-driver,Apple,2T2BGMCA0HC019225,476.0,2
2020,safety-driver,Apple,2T2BGMCA0HC019709,0.0,0
2020,safety-driver,Apple,2T2BGMCA0HC019919,0.0,0
2020,safety-driver,Apple,2T2BGMCA0HC019967,343.7,2
2020,safety-driver,Apple,2T2BGMCA0HC020083,0.0,0
2020,safety-driver,Apple,2T2BGMCA1GC008135,492.3,5
2020,safety-driver,Apple,2T2BGMCA1HC014096,676.5,4
2020,safety-driver,Apple,2T2BGMCA1HC016933,0.0,0
2020,safety-driver,Apple,2T2BGMCA2GC003882,42.5,0
2020,safety-driver,Apple,2T2BGMCA2GC004112,0.0,0
2020,safety-driver,Apple,2T2BGMCA2GC005566,0.0,0
2020,safety-driver,Apple,2T2BGMCA2GC007334,0.0,0
2020,safety-driver,Apple,2T2BGMCA2GC007754,0.0,0
2020,safety-driver,Apple,2T2BGMCA2GC008418,0.0,0
2020,safety-driver,Apple,2T2BGMCA2HC012521,1004.3,5
2020,safety-driver,Apple,2T2BGMCA2HC019338,1189.3,7
2020,safety-driver,Apple,2T2BGMCA2HC019890,0.0,0
2020,safety-driver,Apple,2T2BGMCA2HC019968,0.0,0
2020,safety-driver,Apple,2T2BGMCA2HC020151,1355.5,9
2020,safety-driver,Apple,2T2BGMCA3GC007861,26.4,12
2020,safety-driver,Apple,2T2BGMCA3GC007911,0.0,0
2020,safety-driver,Apple,2T2BGMCA3HC014584,0.0,0
2020,safety-driver,Apple,2T2BGMCA3HC020062,971.7,9
2020,safety-driver,Apple,2T2BGMCA4GC005228,0.0,0
2020,safety-driver,Apple,2T2BGMCA4HC016845,0.5,0
2020,safety-driver,Apple,2T2BGMCA4HC016912,0.0,0
2020,safety-driver,Apple,2T2BGMCA4HC019826,266.2,0
2020,safety-driver,Apple,2T2BGMCA4HC020118,2961.7,10
2020,safety-driver,Apple,2T2BGMCA5GC006145,0.0,0
2020,safety-driver,Apple,2T2BGMCA5HC014389,3806.5,23
2020,safety-driver,Apple,2T2BGMCA5HC019219,0.0,0
2020,safety-driver,Apple,2T2BGMCA5HC019432,0.0,0
2020,safety-driver,Apple,2T2BGMCA5HC019737,0.0,0
2020,safety-driver,Apple,2T2BGMCA5HC019818,0.0,0
2020,safety-driver,Apple,2T2BGMCA6GC007983,309.8,1
2020,safety-driver,Apple,2T2BGMCA6HC016667,90.9,1
2020,safety-driver,Apple,2T2BGMCA6HC019228,0.0,0
2020,safety-driver,Apple,2T2BGMCA7GC003781,16.0,1
2020,safety-driver,Apple,2T2BGMCA7GC007068,91.1,1
2020,safety-driver,Apple,2T2BGMCA7GC008382,0.0,0
2020,safety-driver,Apple,2T2BGMCA7HC014877,152.9,3
2020,safety-driver,Apple,2T2BGMCA7HC017262,0.0,0
2020,safety-driver,Apple,2T2BGMCA8GC003823,11.6,0
2020,safety-driver,Apple,2T2BGMCA8GC003871,0.0,0
2020,safety-driver,Apple,2T2BGMCA8GC007371,0.0,0
2020,safety-driver,Apple,2T2BGMCA8GC008424,4.1,0
2020,safety-driver,Apple,2T2BGMCA8GC008505,0.0,0
2020,safety-driver,Apple,2T2BGMCA8HC016136,0.0,0
2020,safety-driver,Apple,2T2BGMCA8HC017772,0.0,0
2020,safety-driver,Apple,2T2BGMCA8HC019411,0.0,0
2020,safety-driver,Apple,2T2BGMCA8HC019540,489.9,0
2020,safety-driver,Apple,2T2BGMCA8HC019876,0.0,0
2020,safety-driver,Apple,2T2BGMCA8HC020137,1649.8,11
2020,safety-driver,Apple,2T2BGMCA9GC007394,1113.2,12
2020,safety-driver,Apple,2T2BGMCA9GC008464,19.8,0
2020,safety-driver,Apple,2T2BGMCA9HC019126,0.0,0
2020,safety-driver,Apple,2T2BGMCA9HC019305,0.0,0
2020,safety-driver,Apple,2T2BGMCA9HC019532,0.0,0
2020,safety-driver,Apple,2T2BGMCAXGC006416,5.2,0
2020,safety-driver,Apple,2T2BGMCAXHC014310,0.0,0
2020,safety-driver,Apple,2T2BGMCAXHC018051,0.0,0
2020,safety-driver,Apple,2T2BGMCAXHC018082,0.8,0
2020,safety-driver,Apple,2T2BGMCAXHC019927,0.0,0
2020,safety-driver,Apple,2T2BGMCAXHC020026,1.4,0
2020,safety-driver,Aurora,2C4RC1N72LR190369,1.38,0
2020,safety-driver,Aurora,2C4RC1N73LR107175,851.06,0
2020,safety-driver,Aurora,2C4RC1N75LR107176,1355.14,5
2020,safety-driver,Aurora,2C4RC1N75LR138959,244.5,0
2020,safety-driver,Aurora,2C4RC1N77LR107177,1445.41,1
2020,safety-driver,Aurora,2C4RC1N79LR107181,1331.67,0
2020,safety-driver,Aurora,2C4RC1N7XLR107173,1064.11,1
2020,safety-driver,Aurora,3LN6L5LU0HR664920,836.11,5
2020,safety-driver,Aurora,3LN6L5LU5HR650656,1452.85,12
2020,safety-driver,Aurora,3LN6L5MU1HR646151,1109.09,5
2020,safety-driver,Aurora,3LN6L5MU6HR643536,1913.08,7
2020,safety-driver,Aurora,3LN6L5MU8HR644610,596.38,1
2020,safety-driver,AutoX,2C4RC1N73JR229418,1154.0,0
2020,safety-driver,AutoX,3LN6L5LU1HR637709,24064.0,1
2020,safety-driver,AutoX,3LN6L5LU5HR622291,0.0,0
2020,safety-driver,AutoX,3LN6L5MU5JR618391,6013.0,0
2020,safety-driver,AutoX,3LN6L5MU8JR628090,125.0,0
2020,safety-driver,AutoX,3LN6L5MU9HR630361,0.0,0
2020,safety-driver,AutoX,3LN6L5MU9JR614778,6508.0,1
2020,safety-driver,AutoX,3LN6L5MUXJR626177,2870.0,0
2020,safety-driver,BMW,WBA7E21050G412347,122.0,3
2020,safety-driver,BMW,WBA7E21060G409246,0.0,0
2020,safety-driver,BMW,WBA7E21060G410008,0.0,0
2020,safety-driver,BMW,WBA7E21080G412861,0.0,0
2020,safety-driver,BMW,WBA7E210X0G412859,0.0,0
2020,safety-driver,Cruise,5G21A6P00L4100006,4094.63,0
2020,safety-driver,Cruise,5G21A6P00L4100023,1443.73,0
2020,safety-driver,Cruise,5G21A6P00L4100037,8185.94,0
2020,safety-driver,Cruise,5G21A6P00L4100040,8774.24,1
2020,safety-driver,Cruise,5G21A6P00L4100054,10.63,0
2020,safety-driver,Cruise,5G21A6P00L4100068,9227.54,0
2020,safety-driver,Cruise,5G21A6P00L4100071,7468.27,0
2020,safety-driver,Cruise,5G21A6P00L4100085,9681.69,1
2020,safety-driver,Cruise,5G21A6P00L4100104,8874.49,0
2020,safety-driver,Cruise,5G21A6P00L4100118,10544.61,1
2020,safety-driver,Cruise,5G21A6P00L4100121,10295.96,0
2020,safety-driver,Cruise,5G21A6P00L4100135,271.93,0
2020,safety-driver,Cruise,5G21A6P00L4100166,12092.77,0
2020,safety-driver,Cruise,5G21A6P00L4100183,336.58,0
2020,safety-driver,Cruise,5G21A6P01L4100015,2925.05,0
2020,safety-driver,Cruise,5G21A6P01L4100029,8420.05,1
2020,safety-driver,Cruise,5G21A6P01L4100032,7525.95,0
2020,safety-driver,Cruise,5G21A6P01L4100046,9431.1,1
2020,safety-driver,Cruise,5G21A6P01L4100063,1185.17,0
2020,safety-driver,Cruise,5G21A6P01L4100077,1561.88,0
2020,safety-driver,Cruise,5G21A6P01L4100127,11263.45,0
2020,safety-driver,Cruise,5G21A6P01L4100130,3355.83,0
2020,safety-driver,Cruise,5G21A6P01L4100161,20.21,0
2020,safety-driver,Cruise,5G21A6P01L4100175,4148.73,2
2020,safety-driver,Cruise,5G21A6P01L4100189,10061.49,0
2020,safety-driver,Cruise,5G21A6P01L4100192,8616.41,0
2020,safety-driver,Cruise,5G21A6P02L4100010,9202.6,1
2020,safety-driver,Cruise,5G21A6P02L4100041,7267.58,0
2020,safety-driver,Cruise,5G21A6P02L4100069,8745.22,0
2020,safety-driver,Cruise,5G21A6P02L4100072,8940.39,0
2020,safety-driver,Cruise,5G21A6P02L4100086,7874.24,0
2020,safety-driver,Cruise,5G21A6P02L4100119,9697.45,1
2020,safety-driver,Cruise,5G21A6P02L4100122,11908.98,0
2020,safety-driver,Cruise,5G21A6P02L4100136,8808.91,0
2020,safety-driver,Cruise,5G21A6P02L4100167,8808.79,0
2020,safety-driver,Cruise,5G21A6P02L4100170,4479.74,0
2020,safety-driver,Cruise,5G21A6P02L4100184,10490.08,0
2020,safety-driver,Cruise,5G21A6P02L4110407,1134.98,0
2020,safety-driver,Cruise,5G21A6P03L4100016,5335.17,1
2020,safety-driver,Cruise,5G21A6P03L4100033,6370.89,0
2020,safety-driver,Cruise,5G21A6P03L4100047,10220.34,0
2020,safety-driver,Cruise,5G21A6P03L4100050,3326.93,0
2020,safety-driver,Cruise,5G21A6P03L4100078,2801.11,0
2020,safety-driver,Cruise,5G21A6P03L4100128,447.17,0
2020,safety-driver,Cruise,5G21A6P03L4100131,9015.52,0
2020,safety-driver,Cruise,5G21A6P03L4100159,9381.23,0
2020,safety-driver,Cruise,5G21A6P03L4100162,1674.62,0
2020,safety-driver,Cruise,5G21A6P03L4100176,7454.14,0
2020,safety-driver,Cruise,5G21A6P03L4100193,10034.08,0
2020,safety-driver,Cruise,5G21A6P04L4100008,1029.35,0
2020,safety-driver,Cruise,5G21A6P04L4100011,111.2,0
2020,safety-driver,Cruise,5G21A6P04L4100025,176.21,0
2020,safety-driver,Cruise,5G21A6P04L4100039,14.57,0
2020,safety-driver,Cruise,5G21A6P04L4100042,2372.58,0
2020,safety-driver,Cruise,5G21A6P04L4100073,7292.13,1
2020,safety-driver,Cruise,5G21A6P04L4100087,8471.36,1
2020,safety-driver,Cruise,5G21A6P04L4100123,1317.94,0
2020,safety-driver,Cruise,5G21A6P04L4100140,2990.1,0
2020,safety-driver,Cruise,5G21A6P04L4100168,7286.82,0
2020,safety-driver,Cruise,5G21A6P04L4100171,8307.75,1
2020,safety-driver,Cruise,5G21A6P04L4100185,8515.26,0
2020,safety-driver,Cruise,5G21A6P04L4110408,3545.38,0
2020,safety-driver,Cruise,5G21A6P05L4100003,1167.06,0
2020,safety-driver,Cruise,5G21A6P05L4100017,5795.34,0
2020,safety-driver,Cruise,5G21A6P05L4100020,196.97,0
2020,safety-driver,Cruise,5G21A6P05L4100048,6180.24,0
2020,safety-driver,Cruise,5G21A6P05L4100051,5.5,0
2020,safety-driver,Cruise,5G21A6P05L4100065,775.04,0
2020,safety-driver,Cruise,5G21A6P05L4100082,3848.24,0
2020,safety-driver,Cruise,5G21A6P05L4100115,8830.69,0
2020,safety-driver,Cruise,5G21A6P05L4100129,10332.35,0
2020,safety-driver,Cruise,5G21A6P05L4100132,3245.22,0
2020,safety-driver,Cruise,5G21A6P05L4100163,1274.23,0
2020,safety-driver,Cruise,5G21A6P05L4100177,8435.3,0
2020,safety-driver,Cruise,5G21A6P05L4100180,10501.95,1
2020,safety-driver,Cruise,5G21A6P06L4100012,21.77,0
2020,safety-driver,Cruise,5G21A6P06L4100026,5034.96,0
2020,safety-driver,Cruise,5G21A6P06L4100043,8477.19,0
2020,safety-driver,Cruise,5G21A6P06L4100057,9220.39,3
2020,safety-driver,Cruise,5G21A6P06L4100060,5258.37,0
2020,safety-driver,Cruise,5G21A6P06L4100074,9010.27,2
2020,safety-driver,Cruise,5G21A6P06L4100124,9732.66,0
2020,safety-driver,Cruise,5G21A6P06L4100141,5637.64,1
2020,safety-driver,Cruise,5G21A6P06L4100169,9027.41,0
2020,safety-driver,Cruise,5G21A6P06L4100172,8937.7,0
2020,safety-driver,Cruise,5G21A6P06L4100186,6176.37,0
2020,safety-driver,Cruise,5G21A6P06L4110751,1031.35,0
2020,safety-driver,Cruise,5G21A6P07L4100004,9189.5,0
2020,safety-driver,Cruise,5G21A6P07L4100021,1121.02,0
2020,safety-driver,Cruise,5G21A6P07L4100035,2220.41,0
2020,safety-driver,Cruise,5G21A6P07L4100049,8065.8,0
2020,safety-driver,Cruise,5G21A6P07L4100052,5.87,0
2020,safety-driver,Cruise,5G21A6P07L4100066,7219.06,0
2020,safety-driver,Cruise,5G21A6P07L4100083,8543.49,0
2020,safety-driver,Cruise,5G21A6P07L4100102,6358.52,0
2020,safety-driver,Cruise,5G21A6P07L4100116,10124.45,0
2020,safety-driver,Cruise,5G21A6P07L4100164,7055.46,1
2020,safety-driver,Cruise,5G21A6P07L4100178,8718.69,0
2020,safety-driver,Cruise,5G21A6P07L4100181,8954.52,0
2020,safety-driver,Cruise,5G21A6P08L4100013,2503.22,0
2020,safety-driver,Cruise,5G21A6P08L4100030,836.69,0
2020,safety-driver,Cruise,5G21A6P08L4100044,2122.51,0
2020,safety-driver,Cruise,5G21A6P08L4100058,6970.18,1
2020,safety-driver,Cruise,5G21A6P08L4100061,6649.12,0
2020,safety-driver,Cruise,5G21A6P08L4100075,3521.34,0
2020,safety-driver,Cruise,5G21A6P08L4100125,2181.72,0
2020,safety-driver,Cruise,5G21A6P08L4100139,6386.25,0
2020,safety-driver,Cruise,5G21A6P08L4100142,10386.27,1
2020,safety-driver,Cruise,5G21A6P08L4100173,7539.69,0
2020,safety-driver,Cruise,5G21A6P08L4100187,8672.74,2
2020,safety-driver,Cruise,5G21A6P08L4110752,1574.99,0
2020,safety-driver,Cruise,5G21A6P09L4100005,2564.72,0
2020,safety-driver,Cruise,5G21A6P09L4100022,33.66,0
2020,safety-driver,Cruise,5G21A6P09L4100036,723.89,0
2020,safety-driver,Cruise,5G21A6P09L4100053,1616.67,0
2020,safety-driver,Cruise,5G21A6P09L4100067,3636.63,0
2020,safety-driver,Cruise,5G21A6P09L4100070,8446.09,2
2020,safety-driver,Cruise,5G21A6P09L4100084,3733.39,0
2020,safety-driver,Cruise,5G21A6P09L4100103,7370.47,0
2020,safety-driver,Cruise,5G21A6P09L4100117,4240.27,0
2020,safety-driver,Cruise,5G21A6P09L4100120,10918.81,0
2020,safety-driver,Cruise,5G21A6P09L4100134,4190.98,0
2020,safety-driver,Cruise,5G21A6P09L4100165,10326.98,0
2020,safety-driver,Cruise,5G21A6P09L4100179,7157.98,0
2020,safety-driver,Cruise,5G21A6P09L4100182,2560.88,0
2020,safety-driver,Cruise,5G21A6P0XL4100014,7020.26,0
2020,safety-driver,Cruise,5G21A6P0XL4100045,3206.84,0
2020,safety-driver,Cruise,5G21A6P0XL4100059,4286.17,0
2020,safety-driver,Cruise,5G21A6P0XL4100062,544.62,0
2020,safety-driver,Cruise,5G21A6P0XL4100076,4992.59,0
2020,safety-driver,Cruise,5G21A6P0XL4100126,2571.4,0
2020,safety-driver,Cruise,5G21A6P0XL4100143,8834.88,0
2020,safety-driver,Cruise,5G21A6P0XL4100160,5124.33,0
2020,safety-driver,Cruise,5G21A6P0XL4100174,18.19,0
2020,safety-driver,Cruise,5G21A6P0XL4100188,6473.63,0
2020,safety-driver,Cruise,5G21A6P0XL4100191,6727.43,0
2020,safety-driver,Cruise,5G21A6P0XL4110753,2982.64,0
2020,safety-driver,DiDi,1N4AZ1CP5KC300293,11.7,0
2020,safety-driver,DiDi,1N4AZ1CP6JC304058,5.28,0
2020,safety-driver,DiDi,3LN6L5LU2HR663008,1280.39,0
2020,safety-driver,DiDi,3LN6L5LU5JR619400,1626.24,0
2020,safety-driver,DiDi,3LN6L5MU0JR618055,918.75,0
2020,safety-driver,DiDi,3LN6L5MU1JR609431,444.32,0
2020,safety-driver,DiDi,3LN6L5MU3JR619538,1134.73,1
2020,safety-driver,DiDi,3LN6L5MU4JR608032,395.83,1
2020,safety-driver,DiDi,3LN6L5MU4JR609133,828.79,0
2020,safety-driver,DiDi,3LN6L5MU4JR611142,1480.61,0
2020,safety-driver,DiDi,3LN6L5MU5JR618049,824.85,0
2020,safety-driver,DiDi,3LN6L5MU7JR611619,1450.0,0
2020,safety-driver,EasyMile,VJRD1A10224000022,424.0,128
2020,safety-driver,Gatik,52CG2DGA7J0017503,0.0,0
2020,safety-driver,Gatik,NM0GS9F26K1412410,2352.0,11
2020,safety-driver,Gatik,NM0LS7F25K1413020,0.0,0
2020,safety-driver,Lyft,3FA6P0RU0HR408592,3539.813616,12
2020,safety-driver,Lyft,3FA6P0RU0JR149057,1921.280703,9
2020,safety-driver,Lyft,3FA6P0RU0JR149687,1158.957415,5
2020,safety-driver,Lyft,3FA6P0RU1HR350928,767.9194904,5
2020,safety-driver,Lyft,3FA6P0RU1KR135721,1182.518948,4
2020,safety-driver,Lyft,3FA6P0RU1KR135962,1552.067445,4
2020,safety-driver,Lyft,3FA6P0RU2JR120045,1830.019719,1
2020,safety-driver,Lyft,3FA6P0RU2JR144443,1419.952907,5
2020,safety-driver,Lyft,3FA6P0RU2JR158004,1227.79441,9
2020,safety-driver,Lyft,3FA6P0RU2JR203832,905.1008301,11
2020,safety-driver,Lyft,3FA6P0RU2KR104428,813.724693,10
2020,safety-driver,Lyft,3FA6P0RU3HR399516,3277.929912,10
2020,safety-driver,Lyft,3FA6P0RU3JR214046,1449.309905,6
2020,safety-driver,Lyft,3FA6P0RU3KR135669,2685.862092,12
2020,safety-driver,Lyft,3FA6P0RU5JR274913,2471.460801,3
2020,safety-driver,Lyft,3FA6P0RU7JR157950,1436.246219,6
2020,safety-driver,Lyft,3FA6P0RU7KR136100,1566.593707,2
2020,safety-driver,Lyft,3FA6P0RUXJR158090,1173.66106,2
2020,safety-driver,Lyft,3FA6P0RUXKR136012,2351.144539,7
2020,safety-driver,Mercedes-Benz,W1K6G7GBXMA000924,1734.25,8
2020,safety-driver,Mercedes-Benz,WDD2221591A417319,1347.01,77
2020,safety-driver,Mercedes-Benz,WDD2221591A470147,887.17,187
2020,safety-driver,Mercedes-Benz,WDD2221591A470238,3774.17,233
2020,safety-driver,Mercedes-Benz,WDD2221591A470497,2930.78,273
2020,safety-driver,Mercedes-Benz,WDD2221591A470500,990.52,123
2020,safety-driver,Mercedes-Benz,WDD2221591A470502,1112.62,57
2020,safety-driver,Mercedes-Benz,WDD2221591A470796,748.37,172
2020,safety-driver,Mercedes-Benz,WDDUG8GB3JA405273,15849.31,33
2020,safety-driver,Mercedes-Benz,WDDUG8GB9KA439459,609.6,4
2020,safety-driver,NVIDIA,3FA6P0RU2HR403815,157.0,7
2020,safety-driver,NVIDIA,3FA6P0RU6HR272968,723.0,42
2020,safety-driver,NVIDIA,3FA6P0RU7JR158970,617.0,20
2020,safety-driver,NVIDIA,3FA6P0RU9JR158968,142.0,15
2020,safety-driver,NVIDIA,3FA6P0RUXHR247670,62.0,10
2020,safety-driver,NVIDIA,3FA6PORU8HR293837,266.0,16
2020,safety-driver,NVIDIA,3FA6PORUOJR158969,1066.0,15
2020,safety-driver,Nissan,1N4BZ0CP6GC302978,1.5,2
2020,safety-driver,Nissan,1N4BZ0CP6GC311826,0.0,0
2020,safety-driver,Nissan,JN1BV7AP1EM685949,0.0,0
2020,safety-driver,Nissan,JN1BV7AP3FM349849,393.0,2
2020,safety-driver,Nuro,1N90NUR06KR385008,9.38,0
2020,safety-driver,Nuro,JTDKARFU0L3104642,1874.51,0
2020,safety-driver,Nuro,JTDKN3DP0C3014583,1959.74,0
2020,safety-driver,Nuro,JTDKN3DP1C3010476,73.89,0
2020,safety-driver,Nuro,JTDKN3DP2C3004167,1497.53,0
2020,safety-driver,Nuro,JTDKN3DP2C3011362,4862.8,2
2020,safety-driver,Nuro,JTDKN3DP3C3008373,96.6,0
2020,safety-driver,Nuro,JTDKN3DP3C3011760,4139.62,1
2020,safety-driver,Nuro,JTDKN3DP3C3020295,3731.3,2
2020,safety-driver,Nuro,JTDKN3DP3D3041696,7754.29,0
2020,safety-driver,Nuro,JTDKN3DP4F3074838,2271.08,0
2020,safety-driver,Nuro,JTDKN3DP5C3001652,298.07,0
2020,safety-driver,Nuro,JTDKN3DP5C3006401,60.82,0
2020,safety-driver,Nuro,JTDKN3DP6D3042602,5463.25,1
2020,safety-driver,Nuro,JTDKN3DP8D3037837,2375.47,1
2020,safety-driver,Nuro,JTDKN3DP8D3041242,1912.3,0
2020,safety-driver,Nuro,JTDKN3DP9C3015182,3597.53,0
2020,safety-driver,Nuro,JTDKN3DPXC3004725,1819.22,2
2020,safety-driver,Nuro,JTDKN3DPXE3050185,4569.29,1
2020,safety-driver,Nuro,JTDKN3DPXF3070616,7003.15,1
2020,safety-driver,Pony.ai,3LN6L5LU3JR627494,11954.0,2
2020,safety-driver,Pony.ai,3LN6L5LU5JR601477,12754.0,2
2020,safety-driver,Pony.ai,3LN6L5LU5JR626122,5850.0,1
2020,safety-driver,Pony.ai,3LN6L5LU6HR6267668,13136.0,1
2020,safety-driver,Pony.ai,3LN6L5MU0JR608710,13782.0,2
2020,safety-driver,Pony.ai,3LN6L5MU3KR620979,9594.0,2
2020,safety-driver,Pony.ai,3LN6L5MU5HR634813,12901.0,0
2020,safety-driver,Pony.ai,3LN6L5MU9HR606240,0.0,0
2020,safety-driver,Pony.ai,3LN6L5MU9KR623692,9644.0,1
2020,safety-driver,Pony.ai,3LN6L5MUXHR603170,0.0,0
2020,safety-driver,Pony.ai,JTDKARFU2J3060995,3517.0,0
2020,safety-driver,Pony.ai,JTDKARFU5J3549486,2116.0,0
2020,safety-driver,Pony.ai,KM8K23AG0KU030901,12698.0,1
2020,safety-driver,Pony.ai,KM8K23AG2KU030916,15982.0,1
2020,safety-driver,Pony.ai,KM8K23AG3LU072335,58.0,0
2020,safety-driver,Pony.ai,KM8K23AG4KU030822,13335.0,1
2020,safety-driver,Pony.ai,KM8K23AG4KU030836,12102.0,0
2020,safety-driver,Pony.ai,KM8K23AG4LU072537,0.0,0
2020,safety-driver,Pony.ai,KM8K23AG5KU030909,8818.0,0
2020,safety-driver,Pony.ai,KM8K23AG5LU072529,0.0,0
2020,safety-driver,Pony.ai,KM8K23AG5LU072708,2111.0,1
2020,safety-driver,Pony.ai,KM8K23AG6KU030241,10300.0,1
2020,safety-driver,Pony.ai,KM8K23AG6KU030255,10856.0,0
2020,safety-driver,Pony.ai,KM8K23AG7KU030829,9550.0,2
2020,safety-driver,Pony.ai,KM8K23AG7KU030894,15907.0,1
2020,safety-driver,Pony.ai,KM8K23AG7LU072497,1876.0,1
2020,safety-driver,Pony.ai,KM8K23AG9KU030248,13373.0,1
2020,safety-driver,Pony.ai,KM8K31AG9JU000075,0.0,0
2020,safety-driver,Pony.ai,KM8K33AG2KU054517,3282.0,0
2020,safety-driver,Qualcomm,3LN6L5LU0HR663007,1075.0,29
2020,safety-driver,Qualcomm,3LN6L5LU9HR650658,184.0,23
2020,safety-driver,Qualcomm,3LN6L5MU1JR627234,468.0,38
2020,safety-driver,Ridecell,3FA6P0RU5JR110979,147.63,189
2020,safety-driver,SF Motors,3LN6L5LU4JR627181,728.43,48
2020,safety-driver,SF Motors,3LN6L5MU5HR665513,146.26,13
2020,safety-driver,Telenav,3LN6L2LU7GR627456,4.0,2
2020,safety-driver,Toyota Research Institute,JTHCYLFF0J5001364,583.0,114
2020,safety-driver,Toyota Research Institute,JTHCYLFF9J5001363,325.0,191
2020,safety-driver,Toyota Research Institute,JTHCYLFFXJ5001291,623.0,110
2020,safety-driver,Toyota Research Institute,JTHDU1EF0G5020107,280.0,190
2020,safety-driver,Toyota Research Institute,JTHDU1EF0G5020124,293.0,218
2020,safety-driver,Toyota Research Institute,JTHDU1EF3G5020098,444.0,228
2020,safety-driver,Toyota Research Institute,JTHDU1EF6G5020094,327.0,164
2020,safety-driver,Udelv,NM0LE7F71J1361953,0.0,0
2020,safety-driver,Udelv,NM0LS7F79J1360493,66.0,49
2020,safety-driver,Valeo,1V2NR2CA2JC509341,0.0,0
2020,safety-driver,Valeo,SALVN2BG7FH960125,49.0,99
2020,safety-driver,Waymo,2C4RC1K70HR534647,0.0,0
2020,safety-driver,Waymo,2C4RC1K70HR534650,1299.1,0
2020,safety-driver,Waymo,2C4RC1K70HR534664,2658.6,0
2020,safety-driver,Waymo,2C4RC1K70HR534681,5598.4,0
2020,safety-driver,Waymo,2C4RC1K70HR534695,1266.6,0
2020,safety-driver,Waymo,2C4RC1K70HR797298,0.0,0
2020,safety-driver,Waymo,2C4RC1K70HR797317,978.0,0
2020,safety-driver,Waymo,2C4RC1K70HR797365,0.1,0
2020,safety-driver,Waymo,2C4RC1K70HR797379,13227.5,0
2020,safety-driver,Waymo,2C4RC1K70HR797415,650.2,0
2020,safety-driver,Waymo,2C4RC1K70HR805478,6277.0,0
2020,safety-driver,Waymo,2C4RC1K70HR805481,6.8,0
2020,safety-driver,Waymo,2C4RC1K70HR827271,13079.3,1
2020,safety-driver,Waymo,2C4RC1K70HR833796,9941.0,1
2020,safety-driver,Waymo,2C4RC1K70HR833877,3980.3,0
2020,safety-driver,Waymo,2C4RC1K70HR836181,0.0,0
2020,safety-driver,Waymo,2C4RC1K71HR534642,0.0,0
2020,safety-driver,Waymo,2C4RC1K71HR534673,2887.6,0
2020,safety-driver,Waymo,2C4RC1K71HR534687,3461.2,0
2020,safety-driver,Waymo,2C4RC1K71HR695699,6100.3,1
2020,safety-driver,Waymo,2C4RC1K71HR797293,0.0,0
2020,safety-driver,Waymo,2C4RC1K71HR797343,9965.0,0
2020,safety-driver,Waymo,2C4RC1K71HR805490,0.0,0
2020,safety-driver,Waymo,2C4RC1K71HR805523,95.7,0
2020,safety-driver,Waymo,2C4RC1K71HR822192,41.3,0
2020,safety-driver,Waymo,2C4RC1K71HR822208,149.2,0
2020,safety-driver,Waymo,2C4RC1K71HR833810,404.3,0
2020,safety-driver,Waymo,2C4RC1K71HR833838,38.0,0
2020,safety-driver,Waymo,2C4RC1K71HR833841,767.7,0
2020,safety-driver,Waymo,2C4RC1K72HR534665,6509.4,0
2020,safety-driver,Waymo,2C4RC1K72HR534696,4438.5,0
2020,safety-driver,Waymo,2C4RC1K72HR534701,3275.7,0
2020,safety-driver,Waymo,2C4RC1K72HR797318,6488.5,0
2020,safety-driver,Waymo,2C4RC1K72HR805465,1719.9,0
2020,safety-driver,Waymo,2C4RC1K72HR824243,844.7,0
2020,safety-driver,Waymo,2C4RC1K72HR827238,7432.3,0
2020,safety-driver,Waymo,2C4RC1K72HR833816,779.6,0
2020,safety-driver,Waymo,2C4RC1K72HR836179,6300.8,0
2020,safety-driver,Waymo,2C4RC1K73HR534643,0.0,0
2020,safety-driver,Waymo,2C4RC1K73HR534660,8918.9,0
2020,safety-driver,Waymo,2C4RC1K73HR534674,3076.0,0
2020,safety-driver,Waymo,2C4RC1K73HR534691,5388.4,0
2020,safety-driver,Waymo,2C4RC1K73HR534710,971.6,0
2020,safety-driver,Waymo,2C4RC1K73HR695705,4026.9,0
2020,safety-driver,Waymo,2C4RC1K73HR786120,14.0,0
2020,safety-driver,Waymo,2C4RC1K73HR797294,0.0,0
2020,safety-driver,Waymo,2C4RC1K73HR797330,10014.5,0
2020,safety-driver,Waymo,2C4RC1K73HR797358,11796.6,0
2020,safety-driver,Waymo,2C4RC1K73HR797361,3974.3,0
2020,safety-driver,Waymo,2C4RC1K73HR797375,825.0,0
2020,safety-driver,Waymo,2C4RC1K73HR797389,10376.9,0
2020,safety-driver,Waymo,2C4RC1K73HR805488,108.3,0
2020,safety-driver,Waymo,2C4RC1K73HR805510,0.0,0
2020,safety-driver,Waymo,2C4RC1K73HR822193,547.2,0
2020,safety-driver,Waymo,2C4RC1K73HR827264,619.0,0
2020,safety-driver,Waymo,2C4RC1K73HR833758,9163.7,0
2020,safety-driver,Waymo,2C4RC1K73HR833808,1396.2,0
2020,safety-driver,Waymo,2C4RC1K73HR833842,11822.8,1
2020,safety-driver,Waymo,2C4RC1K73HR833856,533.5,0
2020,safety-driver,Waymo,2C4RC1K73HR833873,1168.6,0
2020,safety-driver,Waymo,2C4RC1K74HR534635,0.0,0
2020,safety-driver,Waymo,2C4RC1K74HR534652,1531.1,0
2020,safety-driver,Waymo,2C4RC1K74HR534666,839.1,0
2020,safety-driver,Waymo,2C4RC1K74HR534697,0.0,0
2020,safety-driver,Waymo,2C4RC1K74HR695700,3774.3,0
2020,safety-driver,Waymo,2C4RC1K74HR797322,841.2,0
2020,safety-driver,Waymo,2C4RC1K74HR797353,1072.6,0
2020,safety-driver,Waymo,2C4RC1K74HR797367,144.5,0
2020,safety-driver,Waymo,2C4RC1K74HR797398,0.0,0
2020,safety-driver,Waymo,2C4RC1K74HR805466,9477.8,0
2020,safety-driver,Waymo,2C4RC1K74HR805497,13717.8,0
2020,safety-driver,Waymo,2C4RC1K74HR805516,5064.2,3
2020,safety-driver,Waymo,2C4RC1K74HR824227,0.0,0
2020,safety-driver,Waymo,2C4RC1K74HR827239,16757.0,0
2020,safety-driver,Waymo,2C4RC1K74HR827242,358.6,0
2020,safety-driver,Waymo,2C4RC1K74HR833879,15439.3,0
2020,safety-driver,Waymo,2C4RC1K75HR534644,0.0,0
2020,safety-driver,Waymo,2C4RC1K75HR534658,148.8,0
2020,safety-driver,Waymo,2C4RC1K75HR534708,0.0,0
2020,safety-driver,Waymo,2C4RC1K75HR695690,3189.1,0
2020,safety-driver,Waymo,2C4RC1K75HR695706,3033.3,1
2020,safety-driver,Waymo,2C4RC1K75HR786121,71.8,0
2020,safety-driver,Waymo,2C4RC1K75HR797295,370.1,0
2020,safety-driver,Waymo,2C4RC1K75HR797345,6463.7,1
2020,safety-driver,Waymo,2C4RC1K75HR797362,16047.2,0
2020,safety-driver,Waymo,2C4RC1K75HR805461,1573.1,0
2020,safety-driver,Waymo,2C4RC1K75HR805489,114.0,0
2020,safety-driver,Waymo,2C4RC1K75HR805508,122.0,0
2020,safety-driver,Waymo,2C4RC1K75HR812331,11702.2,0
2020,safety-driver,Waymo,2C4RC1K75HR822194,607.9,0
2020,safety-driver,Waymo,2C4RC1K75HR827234,1420.3,0
2020,safety-driver,Waymo,2C4RC1K75HR827265,1426.8,0
2020,safety-driver,Waymo,2C4RC1K75HR833759,284.5,0
2020,safety-driver,Waymo,2C4RC1K75HR833857,224.4,0
2020,safety-driver,Waymo,2C4RC1K76HR534653,5201.4,0
2020,safety-driver,Waymo,2C4RC1K76HR534667,0.0,0
2020,safety-driver,Waymo,2C4RC1K76HR534670,3356.2,0
2020,safety-driver,Waymo,2C4RC1K76HR534684,0.0,0
2020,safety-driver,Waymo,2C4RC1K76HR534698,2944.6,1
2020,safety-driver,Waymo,2C4RC1K76HR534703,3702.5,0
2020,safety-driver,Waymo,2C4RC1K76HR695696,5088.5,0
2020,safety-driver,Waymo,2C4RC1K76HR695701,0.0,0
2020,safety-driver,Waymo,2C4RC1K76HR797354,2778.7,0
2020,safety-driver,Waymo,2C4RC1K76HR797399,435.5,0
2020,safety-driver,Waymo,2C4RC1K76HR797404,12928.2,2
2020,safety-driver,Waymo,2C4RC1K76HR805453,1634.2,0
2020,safety-driver,Waymo,2C4RC1K76HR805467,204.7,0
2020,safety-driver,Waymo,2C4RC1K76HR822205,14522.1,0
2020,safety-driver,Waymo,2C4RC1K76HR824228,0.0,0
2020,safety-driver,Waymo,2C4RC1K76HR824259,213.6,0
2020,safety-driver,Waymo,2C4RC1K76HR833785,2013.2,0
2020,safety-driver,Waymo,2C4RC1K76HR833835,5167.0,0
2020,safety-driver,Waymo,2C4RC1K77HR534645,3131.5,0
2020,safety-driver,Waymo,2C4RC1K77HR534659,2679.0,0
2020,safety-driver,Waymo,2C4RC1K77HR534662,2945.0,0
2020,safety-driver,Waymo,2C4RC1K77HR534676,202.1,0
2020,safety-driver,Waymo,2C4RC1K77HR534693,1677.6,0
2020,safety-driver,Waymo,2C4RC1K77HR695691,0.0,0
2020,safety-driver,Waymo,2C4RC1K77HR786122,279.9,0
2020,safety-driver,Waymo,2C4RC1K77HR805512,7609.7,2
2020,safety-driver,Waymo,2C4RC1K77HR833827,10997.1,0
2020,safety-driver,Waymo,2C4RC1K77HR833858,1111.8,0
2020,safety-driver,Waymo,2C4RC1K77HR833889,3.1,0
2020,safety-driver,Waymo,2C4RC1K78HR534637,409.0,0
2020,safety-driver,Waymo,2C4RC1K78HR534640,0.0,0
2020,safety-driver,Waymo,2C4RC1K78HR534699,388.1,0
2020,safety-driver,Waymo,2C4RC1K78HR534704,0.0,0
2020,safety-driver,Waymo,2C4RC1K78HR695697,1344.6,0
2020,safety-driver,Waymo,2C4RC1K78HR695702,2833.8,0
2020,safety-driver,Waymo,2C4RC1K78HR797324,17126.1,1
2020,safety-driver,Waymo,2C4RC1K78HR797338,0.0,0
2020,safety-driver,Waymo,2C4RC1K78HR797355,12102.7,0
2020,safety-driver,Waymo,2C4RC1K78HR797386,429.5,0
2020,safety-driver,Waymo,2C4RC1K78HR797405,10142.5,0
2020,safety-driver,Waymo,2C4RC1K78HR805485,185.5,0
2020,safety-driver,Waymo,2C4RC1K78HR805518,8490.2,0
2020,safety-driver,Waymo,2C4RC1K78HR824232,0.0,0
2020,safety-driver,Waymo,2C4RC1K78HR833769,7796.2,0
2020,safety-driver,Waymo,2C4RC1K78HR833772,13932.0,0
2020,safety-driver,Waymo,2C4RC1K78HR833867,8384.3,0
2020,safety-driver,Waymo,2C4RC1K78HR833870,105.3,0
2020,safety-driver,Waymo,2C4RC1K79HR534677,1589.5,0
2020,safety-driver,Waymo,2C4RC1K79HR534680,0.0,0
2020,safety-driver,Waymo,2C4RC1K79HR534694,0.0,0
2020,safety-driver,Waymo,2C4RC1K79HR786123,137.6,0
2020,safety-driver,Waymo,2C4RC1K79HR797378,727.2,0
2020,safety-driver,Waymo,2C4RC1K79HR797381,17269.9,0
2020,safety-driver,Waymo,2C4RC1K79HR822215,10584.3,1
2020,safety-driver,Waymo,2C4RC1K79HR824255,6754.0,0
2020,safety-driver,Waymo,2C4RC1K79HR827253,0.0,0
2020,safety-driver,Waymo,2C4RC1K79HR833778,3.2,0
2020,safety-driver,Waymo,2C4RC1K79HR833859,9243.3,1
2020,safety-driver,Waymo,2C4RC1K7XHR534641,945.4,0
2020,safety-driver,Waymo,2C4RC1K7XHR534672,1145.4,0
2020,safety-driver,Waymo,2C4RC1K7XHR534686,0.0,0
2020,safety-driver,Waymo,2C4RC1K7XHR534705,4238.5,1
2020,safety-driver,Waymo,2C4RC1K7XHR695698,2653.6,0
2020,safety-driver,Waymo,2C4RC1K7XHR797308,8589.6,0
2020,safety-driver,Waymo,2C4RC1K7XHR797325,12252.2,1
2020,safety-driver,Waymo,2C4RC1K7XHR805455,10591.8,2
2020,safety-driver,Waymo,2C4RC1K7XHR805486,5388.3,0
2020,safety-driver,Waymo,2C4RC1K7XHR822188,14947.6,0
2020,safety-driver,Waymo,2C4RC1K7XHR822207,77.9,0
2020,safety-driver,Waymo,2C4RC1K7XHR827231,7010.2,0
2020,safety-driver,Waymo,2C4RC1K7XHR827262,10302.5,0
2020,safety-driver,Waymo,2C4RC1K7XHR833756,193.1,0
2020,safety-driver,Waymo,2C4RC1K7XHR833787,6690.2,0
2020,safety-driver,Waymo,2C4RC1K7XHR833854,1385.1,0
2020,safety-driver,Waymo,2C4RC1K7XHR833885,3.1,0
2020,safety-driver,Waymo,SADHW2S10M1602680,0.0,0
2020,safety-driver,Waymo,SADHW2S10M1X06473,0.0,0
2020,safety-driver,Waymo,SADHW2S10M1X06487,0.0,0
2020,safety-driver,Waymo,SADHW2S11M1602073,0.0,0
2020,safety-driver,Waymo,SADHW2S11M1602610,0.0,0
2020,safety-driver,Waymo,SADHW2S11M1602624,0.0,0
2020,safety-driver,Waymo,SADHW2S11M1602641,0.0,0
2020,safety-driver,Waymo,SADHW2S11M1602669,0.0,0
2020,safety-driver,Waymo,SADHW2S11M1602672,0.0,0
2020,safety-driver,Waymo,SADHW2S11M1602686,0.0,0
2020,safety-driver,Waymo,SADHW2S11M1X06448,0.0,0
2020,safety-driver,Waymo,SADHW2S11M1X06465,0.0,0
2020,safety-driver,Waymo,SADHW2S11M1X06479,0.0,0
2020,safety-driver,Waymo,SADHW2S11M1X06482,0.0,0
2020,safety-driver,Waymo,SADHW2S12M1602664,0.0,0
2020,safety-driver,Waymo,SADHW2S12M1602678,0.0,0
2020,safety-driver,Waymo,SADHW2S12M1602681,0.0,0
2020,safety-driver,Waymo,SADHW2S12M1X06474,228.5,0
2020,safety-driver,Waymo,SADHW2S13M1602673,0.0,0
2020,safety-driver,Waymo,SADHW2S13M1602690,0.0,0
2020,safety-driver,Waymo,SADHW2S13M1602706,0.0,0
2020,safety-driver,Waymo,SADHW2S13M1X06466,0.0,0
2020,safety-driver,Waymo,SADHW2S14M1602343,0.0,0
2020,safety-driver,Waymo,SADHW2S14M1602584,0.0,0
2020,safety-driver,Waymo,SADHW2S14M1602665,0.0,0
2020,safety-driver,Waymo,SADHW2S14M1602679,0.0,0
2020,safety-driver,Waymo,SADHW2S14M1602682,0.0,0
2020,safety-driver,Waymo,SADHW2S14M1602696,0.0,0
2020,safety-driver,Waymo,SADHW2S14M1602701,0.0,0
2020,safety-driver,Waymo,SADHW2S14M1X06475,0.0,0
2020,safety-driver,Waymo,SADHW2S15M1602660,0.0,0
2020,safety-driver,Waymo,SADHW2S15M1602688,0.0,0
2020,safety-driver,Waymo,SADHW2S15M1602691,0.0,0
2020,safety-driver,Waymo,SADHW2S15M1X06467,0.0,0
2020,safety-driver,Waymo,SADHW2S15M1X06468,26.4,0
2020,safety-driver,Waymo,SADHW2S15M1X06470,0.0,0
2020,safety-driver,Waymo,SADHW2S15M1X06484,121.5,0
2020,safety-driver,Waymo,SADHW2S16M1601985,0.0,0
2020,safety-driver,Waymo,SADHW2S16M1602618,0.0,0
2020,safety-driver,Waymo,SADHW2S16M1602621,0.0,0
2020,safety-driver,Waymo,SADHW2S16M1602697,0.0,0
2020,safety-driver,Waymo,SADHW2S16M1602702,0.0,0
2020,safety-driver,Waymo,SADHW2S16M1X06462,0.0,0
2020,safety-driver,Waymo,SADHW2S16M1X06476,0.0,0
2020,safety-driver,Waymo,SADHW2S17M1602661,19.9,0
2020,safety-driver,Waymo,SADHW2S17M1X06471,0.0,0
2020,safety-driver,Waymo,SADHW2S18M1602670,0.0,0
2020,safety-driver,Waymo,SADHW2S18M1602684,0.0,0
2020,safety-driver,Waymo,SADHW2S18M1602698,0.0,0
2020,safety-driver,Waymo,SADHW2S18M1602703,0.0,0
2020,safety-driver,Waymo,SADHW2S18M1X06477,0.0,0
2020,safety-driver,Waymo,SADHW2S18M1X06480,0.0,0
2020,safety-driver,Waymo,SADHW2S19M1602614,0.0,0
2020,safety-driver,Waymo,SADHW2S19M1602645,0.0,0
2020,safety-driver,Waymo,SADHW2S19M1602659,0.0,0
2020,safety-driver,Waymo,SADHW2S19M1602662,0.0,0
2020,safety-driver,Waymo,SADHW2S19M1602676,0.0,0
2020,safety-driver,Waymo,SADHW2S19M1602693,0.0,0
2020,safety-driver,Waymo,SADHW2S19M1X06469,0.0,0
2020,safety-driver,Waymo,SADHW2S19M1X06472,0.0,0
2020,safety-driver,Waymo,SADHW2S19M1X06486,0.0,0
2020,safety-driver,Waymo,SADHW2S1XM1602587,0.0,0
2020,safety-driver,Waymo,SADHW2S1XM1602637,0.0,0
2020,safety-driver,Waymo,SADHW2S1XM1602668,0.0,0
2020,safety-driver,Waymo,SADHW2S1XM1602671,0.0,0
2020,safety-driver,Waymo,SADHW2S1XM1602685,0.0,0
2020,safety-driver,Waymo,SADHW2S1XM1602699,0.0,0
2020,safety-driver,Waymo,SADHW2S1XM1602735,0.0,0
2020,safety-driver,Waymo,SADHW2S1XM1X06478,0.0,0
2020,safety-driver,Waymo,SADHW2S1XM1X06481,0.0,0
2020,safety-driver,WeRide,1N4AZ1CP2KC305130,2756.0,1
2020,safety-driver,WeRide,1N4AZ1CP3KC301099,318.0,0
2020,safety-driver,WeRide,1N4AZ1CP3KC305048,0.0,0
2020,safety-driver,WeRide,1N4AZ1CP5J3C31550,30.0,0
2020,safety-driver,WeRide,3LN6L5LU1HR638729,1037.0,0
2020,safety-driver,WeRide,3LN6L5LU3HR640854,0.0,0
2020,safety-driver,WeRide,3LN6L5LU4HR637607,609.0,0
2020,safety-driver,WeRide,3LN6L5MU1HR637773,4666.0,1
2020,safety-driver,WeRide,3LN6L5MU2HR654727,3598.0,0
2020,safety-driver,Zoox,~0015,2730.0,0
2020,safety-driver,Zoox,~0224,2122.0,0
2020,safety-driver,Zoox,~0245,939.0,0
2020,safety-driver,Zoox,~0268,3927.0,4
2020,safety-driver,Zoox,~0384,2359.0,5
2020,safety-driver,Zoox,~0496,2693.0,3
2020,safety-driver,Zoox,~0658,4366.0,5
2020,safety-driver,Zoox,~3880,4573.0,3
2020,safety-driver,Zoox,~3994,3217.0,1
2020,safety-driver,Zoox,~4366,3533.0,0
2020,safety-driver,Zoox,~4810,3362.0,1
2020,safety-driver,Zoox,~4880,918.0,0
2020,safety-driver,Zoox,~4961,558.0,0
2020,safety-driver,Zoox,~5009,227.0,0
2020,safety-driver,Zoox,~5016,1246.0,0
2020,safety-driver,Zoox,~5195,4726.0,7
2020,safety-driver,Zoox,~5200,1585.0,1
2020,safety-driver,Zoox,~5225,3999.0,0
2020,safety-driver,Zoox,~5257,5109.0,4
2020,safety-driver,Zoox,~5349,2196.0,0
2020,safety-driver,Zoox,~5424,881.0,0
2020,safety-driver,Zoox,~5502,452.0,0
2020,safety-driver,Zoox,~5631,2330.0,2
2020,safety-driver,Zoox,~5632,2776.0,0
2020,safety-driver,Zoox,~5678,1494.0,1
2020,safety-driver,Zoox,~5942,1446.0,0
2020,safety-driver,Zoox,~6144,1761.0,2
2020,safety-driver,Zoox,~6321,174.0,0
2020,safety-driver,Zoox,~6607,3435.0,2
2020,safety-driver,Zoox,~6725,2947.0,5
2020,safety-driver,Zoox,~6810,484.0,0
2020,safety-driver,Zoox,~6839,3284.0,2
2020,safety-driver,Zoox,~7014,2831.0,4
2020,safety-driver,Zoox,~7379,3822.0,3
2020,safety-driver,Zoox,~7625,2322.0,1
2020,safety-driver,Zoox,~7703,3236.0,3
2020,safety-driver,Zoox,~7818,3858.0,1
2020,safety-driver,Zoox,~8451,20.0,0
2020,safety-driver,Zoox,~8456,3340.0,3
2020,safety-driver,Zoox,~8642,3414.0,0
2020,safety-driver,Zoox,~9454,8.0,0
2020,safety-driver,Zoox,~9501,1963.0,0
2020,safety-driver,Zoox,~9781,314.0,0
2020,safety-driver,Zoox,~9908,1.0,0
2020,safety-driver,Zoox,~9989,1543.0,0
2020,safety-driver,aiMotive,JTDKN3DU2A5101201,543.0,25
2020,safety-driver,aiMotive,JTDKN3DU5A1092792,215.0,69
2020,safety-driver,aiMotive,JTDKN3DU9A0059509,2229.0,19
2021,safety-driver,Apollo,2T2BGMCA5JC021381,0.0,0
2021,safety-driver,Apollo,3LN6L2LU4GR629715,637.46,0
2021,safety-driver,Apollo,3LN6L2LU5GR607996,0.0,0
2021,safety-driver,Apollo,3LN6L5LU1HR627987,0.0,0
2021,safety-driver,Apollo,3LN6L5LU2HR615153,830.04,1
2021,safety-driver,Apple,2T2BGMCA0GC007400,30.0,0
2021,safety-driver,Apple,2T2BGMCA0HC014753,3.0,0
2021,safety-driver,Apple,2T2BGMCA0HC016082,1.0,0
2021,safety-driver,Apple,2T2BGMCA0HC019709,3.0,0
2021,safety-driver,Apple,2T2BGMCA0HC019967,1060.0,10
2021,safety-driver,Apple,2T2BGMCA1HC014096,19.0,1
2021,safety-driver,Apple,2T2BGMCA2HC012521,2474.0,136
2021,safety-driver,Apple,2T2BGMCA2HC019338,659.0,51
2021,safety-driver,Apple,2T2BGMCA2HC020151,971.0,34
2021,safety-driver,Apple,2T2BGMCA3GC007861,32.0,5
2021,safety-driver,Apple,2T2BGMCA3GC007911,2.0,0
2021,safety-driver,Apple,2T2BGMCA3HC020062,56.0,2
2021,safety-driver,Apple,2T2BGMCA4HC016845,1.0,0
2021,safety-driver,Apple,2T2BGMCA4HC016912,20.0,0
2021,safety-driver,Apple,2T2BGMCA4HC019826,3.0,0
2021,safety-driver,Apple,2T2BGMCA4HC020118,939.0,52
2021,safety-driver,Apple,2T2BGMCA5HC014389,264.0,10
2021,safety-driver,Apple,2T2BGMCA5HC019432,0.0,0
2021,safety-driver,Apple,2T2BGMCA5HC019737,237.0,6
2021,safety-driver,Apple,2T2BGMCA5HC019818,517.0,44
2021,safety-driver,Apple,2T2BGMCA6GC007983,203.0,23
2021,safety-driver,Apple,2T2BGMCA6HC016667,1.0,0
2021,safety-driver,Apple,2T2BGMCA7GC007068,265.0,7
2021,safety-driver,Apple,2T2BGMCA7HC017262,528.0,8
2021,safety-driver,Apple,2T2BGMCA8GC003823,380.0,4
2021,safety-driver,Apple,2T2BGMCA8GC007371,250.0,8
2021,safety-driver,Apple,2T2BGMCA8GC008424,188.0,1
2021,safety-driver,Apple,2T2BGMCA8GC008505,1143.0,97
2021,safety-driver,Apple,2T2BGMCA8HC019540,1.0,0
2021,safety-driver,Apple,2T2BGMCA8HC020137,3.0,0
2021,safety-driver,Apple,2T2BGMCA9GC007394,56.0,0
2021,safety-driver,Apple,2T2BGMCA9GC008464,0.0,0
2021,safety-driver,Apple,2T2BGMCA9HC019126,12.0,0
2021,safety-driver,Apple,2T2BGMCA9HC019532,1513.0,126
2021,safety-driver,Apple,2T2BGMCAXGC006416,359.0,6
2021,safety-driver,Apple,2T2BGMCAXHC018082,858.0,17
2021,safety-driver,Apple,2T2BGMCAXHC020026,221.0,15
2021,safety-driver,Argo AI,1FMCU0DZ0LUA86381,0.0,0
2021,safety-driver,Argo AI,1FMCU0DZ0LUB20724,0.0,0
2021,safety-driver,Argo AI,1FMCU0DZ1LUA86373,0.0,0
2021,safety-driver,Argo AI,1FMCU0DZ5LUA86375,0.0,0
2021,safety-driver,Argo AI,1FMCU0DZ5LUA86392,0.0,0
2021,safety-driver,Argo AI,1FMCU0DZ5LUB20704,162.14,0
2021,safety-driver,Argo AI,1FMCU0DZ5LUB20718,522.24,0
2021,safety-driver,Argo AI,1FMCU0DZXLUB20701,0.0,0
2021,safety-driver,Argo AI,3FA6P0MU2KR100080,7996.35,0
2021,safety-driver,Argo AI,3FA6P0MU2KR100094,6833.67,0
2021,safety-driver,Argo AI,3FA6P0MU4KR100114,5724.75,0
2021,safety-driver,Argo AI,3FA6P0MU5KR100073,8231.13,0
2021,safety-driver,Argo AI,3FA6P0MU6KR100163,7263.59,1
2021,safety-driver,Aurora,2C4RC1N70LR200509,624.2,1
2021,safety-driver,Aurora,2C4RC1N73LR107175,4917.89,3
2021,safety-driver,Aurora,2C4RC1N73LR199436,1104.19,0
2021,safety-driver,Aurora,2C4RC1N75LR107176,1448.42,0
2021,safety-driver,Aurora,2C4RC1N75LR138959,1388.03,2
2021,safety-driver,Aurora,2C4RC1N77LR107177,2289.39,3
2021,safety-driver,Aurora,2C4RC1N79LR107181,874.95,0
2021,safety-driver,AutoX,2C4RC1N70LR289823,5073.0,0
2021,safety-driver,AutoX,2C4RC1N70RL235194,0.0,0
2021,safety-driver,AutoX,2C4RC1N71LR235088,0.0,0
2021,safety-driver,AutoX,2C4RC1N71LR235205,0.0,0
2021,safety-driver,AutoX,2C4RC1N72LR235195,0.0,0
2021,safety-driver,AutoX,2C4RC1N72LR235200,0.0,0
2021,safety-driver,AutoX,2C4RC1N72LR287877,6446.0,1
2021,safety-driver,AutoX,2C4RC1N72LR287880,0.0,0
2021,safety-driver,AutoX,2C4RC1N72LR289824,6358.0,0
2021,safety-driver,AutoX,2C4RC1N73JR229418,0.0,0
2021,safety-driver,AutoX,2C4RC1N73LR235089,0.0,0
2021,safety-driver,AutoX,2C4RC1N73LR235190,0.0,0
2021,safety-driver,AutoX,2C4RC1N73LR235206,0.0,0
2021,safety-driver,AutoX,2C4RC1N73LR235903,0.0,0
2021,safety-driver,AutoX,2C4RC1N74LR235196,0.0,0
2021,safety-driver,AutoX,2C4RC1N74LR235201,0.0,0
2021,safety-driver,AutoX,2C4RC1N74LR287878,0.0,0
2021,safety-driver,AutoX,2C4RC1N74LR287881,0.0,0
2021,safety-driver,AutoX,2C4RC1N74LR289825,0.0,0
2021,safety-driver,AutoX,2C4RC1N75LR235188,0.0,0
2021,safety-driver,AutoX,2C4RC1N75LR235191,0.0,0
2021,safety-driver,AutoX,2C4RC1N75LR235207,0.0,0
2021,safety-driver,AutoX,2C4RC1N75LR235904,0.0,0
2021,safety-driver,AutoX,2C4RC1N76LR235197,0.0,0
2021,safety-driver,AutoX,2C4RC1N76LR235202,0.0,0
2021,safety-driver,AutoX,2C4RC1N76LR287879,0.0,0
2021,safety-driver,AutoX,2C4RC1N76LR287882,0.0,0
2021,safety-driver,AutoX,2C4RC1N77LR196426,13997.0,0
2021,safety-driver,AutoX,2C4RC1N77LR235189,0.0,0
2021,safety-driver,AutoX,2C4RC1N77LR235192,0.0,0
2021,safety-driver,AutoX,2C4RC1N78LR235198,0.0,0
2021,safety-driver,AutoX,2C4RC1N78LR235203,0.0,0
2021,safety-driver,AutoX,2C4RC1N78LR239994,0.0,0
2021,safety-driver,AutoX,2C4RC1N79LR196427,10336.0,0
2021,safety-driver,AutoX,2C4RC1N79LR235193,0.0,0
2021,safety-driver,AutoX,2C4RC1N79LR289822,5912.0,0
2021,safety-driver,AutoX,2C4RC1N7XLR235087,0.0,0
2021,safety-driver,AutoX,2C4RC1N7XLR235199,0.0,0
2021,safety-driver,AutoX,2C4RC1N7XLR235204,0.0,0
2021,safety-driver,AutoX,3LN6L5MU5JR618391,0.0,0
2021,safety-driver,AutoX,3LN6L5MU9JR614778,0.0,0
2021,safety-driver,AutoX,3LN6L5MUXJR626177,1986.0,0
2021,safety-driver,AutoX,3LN6L5U1HR637709,0.0,0
2021,safety-driver,AutoX,3NL6L5MU8JR628090,0.0,0
2021,safety-driver,Cruise,5G21A6P00L4100006,5296.3,0
2021,safety-driver,Cruise,5G21A6P00L4100023,560.18,0
2021,safety-driver,Cruise,5G21A6P00L4100037,7564.93,3
2021,safety-driver,Cruise,5G21A6P00L4100040,9148.24,0
2021,safety-driver,Cruise,5G21A6P00L4100054,15.76,0
2021,safety-driver,Cruise,5G21A6P00L4100068,12566.6,0
2021,safety-driver,Cruise,5G21A6P00L4100071,6195.29,0
2021,safety-driver,Cruise,5G21A6P00L4100085,8879.99,0
2021,safety-driver,Cruise,5G21A6P00L4100104,11799.7,0
2021,safety-driver,Cruise,5G21A6P00L4100118,11836.74,0
2021,safety-driver,Cruise,5G21A6P00L4100121,4459.14,0
2021,safety-driver,Cruise,5G21A6P00L4100135,441.98,0
2021,safety-driver,Cruise,5G21A6P00L4100166,11256.61,0
2021,safety-driver,Cruise,5G21A6P00L4100183,1167.55,0
2021,safety-driver,Cruise,5G21A6P01L4100015,9.43,0
2021,safety-driver,Cruise,5G21A6P01L4100029,10943.81,1
2021,safety-driver,Cruise,5G21A6P01L4100032,7563.74,0
2021,safety-driver,Cruise,5G21A6P01L4100046,10794.15,0
2021,safety-driver,Cruise,5G21A6P01L4100077,14.97,0
2021,safety-driver,Cruise,5G21A6P01L4100127,10669.32,0
2021,safety-driver,Cruise,5G21A6P01L4100130,18.86,0
2021,safety-driver,Cruise,5G21A6P01L4100161,14.7,0
2021,safety-driver,Cruise,5G21A6P01L4100175,6133.95,0
2021,safety-driver,Cruise,5G21A6P01L4100189,12227.56,0
2021,safety-driver,Cruise,5G21A6P01L4100192,12653.03,1
2021,safety-driver,Cruise,5G21A6P02L4100010,15073.46,0
2021,safety-driver,Cruise,5G21A6P02L4100041,9019.39,0
2021,safety-driver,Cruise,5G21A6P02L4100069,10563.84,0
2021,safety-driver,Cruise,5G21A6P02L4100072,7969.92,0
2021,safety-driver,Cruise,5G21A6P02L4100086,8294.58,1
2021,safety-driver,Cruise,5G21A6P02L4100119,3024.07,0
2021,safety-driver,Cruise,5G21A6P02L4100122,8924.58,1
2021,safety-driver,Cruise,5G21A6P02L4100136,13949.19,1
2021,safety-driver,Cruise,5G21A6P02L4100167,5404.03,0
2021,safety-driver,Cruise,5G21A6P02L4100170,3715.57,0
2021,safety-driver,Cruise,5G21A6P02L4100184,9532.54,0
2021,safety-driver,Cruise,5G21A6P02L4110407,1067.86,0
2021,safety-driver,Cruise,5G21A6P03L4100016,13141.24,0
2021,safety-driver,Cruise,5G21A6P03L4100033,12252.67,0
2021,safety-driver,Cruise,5G21A6P03L4100047,13035.75,0
2021,safety-driver,Cruise,5G21A6P03L4100050,5978.92,0
2021,safety-driver,Cruise,5G21A6P03L4100078,583.99,0
2021,safety-driver,Cruise,5G21A6P03L4100128,0.18,0
2021,safety-driver,Cruise,5G21A6P03L4100131,29.99,0
2021,safety-driver,Cruise,5G21A6P03L4100159,9940.85,0
2021,safety-driver,Cruise,5G21A6P03L4100162,35.06,0
2021,safety-driver,Cruise,5G21A6P03L4100176,10443.61,1
2021,safety-driver,Cruise,5G21A6P03L4100193,11086.59,0
2021,safety-driver,Cruise,5G21A6P04L4100008,8938.43,0
2021,safety-driver,Cruise,5G21A6P04L4100011,998.85,0
2021,safety-driver,Cruise,5G21A6P04L4100025,407.97,0
2021,safety-driver,Cruise,5G21A6P04L4100039,0.06,0
2021,safety-driver,Cruise,5G21A6P04L4100042,81.46,0
2021,safety-driver,Cruise,5G21A6P04L4100073,11695.25,0
2021,safety-driver,Cruise,5G21A6P04L4100087,367.65,0
2021,safety-driver,Cruise,5G21A6P04L4100123,1573.8,0
2021,safety-driver,Cruise,5G21A6P04L4100140,5883.28,0
2021,safety-driver,Cruise,5G21A6P04L4100168,3888.06,0
2021,safety-driver,Cruise,5G21A6P04L4100171,2888.58,1
2021,safety-driver,Cruise,5G21A6P04L4100185,12587.19,0
2021,safety-driver,Cruise,5G21A6P04L4110408,13661.08,0
2021,safety-driver,Cruise,5G21A6P05L4100003,1461.28,0
2021,safety-driver,Cruise,5G21A6P05L4100017,597.09,0
2021,safety-driver,Cruise,5G21A6P05L4100048,11770.05,0
2021,safety-driver,Cruise,5G21A6P05L4100051,19.06,0
2021,safety-driver,Cruise,5G21A6P05L4100065,631.01,0
2021,safety-driver,Cruise,5G21A6P05L4100082,1950.3,0
2021,safety-driver,Cruise,5G21A6P05L4100115,11181.45,0
2021,safety-driver,Cruise,5G21A6P05L4100129,12322.3,0
2021,safety-driver,Cruise,5G21A6P05L4100132,11473.2,1
2021,safety-driver,Cruise,5G21A6P05L4100163,8.77,0
2021,safety-driver,Cruise,5G21A6P05L4100177,9604.66,0
2021,safety-driver,Cruise,5G21A6P05L4100180,6598.34,0
2021,safety-driver,Cruise,5G21A6P06L4100009,31.3,0
2021,safety-driver,Cruise,5G21A6P06L4100012,26.36,0
2021,safety-driver,Cruise,5G21A6P06L4100026,1058.49,0
2021,safety-driver,Cruise,5G21A6P06L4100043,11708.7,0
2021,safety-driver,Cruise,5G21A6P06L4100057,12420.37,0
2021,safety-driver,Cruise,5G21A6P06L4100060,1182.08,0
2021,safety-driver,Cruise,5G21A6P06L4100074,12218.36,0
2021,safety-driver,Cruise,5G21A6P06L4100124,13536.75,0
2021,safety-driver,Cruise,5G21A6P06L4100141,7734.66,1
2021,safety-driver,Cruise,5G21A6P06L4100169,9982.05,0
2021,safety-driver,Cruise,5G21A6P06L4100172,3651.71,0
2021,safety-driver,Cruise,5G21A6P06L4100186,846.41,0
2021,safety-driver,Cruise,5G21A6P06L4110751,1209.35,0
2021,safety-driver,Cruise,5G21A6P07L4100004,12838.0,1
2021,safety-driver,Cruise,5G21A6P07L4100021,27.08,0
2021,safety-driver,Cruise,5G21A6P07L4100035,716.42,0
2021,safety-driver,Cruise,5G21A6P07L4100049,11173.65,0
2021,safety-driver,Cruise,5G21A6P07L4100052,8621.66,0
2021,safety-driver,Cruise,5G21A6P07L4100066,12053.28,2
2021,safety-driver,Cruise,5G21A6P07L4100083,6884.17,0
2021,safety-driver,Cruise,5G21A6P07L4100102,11569.99,0
2021,safety-driver,Cruise,5G21A6P07L4100116,8349.87,1
2021,safety-driver,Cruise,5G21A6P07L4100133,29.26,0
2021,safety-driver,Cruise,5G21A6P07L4100164,8366.26,0
2021,safety-driver,Cruise,5G21A6P07L4100178,10467.79,0
2021,safety-driver,Cruise,5G21A6P07L4100181,11054.51,0
2021,safety-driver,Cruise,5G21A6P07N4118876,265.31,0
2021,safety-driver,Cruise,5G21A6P08L4100013,114.49,0
2021,safety-driver,Cruise,5G21A6P08L4100030,93.23,0
2021,safety-driver,Cruise,5G21A6P08L4100044,861.5,0
2021,safety-driver,Cruise,5G21A6P08L4100058,10649.3,0
2021,safety-driver,Cruise,5G21A6P08L4100061,9928.65,0
2021,safety-driver,Cruise,5G21A6P08L4100075,6968.91,0
2021,safety-driver,Cruise,5G21A6P08L4100125,4107.8,0
2021,safety-driver,Cruise,5G21A6P08L4100139,9945.95,0
2021,safety-driver,Cruise,5G21A6P08L4100142,11798.19,0
2021,safety-driver,Cruise,5G21A6P08L4100173,9944.8,0
2021,safety-driver,Cruise,5G21A6P08L4100187,12340.24,0
2021,safety-driver,Cruise,5G21A6P08L4110752,1441.18,0
2021,safety-driver,Cruise,5G21A6P09L4100005,56.55,0
2021,safety-driver,Cruise,5G21A6P09L4100022,45.03,0
2021,safety-driver,Cruise,5G21A6P09L4100053,36.08,0
2021,safety-driver,Cruise,5G21A6P09L4100067,5841.49,0
2021,safety-driver,Cruise,5G21A6P09L4100070,11163.83,1
2021,safety-driver,Cruise,5G21A6P09L4100084,10655.83,1
2021,safety-driver,Cruise,5G21A6P09L4100103,3348.15,0
2021,safety-driver,Cruise,5G21A6P09L4100117,7802.67,0
2021,safety-driver,Cruise,5G21A6P09L4100120,10856.68,1
2021,safety-driver,Cruise,5G21A6P09L4100134,53.63,0
2021,safety-driver,Cruise,5G21A6P09L4100165,13777.4,0
2021,safety-driver,Cruise,5G21A6P09L4100179,418.73,0
2021,safety-driver,Cruise,5G21A6P09L4100182,7768.35,0
2021,safety-driver,Cruise,5G21A6P0XL4100014,10541.48,1
2021,safety-driver,Cruise,5G21A6P0XL4100045,12384.52,0
2021,safety-driver,Cruise,5G21A6P0XL4100059,4795.89,0
2021,safety-driver,Cruise,5G21A6P0XL4100062,485.71,0
2021,safety-driver,Cruise,5G21A6P0XL4100076,11733.0,0
2021,safety-driver,Cruise,5G21A6P0XL4100126,30.5,0
2021,safety-driver,Cruise,5G21A6P0XL4100143,12716.1,0
2021,safety-driver,Cruise,5G21A6P0XL4100160,740.6,0
2021,safety-driver,Cruise,5G21A6P0XL4100174,20.97,0
2021,safety-driver,Cruise,5G21A6P0XL4100188,11580.8,0
2021,safety-driver,Cruise,5G21A6P0XL4100191,9830.66,1
2021,safety-driver,Cruise,5G21A6P0XL4110753,7312.41,0
2021,safety-driver,DeepRoute,3FA6P0LU3KR177879,12081.0,0
2021,safety-driver,DeepRoute,3LN6L5MU0KR620972,18791.0,2
2021,safety-driver,DiDi,1N4AZ1CP5KC300293,0.0,0
2021,safety-driver,DiDi,1N4AZ1CP6JC304058,0.0,0
2021,safety-driver,DiDi,3LN6L5LU2HR663008,3758.53,0
2021,safety-driver,DiDi,3LN6L5LU5JR619400,1301.89,0
2021,safety-driver,DiDi,3LN6L5MU0JR618055,5857.63,0
2021,safety-driver,DiDi,3LN6L5MU1JR609431,3305.75,0
2021,safety-driver,DiDi,3LN6L5MU3JR619538,5416.48,0
2021,safety-driver,DiDi,3LN6L5MU4JR608032,6946.35,1
2021,safety-driver,DiDi,3LN6L5MU4JR609133,1829.55,0
2021,safety-driver,DiDi,3LN6L5MU4JR611142,4890.96,0
2021,safety-driver,DiDi,3LN6L5MU5JR618049,2845.46,0
2021,safety-driver,DiDi,3LN6L5MU7JR611619,4592.07,0
2021,safety-driver,EasyMile,VJRD1A10224000022,320.0,222
2021,safety-driver,Gatik,52CG2DGA7J0017503,0.0,0
2021,safety-driver,Gatik,NM0GS9F26K1412410,1924.0,6
2021,safety-driver,Gatik,NM0LS7F25K1413020,0.0,0
2021,safety-driver,Imagry,KNDCB3LC0J5177246,731.25,71
2021,safety-driver,Lyft,2C4RC1N70LR135158,116.2688316,0
2021,safety-driver,Lyft,2C4RC1N72LR135159,32.77799166,0
2021,safety-driver,Lyft,2C4RC1N73LR135204,216.2063155,0
2021,safety-driver,Lyft,2C4RC1N75JR358986,257.0352626,1
2021,safety-driver,Lyft,2C4RC1N75LR135205,131.0897475,0
2021,safety-driver,Lyft,2C4RC1N76LR138968,19.60132144,0
2021,safety-driver,Lyft,2C4RC1N79JR159178,64.28707068,0
2021,safety-driver,Lyft,2C4RC1N79JR358974,132.5040762,0
2021,safety-driver,Lyft,3FA6P0RU0HR408592,683.9526769,1
2021,safety-driver,Lyft,3FA6P0RU0JR149057,812.1067783,1
2021,safety-driver,Lyft,3FA6P0RU1KR135721,479.6990292,0
2021,safety-driver,Lyft,3FA6P0RU1KR135962,882.3348161,1
2021,safety-driver,Lyft,3FA6P0RU2JR120045,523.5676796,0
2021,safety-driver,Lyft,3FA6P0RU2JR203832,466.0597435,1
2021,safety-driver,Lyft,3FA6P0RU2KR104428,839.2889849,4
2021,safety-driver,Lyft,3FA6P0RU3HR399516,625.4856679,1
2021,safety-driver,Lyft,3FA6P0RU3JR214046,525.3032522,2
2021,safety-driver,Lyft,3FA6P0RU3KR135669,423.8546823,0
2021,safety-driver,Lyft,3FA6P0RU5JR274913,802.0659058,5
2021,safety-driver,Lyft,3FA6P0RU7JR157950,568.0884708,2
2021,safety-driver,Lyft,3FA6P0RU7KR136100,1016.408876,2
2021,safety-driver,Lyft,3FA6P0RUXJR158090,596.6559501,0
2021,safety-driver,Lyft,3FA6P0RUXKR136012,985.4623141,2
2021,safety-driver,Mercedes-Benz,W1K2231301A013981,4402.0,0
2021,safety-driver,Mercedes-Benz,W1K2231761A013986,6143.0,0
2021,safety-driver,Mercedes-Benz,W1K2231761A013993,3088.0,0
2021,safety-driver,Mercedes-Benz,W1K2231761A039946,0.0,0
2021,safety-driver,Mercedes-Benz,W1K2231761A039967,0.0,0
2021,safety-driver,Mercedes-Benz,W1K2231761A039969,0.0,0
2021,safety-driver,Mercedes-Benz,W1K6G7GB1MA002478,7740.0,2
2021,safety-driver,Mercedes-Benz,W1K6G7GB3MA002465,8396.0,1
2021,safety-driver,Mercedes-Benz,W1K6G7GB3NA054986,10.0,0
2021,safety-driver,Mercedes-Benz,W1K6G7GBXMA000924,12317.0,2
2021,safety-driver,Mercedes-Benz,W1K6G7GBXMA002480,8201.0,0
2021,safety-driver,Mercedes-Benz,WDD2221591A470147,744.0,124
2021,safety-driver,Mercedes-Benz,WDD2221591A470238,6.0,2
2021,safety-driver,Mercedes-Benz,WDD2221591A470497,22.0,0
2021,safety-driver,Mercedes-Benz,WDD2221591A470500,249.0,87
2021,safety-driver,Mercedes-Benz,WDD2221591A470796,126.0,40
2021,safety-driver,Mercedes-Benz,WDDUG8GB3JA405273,7169.0,14
2021,safety-driver,NVIDIA,3FA6P0RU0JR158969,10388.0,5
2021,safety-driver,NVIDIA,3FA6P0RU1HR271131,742.0,4
2021,safety-driver,NVIDIA,3FA6P0RU7JR158970,483.0,0
2021,safety-driver,NVIDIA,3FA6P0RU8HR293837,11153.0,56
2021,safety-driver,NVIDIA,3FA6P0RU9HR313559,3449.0,15
2021,safety-driver,NVIDIA,3FA6P0RUXHR247670,1789.0,2
2021,safety-driver,Nissan,1N4AZ1CP9KC308252,328.0,5
2021,safety-driver,Nissan,1N4BZ0CP6GC302978,3.0,2
2021,safety-driver,Nissan,1N4BZ0CP6GC311826,177.0,10
2021,safety-driver,Nissan,JN1BV7AP1EM685949,0.0,0
2021,safety-driver,Nissan,JN1BV7AP3FM349849,0.0,0
2021,safety-driver,Nuro,JTDKARFU0L3104642,10858.44,4
2021,safety-driver,Nuro,JTDKN3DP0C3014583,511.24,0
2021,safety-driver,Nuro,JTDKN3DP1C3010476,6337.11,2
2021,safety-driver,Nuro,JTDKN3DP2C3004167,989.98,2
2021,safety-driver,Nuro,JTDKN3DP2C3011362,4018.9,1
2021,safety-driver,Nuro,JTDKN3DP3C3011760,2882.98,1
2021,safety-driver,Nuro,JTDKN3DP3C3020295,163.53,0
2021,safety-driver,Nuro,JTDKN3DP3D3041696,5869.93,4
2021,safety-driver,Nuro,JTDKN3DP4F3074838,718.23,0
2021,safety-driver,Nuro,JTDKN3DP6D3042602,6330.06,2
2021,safety-driver,Nuro,JTDKN3DP8D3037837,3053.27,0
2021,safety-driver,Nuro,JTDKN3DP8D3041242,635.3,0
2021,safety-driver,Nuro,JTDKN3DP9C3015182,5674.46,2
2021,safety-driver,Nuro,JTDKN3DPXE3050185,2423.44,1
2021,safety-driver,Nuro,JTDKN3DPXF3070616,8633.15,4
2021,safety-driver,Pony.ai,3LN6L5LU3JR627494,4834.28,1
2021,safety-driver,Pony.ai,3LN6L5LU5JR601477,9402.39,2
2021,safety-driver,Pony.ai,3LN6L5LU5JR626122,0.25,0
2021,safety-driver,Pony.ai,3LN6L5LU6HR6267668,10857.61,3
2021,safety-driver,Pony.ai,3LN6L5MU0JR608710,4508.71,2
2021,safety-driver,Pony.ai,3LN6L5MU3KR620979,10482.89,1
2021,safety-driver,Pony.ai,3LN6L5MU5HR634813,14324.88,1
2021,safety-driver,Pony.ai,3LN6L5MU9KR623692,12442.53,2
2021,safety-driver,Pony.ai,KM8K23AG0KU030901,5343.94,0
2021,safety-driver,Pony.ai,KM8K23AG0MU100285,1279.3,0
2021,safety-driver,Pony.ai,KM8K23AG2KU030916,11347.41,1
2021,safety-driver,Pony.ai,KM8K23AG2MU127147,5726.37,0
2021,safety-driver,Pony.ai,KM8K23AG2MU127178,6283.63,0
2021,safety-driver,Pony.ai,KM8K23AG2MU127388,5047.61,0
2021,safety-driver,Pony.ai,KM8K23AG3LU072335,1404.52,0
2021,safety-driver,Pony.ai,KM8K23AG3MU127142,181.87,0
2021,safety-driver,Pony.ai,KM8K23AG3MU127173,78.58,0
2021,safety-driver,Pony.ai,KM8K23AG4KU030822,14925.2,1
2021,safety-driver,Pony.ai,KM8K23AG4KU030836,12830.21,0
2021,safety-driver,Pony.ai,KM8K23AG4LU072537,16115.73,0
2021,safety-driver,Pony.ai,KM8K23AG5KU030909,16137.12,4
2021,safety-driver,Pony.ai,KM8K23AG5LU072529,16360.46,0
2021,safety-driver,Pony.ai,KM8K23AG5LU072708,4013.81,0
2021,safety-driver,Pony.ai,KM8K23AG5MU127157,4473.81,0
2021,safety-driver,Pony.ai,KM8K23AG6KU030241,16106.98,1
2021,safety-driver,Pony.ai,KM8K23AG6KU030255,14223.7,1
2021,safety-driver,Pony.ai,KM8K23AG6MU127152,182.47,0
2021,safety-driver,Pony.ai,KM8K23AG7KU030829,13065.65,0
2021,safety-driver,Pony.ai,KM8K23AG7KU030894,12195.72,1
2021,safety-driver,Pony.ai,KM8K23AG7LU072497,437.68,0
2021,safety-driver,Pony.ai,KM8K23AG8LU072671,3299.18,0
2021,safety-driver,Pony.ai,KM8K23AG8MU127363,6015.63,0
2021,safety-driver,Pony.ai,KM8K23AG9KU030248,17608.91,0
2021,safety-driver,Pony.ai,KM8K23AG9MU127162,5853.34,0
2021,safety-driver,Pony.ai,KM8K23AG9MU127338,2780.18,0
2021,safety-driver,Pony.ai,KM8K23AGXMU127137,5734.54,0
2021,safety-driver,Pony.ai,KM8K23AGXMU127168,6856.47,0
2021,safety-driver,Pony.ai,KM8K33AG2KU054517,12853.17,0
2021,safety-driver,Qcraft,3LN6L5MU0HR604795,2182.0,1
2021,safety-driver,Qcraft,3LN6L5MU8JR627232,4138.0,4
2021,safety-driver,Qualcomm,3LN6L5LU0HR663007,119.0,13
2021,safety-driver,Qualcomm,3LN6L5LU9HR650658,432.0,41
2021,safety-driver,Qualcomm,3LN6L5MU1JR627234,1084.0,89
2021,safety-driver,Toyota Research Institute,JTHCYLFF0J5001364,5430.0,169
2021,safety-driver,Toyota Research Institute,JTHCYLFF0K5001429,478.0,12
2021,safety-driver,Toyota Research Institute,JTHCYLFF9J5001363,3327.0,117
2021,safety-driver,Toyota Research Institute,JTHCYLFFXJ5001291,4724.0,121
2021,safety-driver,Udelv,NM0LE7F71J1361953,0.0,0
2021,safety-driver,Udelv,NM0LS7F79J1360493,60.0,46
2021,safety-driver,Valeo,1V2NR2CA2JC509341,135.0,32
2021,safety-driver,Valeo,SALVN2BG7FH960125,201.0,173
2021,safety-driver,Waymo,2C4RC1K70HR534647,0.0,0
2021,safety-driver,Waymo,2C4RC1K70HR534650,33.8,0
2021,safety-driver,Waymo,2C4RC1K70HR534664,0.0,0
2021,safety-driver,Waymo,2C4RC1K70HR534681,3189.2,0
2021,safety-driver,Waymo,2C4RC1K70HR534695,0.0,0
2021,safety-driver,Waymo,2C4RC1K70HR797298,0.0,0
2021,safety-driver,Waymo,2C4RC1K70HR797317,0.1,0
2021,safety-driver,Waymo,2C4RC1K70HR797365,548.8,0
2021,safety-driver,Waymo,2C4RC1K70HR797379,223.2,0
2021,safety-driver,Waymo,2C4RC1K70HR797415,2994.5,1
2021,safety-driver,Waymo,2C4RC1K70HR805478,2483.9,0
2021,safety-driver,Waymo,2C4RC1K70HR805481,3604.5,0
2021,safety-driver,Waymo,2C4RC1K70HR827271,3120.6,0
2021,safety-driver,Waymo,2C4RC1K70HR833796,4703.1,1
2021,safety-driver,Waymo,2C4RC1K70HR833877,2798.8,0
2021,safety-driver,Waymo,2C4RC1K70HR836181,154.1,0
2021,safety-driver,Waymo,2C4RC1K71HR534642,0.0,0
2021,safety-driver,Waymo,2C4RC1K71HR534673,0.0,0
2021,safety-driver,Waymo,2C4RC1K71HR534687,4881.8,0
2021,safety-driver,Waymo,2C4RC1K71HR695699,3010.0,1
2021,safety-driver,Waymo,2C4RC1K71HR797293,0.0,0
2021,safety-driver,Waymo,2C4RC1K71HR797343,7144.4,1
2021,safety-driver,Waymo,2C4RC1K71HR805490,0.0,0
2021,safety-driver,Waymo,2C4RC1K71HR805523,137.4,0
2021,safety-driver,Waymo,2C4RC1K71HR822192,28.8,0
2021,safety-driver,Waymo,2C4RC1K71HR822208,1086.7,0
2021,safety-driver,Waymo,2C4RC1K71HR833810,591.3,0
2021,safety-driver,Waymo,2C4RC1K71HR833838,0.0,0
2021,safety-driver,Waymo,2C4RC1K71HR833841,0.0,0
2021,safety-driver,Waymo,2C4RC1K72HR534665,0.0,0
2021,safety-driver,Waymo,2C4RC1K72HR534696,2050.7,0
2021,safety-driver,Waymo,2C4RC1K72HR534701,0.0,0
2021,safety-driver,Waymo,2C4RC1K72HR797318,6394.8,3
2021,safety-driver,Waymo,2C4RC1K72HR805465,2594.1,0
2021,safety-driver,Waymo,2C4RC1K72HR824243,3332.0,0
2021,safety-driver,Waymo,2C4RC1K72HR827238,2281.8,0
2021,safety-driver,Waymo,2C4RC1K72HR833816,1041.0,0
2021,safety-driver,Waymo,2C4RC1K72HR836179,534.0,0
2021,safety-driver,Waymo,2C4RC1K73HR534643,0.0,0
2021,safety-driver,Waymo,2C4RC1K73HR534660,3639.8,0
2021,safety-driver,Waymo,2C4RC1K73HR534674,4195.4,0
2021,safety-driver,Waymo,2C4RC1K73HR534691,2602.5,1
2021,safety-driver,Waymo,2C4RC1K73HR534710,0.0,0
2021,safety-driver,Waymo,2C4RC1K73HR695705,692.2,0
2021,safety-driver,Waymo,2C4RC1K73HR786120,968.8,0
2021,safety-driver,Waymo,2C4RC1K73HR797294,0.0,0
2021,safety-driver,Waymo,2C4RC1K73HR797330,4706.3,0
2021,safety-driver,Waymo,2C4RC1K73HR797358,6062.2,2
2021,safety-driver,Waymo,2C4RC1K73HR797361,1890.8,0
2021,safety-driver,Waymo,2C4RC1K73HR797375,3556.6,0
2021,safety-driver,Waymo,2C4RC1K73HR797389,5677.6,0
2021,safety-driver,Waymo,2C4RC1K73HR805488,751.2,0
2021,safety-driver,Waymo,2C4RC1K73HR805510,0.0,0
2021,safety-driver,Waymo,2C4RC1K73HR822193,4591.2,0
2021,safety-driver,Waymo,2C4RC1K73HR827264,1.7,0
2021,safety-driver,Waymo,2C4RC1K73HR833758,3061.2,0
2021,safety-driver,Waymo,2C4RC1K73HR833808,3477.3,1
2021,safety-driver,Waymo,2C4RC1K73HR833842,2541.4,0
2021,safety-driver,Waymo,2C4RC1K73HR833856,1271.5,0
2021,safety-driver,Waymo,2C4RC1K73HR833873,6.9,0
2021,safety-driver,Waymo,2C4RC1K74HR534635,0.0,0
2021,safety-driver,Waymo,2C4RC1K74HR534652,0.0,0
2021,safety-driver,Waymo,2C4RC1K74HR534666,0.0,0
2021,safety-driver,Waymo,2C4RC1K74HR534697,0.0,0
2021,safety-driver,Waymo,2C4RC1K74HR695700,680.8,0
2021,safety-driver,Waymo,2C4RC1K74HR797322,1634.2,0
2021,safety-driver,Waymo,2C4RC1K74HR797353,1600.8,0
2021,safety-driver,Waymo,2C4RC1K74HR797367,2550.5,0
2021,safety-driver,Waymo,2C4RC1K74HR797398,0.0,0
2021,safety-driver,Waymo,2C4RC1K74HR805466,6516.7,2
2021,safety-driver,Waymo,2C4RC1K74HR805497,4826.0,1
2021,safety-driver,Waymo,2C4RC1K74HR805516,5416.0,0
2021,safety-driver,Waymo,2C4RC1K74HR824227,0.0,0
2021,safety-driver,Waymo,2C4RC1K74HR827239,3271.4,1
2021,safety-driver,Waymo,2C4RC1K74HR827242,308.9,0
2021,safety-driver,Waymo,2C4RC1K74HR833879,4673.6,1
2021,safety-driver,Waymo,2C4RC1K75HR534644,0.0,0
2021,safety-driver,Waymo,2C4RC1K75HR534658,0.0,0
2021,safety-driver,Waymo,2C4RC1K75HR534708,0.0,0
2021,safety-driver,Waymo,2C4RC1K75HR695690,2984.9,0
2021,safety-driver,Waymo,2C4RC1K75HR695706,3414.6,2
2021,safety-driver,Waymo,2C4RC1K75HR786121,3576.9,1
2021,safety-driver,Waymo,2C4RC1K75HR797295,4062.5,1
2021,safety-driver,Waymo,2C4RC1K75HR797345,1386.9,0
2021,safety-driver,Waymo,2C4RC1K75HR797362,3436.6,0
2021,safety-driver,Waymo,2C4RC1K75HR805461,422.5,0
2021,safety-driver,Waymo,2C4RC1K75HR805489,5216.0,1
2021,safety-driver,Waymo,2C4RC1K75HR805508,255.5,0
2021,safety-driver,Waymo,2C4RC1K75HR812331,0.0,0
2021,safety-driver,Waymo,2C4RC1K75HR822194,645.0,0
2021,safety-driver,Waymo,2C4RC1K75HR827234,655.3,0
2021,safety-driver,Waymo,2C4RC1K75HR827265,0.0,0
2021,safety-driver,Waymo,2C4RC1K75HR833759,305.9,0
2021,safety-driver,Waymo,2C4RC1K75HR833857,953.4,0
2021,safety-driver,Waymo,2C4RC1K76HR534653,1303.9,0
2021,safety-driver,Waymo,2C4RC1K76HR534667,0.0,0
2021,safety-driver,Waymo,2C4RC1K76HR534670,0.0,0
2021,safety-driver,Waymo,2C4RC1K76HR534684,0.0,0
2021,safety-driver,Waymo,2C4RC1K76HR534698,2243.0,0
2021,safety-driver,Waymo,2C4RC1K76HR534703,0.0,0
2021,safety-driver,Waymo,2C4RC1K76HR695696,421.9,0
2021,safety-driver,Waymo,2C4RC1K76HR695701,0.0,0
2021,safety-driver,Waymo,2C4RC1K76HR797354,4097.5,0
2021,safety-driver,Waymo,2C4RC1K76HR797399,0.0,0
2021,safety-driver,Waymo,2C4RC1K76HR797404,3711.7,0
2021,safety-driver,Waymo,2C4RC1K76HR805453,261.0,0
2021,safety-driver,Waymo,2C4RC1K76HR805467,599.5,1
2021,safety-driver,Waymo,2C4RC1K76HR822205,4385.1,1
2021,safety-driver,Waymo,2C4RC1K76HR824228,0.0,0
2021,safety-driver,Waymo,2C4RC1K76HR824259,1053.1,0
2021,safety-driver,Waymo,2C4RC1K76HR833785,386.4,0
2021,safety-driver,Waymo,2C4RC1K76HR833835,752.6,0
2021,safety-driver,Waymo,2C4RC1K77HR534645,0.0,0
2021,safety-driver,Waymo,2C4RC1K77HR534659,0.0,0
2021,safety-driver,Waymo,2C4RC1K77HR534662,4405.1,1
2021,safety-driver,Waymo,2C4RC1K77HR534676,0.0,0
2021,safety-driver,Waymo,2C4RC1K77HR534693,3395.4,0
2021,safety-driver,Waymo,2C4RC1K77HR695691,0.0,0
2021,safety-driver,Waymo,2C4RC1K77HR786122,3847.9,1
2021,safety-driver,Waymo,2C4RC1K77HR805512,5566.6,0
2021,safety-driver,Waymo,2C4RC1K77HR833827,2728.6,0
2021,safety-driver,Waymo,2C4RC1K77HR833858,747.8,0
2021,safety-driver,Waymo,2C4RC1K77HR833889,3498.1,0
2021,safety-driver,Waymo,2C4RC1K78HR534637,0.0,0
2021,safety-driver,Waymo,2C4RC1K78HR534640,0.0,0
2021,safety-driver,Waymo,2C4RC1K78HR534699,0.0,0
2021,safety-driver,Waymo,2C4RC1K78HR534704,0.0,0
2021,safety-driver,Waymo,2C4RC1K78HR695697,1228.5,1
2021,safety-driver,Waymo,2C4RC1K78HR695702,0.0,0
2021,safety-driver,Waymo,2C4RC1K78HR797324,3222.5,1
2021,safety-driver,Waymo,2C4RC1K78HR797338,0.0,0
2021,safety-driver,Waymo,2C4RC1K78HR797355,6334.0,2
2021,safety-driver,Waymo,2C4RC1K78HR797386,1128.3,0
2021,safety-driver,Waymo,2C4RC1K78HR797405,1718.1,1
2021,safety-driver,Waymo,2C4RC1K78HR805485,1446.7,0
2021,safety-driver,Waymo,2C4RC1K78HR805518,3788.4,0
2021,safety-driver,Waymo,2C4RC1K78HR824232,0.0,0
2021,safety-driver,Waymo,2C4RC1K78HR833769,3739.0,0
2021,safety-driver,Waymo,2C4RC1K78HR833772,6954.9,0
2021,safety-driver,Waymo,2C4RC1K78HR833867,3597.8,0
2021,safety-driver,Waymo,2C4RC1K78HR833870,2885.0,0
2021,safety-driver,Waymo,2C4RC1K79HR534677,0.0,0
2021,safety-driver,Waymo,2C4RC1K79HR534680,0.0,0
2021,safety-driver,Waymo,2C4RC1K79HR534694,0.0,0
2021,safety-driver,Waymo,2C4RC1K79HR786123,2805.7,0
2021,safety-driver,Waymo,2C4RC1K79HR797378,3137.9,0
2021,safety-driver,Waymo,2C4RC1K79HR797381,2108.3,0
2021,safety-driver,Waymo,2C4RC1K79HR822215,858.9,0
2021,safety-driver,Waymo,2C4RC1K79HR824255,2593.3,1
2021,safety-driver,Waymo,2C4RC1K79HR827253,853.3,0
2021,safety-driver,Waymo,2C4RC1K79HR833778,3045.9,1
2021,safety-driver,Waymo,2C4RC1K79HR833859,4007.3,2
2021,safety-driver,Waymo,2C4RC1K7XHR534641,0.0,0
2021,safety-driver,Waymo,2C4RC1K7XHR534672,0.0,0
2021,safety-driver,Waymo,2C4RC1K7XHR534686,0.0,0
2021,safety-driver,Waymo,2C4RC1K7XHR534705,1799.1,0
2021,safety-driver,Waymo,2C4RC1K7XHR695698,4636.1,2
2021,safety-driver,Waymo,2C4RC1K7XHR797308,4234.2,0
2021,safety-driver,Waymo,2C4RC1K7XHR797325,4150.7,1
2021,safety-driver,Waymo,2C4RC1K7XHR805455,2115.9,2
2021,safety-driver,Waymo,2C4RC1K7XHR805486,1092.0,0
2021,safety-driver,Waymo,2C4RC1K7XHR822188,2676.2,0
2021,safety-driver,Waymo,2C4RC1K7XHR822207,170.0,0
2021,safety-driver,Waymo,2C4RC1K7XHR827231,1838.9,0
2021,safety-driver,Waymo,2C4RC1K7XHR827262,5214.2,1
2021,safety-driver,Waymo,2C4RC1K7XHR833756,3285.4,0
2021,safety-driver,Waymo,2C4RC1K7XHR833787,3990.8,1
2021,safety-driver,Waymo,2C4RC1K7XHR833854,0.0,0
2021,safety-driver,Waymo,2C4RC1K7XHR833885,703.5,1
2021,safety-driver,Waymo,SADHW2S10M1602680,3873.8,1
2021,safety-driver,Waymo,SADHW2S10M1614232,0.0,0
2021,safety-driver,Waymo,SADHW2S10M1614408,6778.8,0
2021,safety-driver,Waymo,SADHW2S10M1614506,11868.8,0
2021,safety-driver,Waymo,SADHW2S10M1614568,11158.2,0
2021,safety-driver,Waymo,SADHW2S10M1614604,10089.9,0
2021,safety-driver,Waymo,SADHW2S10M1614764,11511.4,3
2021,safety-driver,Waymo,SADHW2S10M1615154,3001.3,0
2021,safety-driver,Waymo,SADHW2S10M1615199,5154.2,0
2021,safety-driver,Waymo,SADHW2S10M1615266,5818.9,0
2021,safety-driver,Waymo,SADHW2S10M1615316,5155.5,0
2021,safety-driver,Waymo,SADHW2S10M1615347,9607.6,1
2021,safety-driver,Waymo,SADHW2S10M1615428,6009.2,0
2021,safety-driver,Waymo,SADHW2S10M1615493,9846.8,0
2021,safety-driver,Waymo,SADHW2S10M1615512,10560.9,0
2021,safety-driver,Waymo,SADHW2S10M1615560,5219.3,0
2021,safety-driver,Waymo,SADHW2S10M1615624,2287.2,0
2021,safety-driver,Waymo,SADHW2S10M1615753,500.0,0
2021,safety-driver,Waymo,SADHW2S10M1615767,7967.2,0
2021,safety-driver,Waymo,SADHW2S10M1615770,3764.1,1
2021,safety-driver,Waymo,SADHW2S10M1615798,1883.8,0
2021,safety-driver,Waymo,SADHW2S10M1615879,8430.7,0
2021,safety-driver,Waymo,SADHW2S10M1615963,9184.5,0
2021,safety-driver,Waymo,SADHW2S10M1615977,342.2,0
2021,safety-driver,Waymo,SADHW2S10M1616272,8763.0,0
2021,safety-driver,Waymo,SADHW2S10M1616367,1017.6,1
2021,safety-driver,Waymo,SADHW2S10M1616448,0.0,0
2021,safety-driver,Waymo,SADHW2S10M1616501,3142.8,0
2021,safety-driver,Waymo,SADHW2S10M1616577,2209.6,0
2021,safety-driver,Waymo,SADHW2S10M1616613,782.5,0
2021,safety-driver,Waymo,SADHW2S10M1616644,4550.2,1
2021,safety-driver,Waymo,SADHW2S10M1616692,3483.8,0
2021,safety-driver,Waymo,SADHW2S10M1616773,4136.4,0
2021,safety-driver,Waymo,SADHW2S10M1616837,855.8,0
2021,safety-driver,Waymo,SADHW2S10M1616904,0.0,0
2021,safety-driver,Waymo,SADHW2S10M1617051,2408.6,0
2021,safety-driver,Waymo,SADHW2S10M1617101,379.0,0
2021,safety-driver,Waymo,SADHW2S10M1617177,13.6,0
2021,safety-driver,Waymo,SADHW2S10M1617227,102.6,0
2021,safety-driver,Waymo,SADHW2S10M1617258,537.3,0
2021,safety-driver,Waymo,SADHW2S10M1617342,570.1,0
2021,safety-driver,Waymo,SADHW2S10M1617440,454.6,0
2021,safety-driver,Waymo,SADHW2S10M1617583,393.8,0
2021,safety-driver,Waymo,SADHW2S10M1617633,479.6,0
2021,safety-driver,Waymo,SADHW2S10M1617647,623.1,0
2021,safety-driver,Waymo,SADHW2S10M1X06473,0.0,0
2021,safety-driver,Waymo,SADHW2S10M1X06487,0.0,0
2021,safety-driver,Waymo,SADHW2S11M1602073,5427.6,6
2021,safety-driver,Waymo,SADHW2S11M1602610,6694.5,6
2021,safety-driver,Waymo,SADHW2S11M1602624,3366.7,0
2021,safety-driver,Waymo,SADHW2S11M1602641,7598.2,4
2021,safety-driver,Waymo,SADHW2S11M1602669,3616.0,2
2021,safety-driver,Waymo,SADHW2S11M1602672,6358.8,3
2021,safety-driver,Waymo,SADHW2S11M1602686,6608.5,4
2021,safety-driver,Waymo,SADHW2S11M1606219,6559.4,8
2021,safety-driver,Waymo,SADHW2S11M1614093,0.0,0
2021,safety-driver,Waymo,SADHW2S11M1614109,5590.0,0
2021,safety-driver,Waymo,SADHW2S11M1614269,4142.1,0
2021,safety-driver,Waymo,SADHW2S11M1614398,0.0,0
2021,safety-driver,Waymo,SADHW2S11M1614515,3268.6,0
2021,safety-driver,Waymo,SADHW2S11M1614577,0.0,0
2021,safety-driver,Waymo,SADHW2S11M1614661,5586.2,0
2021,safety-driver,Waymo,SADHW2S11M1614742,2310.8,2
2021,safety-driver,Waymo,SADHW2S11M1614790,8469.7,1
2021,safety-driver,Waymo,SADHW2S11M1614854,3854.6,0
2021,safety-driver,Waymo,SADHW2S11M1614966,4839.4,1
2021,safety-driver,Waymo,SADHW2S11M1615129,7392.8,0
2021,safety-driver,Waymo,SADHW2S11M1615258,6136.0,0
2021,safety-driver,Waymo,SADHW2S11M1615292,4273.9,1
2021,safety-driver,Waymo,SADHW2S11M1615437,5999.9,0
2021,safety-driver,Waymo,SADHW2S11M1615454,6318.9,0
2021,safety-driver,Waymo,SADHW2S11M1615549,5010.6,0
2021,safety-driver,Waymo,SADHW2S11M1615583,7944.1,0
2021,safety-driver,Waymo,SADHW2S11M1615678,6140.1,1
2021,safety-driver,Waymo,SADHW2S11M1615681,3789.1,0
2021,safety-driver,Waymo,SADHW2S11M1615695,6119.4,0
2021,safety-driver,Waymo,SADHW2S11M1615776,5539.5,0
2021,safety-driver,Waymo,SADHW2S11M1615857,9814.2,1
2021,safety-driver,Waymo,SADHW2S11M1615955,10096.2,0
2021,safety-driver,Waymo,SADHW2S11M1616054,2635.8,2
2021,safety-driver,Waymo,SADHW2S11M1616118,3902.5,2
2021,safety-driver,Waymo,SADHW2S11M1616149,4692.0,0
2021,safety-driver,Waymo,SADHW2S11M1616281,7635.7,1
2021,safety-driver,Waymo,SADHW2S11M1616300,5138.5,1
2021,safety-driver,Waymo,SADHW2S11M1616359,0.0,0
2021,safety-driver,Waymo,SADHW2S11M1616376,0.0,0
2021,safety-driver,Waymo,SADHW2S11M1616572,2122.9,0
2021,safety-driver,Waymo,SADHW2S11M1616619,103.7,0
2021,safety-driver,Waymo,SADHW2S11M1616698,2231.6,0
2021,safety-driver,Waymo,SADHW2S11M1616748,4182.2,0
2021,safety-driver,Waymo,SADHW2S11M1616779,2840.2,0
2021,safety-driver,Waymo,SADHW2S11M1616880,2854.2,2
2021,safety-driver,Waymo,SADHW2S11M1616992,1285.6,0
2021,safety-driver,Waymo,SADHW2S11M1617186,143.3,0
2021,safety-driver,Waymo,SADHW2S11M1617219,0.0,0
2021,safety-driver,Waymo,SADHW2S11M1617298,1149.2,0
2021,safety-driver,Waymo,SADHW2S11M1617365,23.9,0
2021,safety-driver,Waymo,SADHW2S11M1617611,500.4,0
2021,safety-driver,Waymo,SADHW2S11M1617625,105.8,0
2021,safety-driver,Waymo,SADHW2S11M1617642,264.3,0
2021,safety-driver,Waymo,SADHW2S11M1X06448,0.0,0
2021,safety-driver,Waymo,SADHW2S11M1X06465,0.0,0
2021,safety-driver,Waymo,SADHW2S11M1X06479,0.0,0
2021,safety-driver,Waymo,SADHW2S11M1X06482,0.0,0
2021,safety-driver,Waymo,SADHW2S12M1602664,5541.0,4
2021,safety-driver,Waymo,SADHW2S12M1602678,0.0,0
2021,safety-driver,Waymo,SADHW2S12M1602681,0.0,0
2021,safety-driver,Waymo,SADHW2S12M1606200,8646.7,4
2021,safety-driver,Waymo,SADHW2S12M1614281,0.0,0
2021,safety-driver,Waymo,SADHW2S12M1614314,0.0,0
2021,safety-driver,Waymo,SADHW2S12M1614524,5349.6,0
2021,safety-driver,Waymo,SADHW2S12M1614586,0.0,0
2021,safety-driver,Waymo,SADHW2S12M1614670,6053.8,0
2021,safety-driver,Waymo,SADHW2S12M1614782,5989.5,0
2021,safety-driver,Waymo,SADHW2S12M1614815,0.0,0
2021,safety-driver,Waymo,SADHW2S12M1614863,15869.8,2
2021,safety-driver,Waymo,SADHW2S12M1614930,15947.9,1
2021,safety-driver,Waymo,SADHW2S12M1614944,2504.9,0
2021,safety-driver,Waymo,SADHW2S12M1615141,3455.3,0
2021,safety-driver,Waymo,SADHW2S12M1615415,3439.6,0
2021,safety-driver,Waymo,SADHW2S12M1615527,3779.4,0
2021,safety-driver,Waymo,SADHW2S12M1615589,4340.8,0
2021,safety-driver,Waymo,SADHW2S12M1615687,7772.1,0
2021,safety-driver,Waymo,SADHW2S12M1615690,9422.9,0
2021,safety-driver,Waymo,SADHW2S12M1615706,8542.0,1
2021,safety-driver,Waymo,SADHW2S12M1615754,10727.3,1
2021,safety-driver,Waymo,SADHW2S12M1615849,6991.8,0
2021,safety-driver,Waymo,SADHW2S12M1615897,9399.3,0
2021,safety-driver,Waymo,SADHW2S12M1615947,3279.6,0
2021,safety-driver,Waymo,SADHW2S12M1616001,3167.7,0
2021,safety-driver,Waymo,SADHW2S12M1616015,200.5,0
2021,safety-driver,Waymo,SADHW2S12M1616029,1863.3,0
2021,safety-driver,Waymo,SADHW2S12M1616130,3632.4,0
2021,safety-driver,Waymo,SADHW2S12M1616158,9596.9,0
2021,safety-driver,Waymo,SADHW2S12M1616208,1411.1,0
2021,safety-driver,Waymo,SADHW2S12M1616239,3620.5,0
2021,safety-driver,Waymo,SADHW2S12M1616290,1458.4,0
2021,safety-driver,Waymo,SADHW2S12M1616385,2936.3,0
2021,safety-driver,Waymo,SADHW2S12M1616421,439.1,0
2021,safety-driver,Waymo,SADHW2S12M1616581,0.0,0
2021,safety-driver,Waymo,SADHW2S12M1616600,3942.9,0
2021,safety-driver,Waymo,SADHW2S12M1616662,4276.9,0
2021,safety-driver,Waymo,SADHW2S12M1616712,1382.8,0
2021,safety-driver,Waymo,SADHW2S12M1616726,1721.3,0
2021,safety-driver,Waymo,SADHW2S12M1616824,1302.6,0
2021,safety-driver,Waymo,SADHW2S12M1617309,978.8,0
2021,safety-driver,Waymo,SADHW2S12M1617651,0.0,0
2021,safety-driver,Waymo,SADHW2S12M1X06474,0.0,0
2021,safety-driver,Waymo,SADHW2S13M1602673,7512.6,2
2021,safety-driver,Waymo,SADHW2S13M1602690,283.1,0
2021,safety-driver,Waymo,SADHW2S13M1602706,0.0,0
2021,safety-driver,Waymo,SADHW2S13M1606173,6369.7,4
2021,safety-driver,Waymo,SADHW2S13M1614080,0.0,0
2021,safety-driver,Waymo,SADHW2S13M1614368,7639.8,0
2021,safety-driver,Waymo,SADHW2S13M1614418,28.5,0
2021,safety-driver,Waymo,SADHW2S13M1614497,4571.7,2
2021,safety-driver,Waymo,SADHW2S13M1614533,4098.1,0
2021,safety-driver,Waymo,SADHW2S13M1614595,4738.1,0
2021,safety-driver,Waymo,SADHW2S13M1614614,8799.2,0
2021,safety-driver,Waymo,SADHW2S13M1614757,2641.8,0
2021,safety-driver,Waymo,SADHW2S13M1614774,12431.0,0
2021,safety-driver,Waymo,SADHW2S13M1614807,13844.3,1
2021,safety-driver,Waymo,SADHW2S13M1614838,11047.1,3
2021,safety-driver,Waymo,SADHW2S13M1615374,3838.3,0
2021,safety-driver,Waymo,SADHW2S13M1615469,4584.3,0
2021,safety-driver,Waymo,SADHW2S13M1615486,10955.1,0
2021,safety-driver,Waymo,SADHW2S13M1615505,0.0,0
2021,safety-driver,Waymo,SADHW2S13M1615519,9421.1,1
2021,safety-driver,Waymo,SADHW2S13M1615665,3069.9,0
2021,safety-driver,Waymo,SADHW2S13M1615729,4834.3,0
2021,safety-driver,Waymo,SADHW2S13M1615732,8535.6,0
2021,safety-driver,Waymo,SADHW2S13M1615780,9095.9,1
2021,safety-driver,Waymo,SADHW2S13M1615813,7781.1,0
2021,safety-driver,Waymo,SADHW2S13M1615889,6820.2,1
2021,safety-driver,Waymo,SADHW2S13M1616069,7353.1,0
2021,safety-driver,Waymo,SADHW2S13M1616427,4302.9,0
2021,safety-driver,Waymo,SADHW2S13M1616492,4081.7,0
2021,safety-driver,Waymo,SADHW2S13M1616542,3235.9,0
2021,safety-driver,Waymo,SADHW2S13M1616587,3620.2,0
2021,safety-driver,Waymo,SADHW2S13M1616668,124.6,0
2021,safety-driver,Waymo,SADHW2S13M1616928,2229.0,0
2021,safety-driver,Waymo,SADHW2S13M1617268,78.3,0
2021,safety-driver,Waymo,SADHW2S13M1617450,1498.1,0
2021,safety-driver,Waymo,SADHW2S13M1617464,1333.4,0
2021,safety-driver,Waymo,SADHW2S13M1617528,1921.1,0
2021,safety-driver,Waymo,SADHW2S13M1X06466,0.0,0
2021,safety-driver,Waymo,SADHW2S14M1602343,0.0,0
2021,safety-driver,Waymo,SADHW2S14M1602584,0.0,0
2021,safety-driver,Waymo,SADHW2S14M1602665,0.0,0
2021,safety-driver,Waymo,SADHW2S14M1602679,5859.4,2
2021,safety-driver,Waymo,SADHW2S14M1602682,244.7,1
2021,safety-driver,Waymo,SADHW2S14M1602696,33.5,0
2021,safety-driver,Waymo,SADHW2S14M1602701,2057.3,1
2021,safety-driver,Waymo,SADHW2S14M1606148,2711.5,1
2021,safety-driver,Waymo,SADHW2S14M1606182,1735.0,4
2021,safety-driver,Waymo,SADHW2S14M1606375,6194.3,3
2021,safety-driver,Waymo,SADHW2S14M1614346,2824.8,0
2021,safety-driver,Waymo,SADHW2S14M1614542,1690.7,0
2021,safety-driver,Waymo,SADHW2S14M1614623,5021.3,0
2021,safety-driver,Waymo,SADHW2S14M1614721,5421.1,1
2021,safety-driver,Waymo,SADHW2S14M1614735,9270.7,3
2021,safety-driver,Waymo,SADHW2S14M1614749,2410.1,0
2021,safety-driver,Waymo,SADHW2S14M1614847,6703.2,0
2021,safety-driver,Waymo,SADHW2S14M1615190,1718.8,0
2021,safety-driver,Waymo,SADHW2S14M1615254,9425.0,0
2021,safety-driver,Waymo,SADHW2S14M1615271,5893.0,0
2021,safety-driver,Waymo,SADHW2S14M1615285,7370.6,0
2021,safety-driver,Waymo,SADHW2S14M1615383,8531.6,1
2021,safety-driver,Waymo,SADHW2S14M1615447,16953.3,0
2021,safety-driver,Waymo,SADHW2S14M1615478,4122.1,0
2021,safety-driver,Waymo,SADHW2S14M1615593,9497.4,0
2021,safety-driver,Waymo,SADHW2S14M1615643,4464.9,1
2021,safety-driver,Waymo,SADHW2S14M1615674,4085.9,0
2021,safety-driver,Waymo,SADHW2S14M1615724,7298.9,0
2021,safety-driver,Waymo,SADHW2S14M1615738,109.6,0
2021,safety-driver,Waymo,SADHW2S14M1615805,11833.5,0
2021,safety-driver,Waymo,SADHW2S14M1615982,0.0,0
2021,safety-driver,Waymo,SADHW2S14M1615996,0.0,0
2021,safety-driver,Waymo,SADHW2S14M1616033,1219.5,0
2021,safety-driver,Waymo,SADHW2S14M1616307,11423.5,1
2021,safety-driver,Waymo,SADHW2S14M1616341,3593.0,0
2021,safety-driver,Waymo,SADHW2S14M1616517,1624.4,0
2021,safety-driver,Waymo,SADHW2S14M1616565,2863.3,0
2021,safety-driver,Waymo,SADHW2S14M1616632,13.3,0
2021,safety-driver,Waymo,SADHW2S14M1616680,0.0,0
2021,safety-driver,Waymo,SADHW2S14M1616761,1740.9,0
2021,safety-driver,Waymo,SADHW2S14M1616792,5278.2,0
2021,safety-driver,Waymo,SADHW2S14M1616811,2176.4,0
2021,safety-driver,Waymo,SADHW2S14M1616985,4367.9,1
2021,safety-driver,Waymo,SADHW2S14M1617036,1338.5,0
2021,safety-driver,Waymo,SADHW2S14M1617327,0.0,0
2021,safety-driver,Waymo,SADHW2S14M1617473,1551.8,0
2021,safety-driver,Waymo,SADHW2S14M1617523,1126.5,0
2021,safety-driver,Waymo,SADHW2S14M1617537,1714.9,0
2021,safety-driver,Waymo,SADHW2S14M1617599,266.5,0
2021,safety-driver,Waymo,SADHW2S14M1617604,113.1,0
2021,safety-driver,Waymo,SADHW2S14M1X06475,0.0,0
2021,safety-driver,Waymo,SADHW2S15M1602660,7838.8,8
2021,safety-driver,Waymo,SADHW2S15M1602688,1124.5,2
2021,safety-driver,Waymo,SADHW2S15M1602691,3457.9,2
2021,safety-driver,Waymo,SADHW2S15M1605896,861.9,3
2021,safety-driver,Waymo,SADHW2S15M1606157,6087.4,4
2021,safety-driver,Waymo,SADHW2S15M1606191,6811.4,1
2021,safety-driver,Waymo,SADHW2S15M1614257,5750.4,0
2021,safety-driver,Waymo,SADHW2S15M1614551,2896.5,1
2021,safety-driver,Waymo,SADHW2S15M1614906,2326.4,0
2021,safety-driver,Waymo,SADHW2S15M1614923,6557.1,0
2021,safety-driver,Waymo,SADHW2S15M1614971,1357.8,0
2021,safety-driver,Waymo,SADHW2S15M1615215,4295.5,0
2021,safety-driver,Waymo,SADHW2S15M1615229,2170.9,0
2021,safety-driver,Waymo,SADHW2S15M1615277,2155.2,0
2021,safety-driver,Waymo,SADHW2S15M1615361,5666.6,0
2021,safety-driver,Waymo,SADHW2S15M1615442,9480.5,1
2021,safety-driver,Waymo,SADHW2S15M1615473,10695.4,0
2021,safety-driver,Waymo,SADHW2S15M1615568,11319.6,1
2021,safety-driver,Waymo,SADHW2S15M1615599,4285.4,0
2021,safety-driver,Waymo,SADHW2S15M1615635,5351.8,0
2021,safety-driver,Waymo,SADHW2S15M1615716,3848.8,0
2021,safety-driver,Waymo,SADHW2S15M1615764,9593.9,0
2021,safety-driver,Waymo,SADHW2S15M1616008,0.0,0
2021,safety-driver,Waymo,SADHW2S15M1616090,9013.9,1
2021,safety-driver,Waymo,SADHW2S15M1616140,4244.4,0
2021,safety-driver,Waymo,SADHW2S15M1616171,9871.4,1
2021,safety-driver,Waymo,SADHW2S15M1616199,7338.0,1
2021,safety-driver,Waymo,SADHW2S15M1616218,4964.0,0
2021,safety-driver,Waymo,SADHW2S15M1616249,9496.4,1
2021,safety-driver,Waymo,SADHW2S15M1616333,2037.2,0
2021,safety-driver,Waymo,SADHW2S15M1616462,2237.7,0
2021,safety-driver,Waymo,SADHW2S15M1616509,0.0,0
2021,safety-driver,Waymo,SADHW2S15M1616557,3671.6,0
2021,safety-driver,Waymo,SADHW2S15M1616560,2057.5,0
2021,safety-driver,Waymo,SADHW2S15M1616638,1960.9,0
2021,safety-driver,Waymo,SADHW2S15M1616686,112.9,0
2021,safety-driver,Waymo,SADHW2S15M1616705,754.8,0
2021,safety-driver,Waymo,SADHW2S15M1616719,3017.7,0
2021,safety-driver,Waymo,SADHW2S15M1616767,1477.9,1
2021,safety-driver,Waymo,SADHW2S15M1617109,173.5,0
2021,safety-driver,Waymo,SADHW2S15M1617238,701.4,1
2021,safety-driver,Waymo,SADHW2S15M1617319,649.1,0
2021,safety-driver,Waymo,SADHW2S15M1617403,2334.1,0
2021,safety-driver,Waymo,SADHW2S15M1617515,1740.7,1
2021,safety-driver,Waymo,SADHW2S15M1617532,1340.8,0
2021,safety-driver,Waymo,SADHW2S15M1617546,298.5,0
2021,safety-driver,Waymo,SADHW2S15M1X06467,0.0,0
2021,safety-driver,Waymo,SADHW2S15M1X06468,0.0,0
2021,safety-driver,Waymo,SADHW2S15M1X06470,0.0,0
2021,safety-driver,Waymo,SADHW2S15M1X06484,0.0,0
2021,safety-driver,Waymo,SADHW2S16M1601985,0.0,0
2021,safety-driver,Waymo,SADHW2S16M1602067,0.0,0
2021,safety-driver,Waymo,SADHW2S16M1602618,0.0,0
2021,safety-driver,Waymo,SADHW2S16M1602621,449.5,1
2021,safety-driver,Waymo,SADHW2S16M1602697,0.0,0
2021,safety-driver,Waymo,SADHW2S16M1602702,5767.1,6
2021,safety-driver,Waymo,SADHW2S16M1605972,6629.2,2
2021,safety-driver,Waymo,SADHW2S16M1606233,4500.9,4
2021,safety-driver,Waymo,SADHW2S16M1614087,3674.3,1
2021,safety-driver,Waymo,SADHW2S16M1614428,5066.2,0
2021,safety-driver,Waymo,SADHW2S16M1614705,5537.0,0
2021,safety-driver,Waymo,SADHW2S16M1614798,4372.3,0
2021,safety-driver,Waymo,SADHW2S16M1614879,6692.1,1
2021,safety-driver,Waymo,SADHW2S16M1614915,4024.1,0
2021,safety-driver,Waymo,SADHW2S16M1615112,10080.1,0
2021,safety-driver,Waymo,SADHW2S16M1615305,3841.2,0
2021,safety-driver,Waymo,SADHW2S16M1615353,10222.4,1
2021,safety-driver,Waymo,SADHW2S16M1615465,6429.0,0
2021,safety-driver,Waymo,SADHW2S16M1615482,9127.6,0
2021,safety-driver,Waymo,SADHW2S16M1615501,5684.9,0
2021,safety-driver,Waymo,SADHW2S16M1615532,4598.7,0
2021,safety-driver,Waymo,SADHW2S16M1615546,0.0,0
2021,safety-driver,Waymo,SADHW2S16M1615577,6371.1,0
2021,safety-driver,Waymo,SADHW2S16M1615613,5674.5,0
2021,safety-driver,Waymo,SADHW2S16M1615711,378.8,0
2021,safety-driver,Waymo,SADHW2S16M1615742,26.6,0
2021,safety-driver,Waymo,SADHW2S16M1615773,4080.0,0
2021,safety-driver,Waymo,SADHW2S16M1615787,41.8,0
2021,safety-driver,Waymo,SADHW2S16M1615790,2603.2,2
2021,safety-driver,Waymo,SADHW2S16M1615823,4969.9,1
2021,safety-driver,Waymo,SADHW2S16M1615871,1716.6,0
2021,safety-driver,Waymo,SADHW2S16M1615904,7925.4,0
2021,safety-driver,Waymo,SADHW2S16M1615952,4332.6,0
2021,safety-driver,Waymo,SADHW2S16M1616051,7028.4,0
2021,safety-driver,Waymo,SADHW2S16M1616261,32.7,0
2021,safety-driver,Waymo,SADHW2S16M1616325,10987.5,1
2021,safety-driver,Waymo,SADHW2S16M1616471,1901.4,0
2021,safety-driver,Waymo,SADHW2S16M1616549,2546.2,0
2021,safety-driver,Waymo,SADHW2S16M1616650,2440.5,0
2021,safety-driver,Waymo,SADHW2S16M1616860,2491.3,0
2021,safety-driver,Waymo,SADHW2S16M1616972,3643.9,0
2021,safety-driver,Waymo,SADHW2S16M1617278,257.5,0
2021,safety-driver,Waymo,SADHW2S16M1617507,1055.8,0
2021,safety-driver,Waymo,SADHW2S16M1617510,1408.1,0
2021,safety-driver,Waymo,SADHW2S16M1617541,384.7,0
2021,safety-driver,Waymo,SADHW2S16M1617555,72.3,0
2021,safety-driver,Waymo,SADHW2S16M1617569,1293.2,0
2021,safety-driver,Waymo,SADHW2S16M1617619,131.5,0
2021,safety-driver,Waymo,SADHW2S16M1X06462,0.0,0
2021,safety-driver,Waymo,SADHW2S16M1X06476,0.0,0
2021,safety-driver,Waymo,SADHW2S17M1602661,1861.4,0
2021,safety-driver,Waymo,SADHW2S17M1602689,3218.2,2
2021,safety-driver,Waymo,SADHW2S17M1606211,3199.6,2
2021,safety-driver,Waymo,SADHW2S17M1606225,5307.9,5
2021,safety-driver,Waymo,SADHW2S17M1614292,2393.7,0
2021,safety-driver,Waymo,SADHW2S17M1614633,7392.1,0
2021,safety-driver,Waymo,SADHW2S17M1614647,3126.0,0
2021,safety-driver,Waymo,SADHW2S17M1614678,9473.4,0
2021,safety-driver,Waymo,SADHW2S17M1614714,2331.4,0
2021,safety-driver,Waymo,SADHW2S17M1614728,5568.0,0
2021,safety-driver,Waymo,SADHW2S17M1614888,6989.1,1
2021,safety-driver,Waymo,SADHW2S17M1615040,10463.4,1
2021,safety-driver,Waymo,SADHW2S17M1615166,3677.6,0
2021,safety-driver,Waymo,SADHW2S17M1615300,3118.6,2
2021,safety-driver,Waymo,SADHW2S17M1615393,677.3,0
2021,safety-driver,Waymo,SADHW2S17M1615460,3455.2,0
2021,safety-driver,Waymo,SADHW2S17M1615555,840.7,0
2021,safety-driver,Waymo,SADHW2S17M1615572,6798.4,0
2021,safety-driver,Waymo,SADHW2S17M1615605,5339.4,0
2021,safety-driver,Waymo,SADHW2S17M1615619,6354.6,2
2021,safety-driver,Waymo,SADHW2S17M1615653,0.0,0
2021,safety-driver,Waymo,SADHW2S17M1615684,2282.7,0
2021,safety-driver,Waymo,SADHW2S17M1615703,7601.0,0
2021,safety-driver,Waymo,SADHW2S17M1615748,7829.2,0
2021,safety-driver,Waymo,SADHW2S17M1615846,4000.4,0
2021,safety-driver,Waymo,SADHW2S17M1615930,270.0,0
2021,safety-driver,Waymo,SADHW2S17M1615989,10091.8,0
2021,safety-driver,Waymo,SADHW2S17M1616527,4069.8,0
2021,safety-driver,Waymo,SADHW2S17M1616592,956.1,0
2021,safety-driver,Waymo,SADHW2S17M1616656,4091.5,0
2021,safety-driver,Waymo,SADHW2S17M1616740,1551.9,0
2021,safety-driver,Waymo,SADHW2S17M1616799,3264.8,0
2021,safety-driver,Waymo,SADHW2S17M1616818,1461.7,0
2021,safety-driver,Waymo,SADHW2S17M1616916,1717.2,0
2021,safety-driver,Waymo,SADHW2S17M1616950,3176.1,0
2021,safety-driver,Waymo,SADHW2S17M1617385,214.6,0
2021,safety-driver,Waymo,SADHW2S17M1617550,13.3,0
2021,safety-driver,Waymo,SADHW2S17M1617595,241.1,0
2021,safety-driver,Waymo,SADHW2S17M1X06471,0.0,0
2021,safety-driver,Waymo,SADHW2S18M1602670,0.0,0
2021,safety-driver,Waymo,SADHW2S18M1602684,0.0,0
2021,safety-driver,Waymo,SADHW2S18M1602698,2955.2,2
2021,safety-driver,Waymo,SADHW2S18M1602703,5136.1,4
2021,safety-driver,Waymo,SADHW2S18M1606251,6818.8,8
2021,safety-driver,Waymo,SADHW2S18M1614303,0.0,0
2021,safety-driver,Waymo,SADHW2S18M1614463,4559.2,0
2021,safety-driver,Waymo,SADHW2S18M1614480,1501.9,0
2021,safety-driver,Waymo,SADHW2S18M1614687,16399.8,2
2021,safety-driver,Waymo,SADHW2S18M1614964,5444.3,0
2021,safety-driver,Waymo,SADHW2S18M1615063,4474.5,0
2021,safety-driver,Waymo,SADHW2S18M1615077,3086.5,0
2021,safety-driver,Waymo,SADHW2S18M1615094,6656.7,0
2021,safety-driver,Waymo,SADHW2S18M1615208,4728.9,0
2021,safety-driver,Waymo,SADHW2S18M1615225,8588.5,0
2021,safety-driver,Waymo,SADHW2S18M1615239,0.0,0
2021,safety-driver,Waymo,SADHW2S18M1615368,6760.9,0
2021,safety-driver,Waymo,SADHW2S18M1615404,9583.7,0
2021,safety-driver,Waymo,SADHW2S18M1615421,6062.1,0
2021,safety-driver,Waymo,SADHW2S18M1615497,7748.1,0
2021,safety-driver,Waymo,SADHW2S18M1615564,11072.5,3
2021,safety-driver,Waymo,SADHW2S18M1615709,8285.6,0
2021,safety-driver,Waymo,SADHW2S18M1615743,7591.1,0
2021,safety-driver,Waymo,SADHW2S18M1615838,1572.0,0
2021,safety-driver,Waymo,SADHW2S18M1615886,387.3,1
2021,safety-driver,Waymo,SADHW2S18M1615919,2784.4,0
2021,safety-driver,Waymo,SADHW2S18M1615922,10977.3,1
2021,safety-driver,Waymo,SADHW2S18M1615970,3499.2,0
2021,safety-driver,Waymo,SADHW2S18M1616021,4303.7,0
2021,safety-driver,Waymo,SADHW2S18M1616083,13.2,0
2021,safety-driver,Waymo,SADHW2S18M1616178,8.7,0
2021,safety-driver,Waymo,SADHW2S18M1616441,1502.8,0
2021,safety-driver,Waymo,SADHW2S18M1616455,643.4,0
2021,safety-driver,Waymo,SADHW2S18M1616603,2125.6,0
2021,safety-driver,Waymo,SADHW2S18M1616844,0.0,0
2021,safety-driver,Waymo,SADHW2S18M1616939,127.7,0
2021,safety-driver,Waymo,SADHW2S18M1617007,982.5,0
2021,safety-driver,Waymo,SADHW2S18M1617024,2302.5,0
2021,safety-driver,Waymo,SADHW2S18M1617086,0.0,0
2021,safety-driver,Waymo,SADHW2S18M1617122,2736.0,0
2021,safety-driver,Waymo,SADHW2S18M1617248,157.2,0
2021,safety-driver,Waymo,SADHW2S18M1617377,0.0,0
2021,safety-driver,Waymo,SADHW2S18M1617394,1318.3,0
2021,safety-driver,Waymo,SADHW2S18M1617430,1480.6,0
2021,safety-driver,Waymo,SADHW2S18M1617573,214.9,0
2021,safety-driver,Waymo,SADHW2S18M1X06477,0.0,0
2021,safety-driver,Waymo,SADHW2S18M1X06480,0.0,0
2021,safety-driver,Waymo,SADHW2S19M1602614,4970.0,4
2021,safety-driver,Waymo,SADHW2S19M1602645,0.0,0
2021,safety-driver,Waymo,SADHW2S19M1602659,2927.4,3
2021,safety-driver,Waymo,SADHW2S19M1602662,1277.4,0
2021,safety-driver,Waymo,SADHW2S19M1602676,5400.2,3
2021,safety-driver,Waymo,SADHW2S19M1602693,2455.1,0
2021,safety-driver,Waymo,SADHW2S19M1606128,6121.9,6
2021,safety-driver,Waymo,SADHW2S19M1614102,493.7,0
2021,safety-driver,Waymo,SADHW2S19M1614245,1323.6,0
2021,safety-driver,Waymo,SADHW2S19M1614326,6601.9,0
2021,safety-driver,Waymo,SADHW2S19M1614357,5083.5,0
2021,safety-driver,Waymo,SADHW2S19M1614438,10098.3,0
2021,safety-driver,Waymo,SADHW2S19M1614696,12970.5,1
2021,safety-driver,Waymo,SADHW2S19M1614830,10576.8,1
2021,safety-driver,Waymo,SADHW2S19M1614956,2880.7,1
2021,safety-driver,Waymo,SADHW2S19M1615220,238.2,0
2021,safety-driver,Waymo,SADHW2S19M1615234,10010.5,0
2021,safety-driver,Waymo,SADHW2S19M1615248,6716.4,0
2021,safety-driver,Waymo,SADHW2S19M1615282,8769.2,0
2021,safety-driver,Waymo,SADHW2S19M1615461,4466.8,0
2021,safety-driver,Waymo,SADHW2S19M1615539,11402.0,0
2021,safety-driver,Waymo,SADHW2S19M1615668,10303.7,1
2021,safety-driver,Waymo,SADHW2S19M1615671,206.2,0
2021,safety-driver,Waymo,SADHW2S19M1615699,6793.4,0
2021,safety-driver,Waymo,SADHW2S19M1615721,8307.3,1
2021,safety-driver,Waymo,SADHW2S19M1615749,6195.0,0
2021,safety-driver,Waymo,SADHW2S19M1615783,8862.5,0
2021,safety-driver,Waymo,SADHW2S19M1615816,4115.7,0
2021,safety-driver,Waymo,SADHW2S19M1615833,7304.2,0
2021,safety-driver,Waymo,SADHW2S19M1615864,1716.9,0
2021,safety-driver,Waymo,SADHW2S19M1615914,9022.4,0
2021,safety-driver,Waymo,SADHW2S19M1616044,2825.7,1
2021,safety-driver,Waymo,SADHW2S19M1616108,9384.2,1
2021,safety-driver,Waymo,SADHW2S19M1616187,3658.8,1
2021,safety-driver,Waymo,SADHW2S19M1616349,7381.2,0
2021,safety-driver,Waymo,SADHW2S19M1616402,93.8,0
2021,safety-driver,Waymo,SADHW2S19M1616481,2712.9,0
2021,safety-driver,Waymo,SADHW2S19M1616609,2001.1,0
2021,safety-driver,Waymo,SADHW2S19M1616626,1113.4,0
2021,safety-driver,Waymo,SADHW2S19M1616674,2729.3,0
2021,safety-driver,Waymo,SADHW2S19M1616755,4961.2,0
2021,safety-driver,Waymo,SADHW2S19M1616786,0.0,0
2021,safety-driver,Waymo,SADHW2S19M1616805,0.0,0
2021,safety-driver,Waymo,SADHW2S19M1616853,2838.4,0
2021,safety-driver,Waymo,SADHW2S19M1616870,1763.4,0
2021,safety-driver,Waymo,SADHW2S19M1617016,182.7,0
2021,safety-driver,Waymo,SADHW2S19M1617064,719.1,0
2021,safety-driver,Waymo,SADHW2S19M1617078,751.0,0
2021,safety-driver,Waymo,SADHW2S19M1617209,316.1,0
2021,safety-driver,Waymo,SADHW2S19M1617288,1147.0,0
2021,safety-driver,Waymo,SADHW2S19M1617422,1025.8,0
2021,safety-driver,Waymo,SADHW2S19M1617484,0.0,0
2021,safety-driver,Waymo,SADHW2S19M1617520,213.2,0
2021,safety-driver,Waymo,SADHW2S19M1617565,1578.6,0
2021,safety-driver,Waymo,SADHW2S19M1617579,0.0,0
2021,safety-driver,Waymo,SADHW2S19M1617615,428.3,0
2021,safety-driver,Waymo,SADHW2S19M1X06469,0.0,0
2021,safety-driver,Waymo,SADHW2S19M1X06472,0.0,0
2021,safety-driver,Waymo,SADHW2S19M1X06486,0.0,0
2021,safety-driver,Waymo,SADHW2S1XM1602587,2065.1,1
2021,safety-driver,Waymo,SADHW2S1XM1602637,6779.4,5
2021,safety-driver,Waymo,SADHW2S1XM1602668,2156.9,1
2021,safety-driver,Waymo,SADHW2S1XM1602671,3594.5,6
2021,safety-driver,Waymo,SADHW2S1XM1602685,0.0,0
2021,safety-driver,Waymo,SADHW2S1XM1602699,7290.7,6
2021,safety-driver,Waymo,SADHW2S1XM1602735,6486.7,5
2021,safety-driver,Waymo,SADHW2S1XM1605876,5532.9,2
2021,safety-driver,Waymo,SADHW2S1XM1606137,5618.1,5
2021,safety-driver,Waymo,SADHW2S1XM1614335,11559.1,1
2021,safety-driver,Waymo,SADHW2S1XM1614447,13931.2,1
2021,safety-driver,Waymo,SADHW2S1XM1614559,0.0,0
2021,safety-driver,Waymo,SADHW2S1XM1614643,11476.1,1
2021,safety-driver,Waymo,SADHW2S1XM1614822,4059.0,0
2021,safety-driver,Waymo,SADHW2S1XM1614870,10279.5,0
2021,safety-driver,Waymo,SADHW2S1XM1614898,13348.0,1
2021,safety-driver,Waymo,SADHW2S1XM1614948,14441.4,0
2021,safety-driver,Waymo,SADHW2S1XM1615176,11396.4,1
2021,safety-driver,Waymo,SADHW2S1XM1615243,4496.7,0
2021,safety-driver,Waymo,SADHW2S1XM1615629,3968.0,0
2021,safety-driver,Waymo,SADHW2S1XM1615713,724.3,0
2021,safety-driver,Waymo,SADHW2S1XM1615727,0.0,0
2021,safety-driver,Waymo,SADHW2S1XM1615758,1874.3,0
2021,safety-driver,Waymo,SADHW2S1XM1615761,10798.4,0
2021,safety-driver,Waymo,SADHW2S1XM1615937,3964.2,0
2021,safety-driver,Waymo,SADHW2S1XM1616103,6898.5,0
2021,safety-driver,Waymo,SADHW2S1XM1616232,10461.4,0
2021,safety-driver,Waymo,SADHW2S1XM1616392,2427.2,0
2021,safety-driver,Waymo,SADHW2S1XM1616411,3734.1,0
2021,safety-driver,Waymo,SADHW2S1XM1616537,0.0,0
2021,safety-driver,Waymo,SADHW2S1XM1616733,4733.7,0
2021,safety-driver,Waymo,SADHW2S1XM1616831,935.5,0
2021,safety-driver,Waymo,SADHW2S1XM1616893,1679.0,0
2021,safety-driver,Waymo,SADHW2S1XM1616960,822.2,0
2021,safety-driver,Waymo,SADHW2S1XM1617199,1106.0,0
2021,safety-driver,Waymo,SADHW2S1XM1617350,1390.4,0
2021,safety-driver,Waymo,SADHW2S1XM1617414,1935.9,0
2021,safety-driver,Waymo,SADHW2S1XM1617560,694.4,0
2021,safety-driver,Waymo,SADHW2S1XM1617588,724.6,0
2021,safety-driver,Waymo,SADHW2S1XM1617638,678.8,0
2021,safety-driver,Waymo,SADHW2S1XM1X06478,0.0,0
2021,safety-driver,Waymo,SADHW2S1XM1X06481,0.0,0
2021,safety-driver,WeRide,1N4AZ1CP0KC303358,363.65,0
2021,safety-driver,WeRide,1N4AZ1CP2KC305130,3071.55,0
2021,safety-driver,WeRide,1N4AZ1CP2KC305743,5164.2,0
2021,safety-driver,WeRide,1N4AZ1CP3KC301099,8338.75,1
2021,safety-driver,WeRide,1N4AZ1CP4KC303668,334.8,0
2021,safety-driver,WeRide,1N4AZ1CP4KC305551,70.7,0
2021,safety-driver,WeRide,1N4AZ1CP5JC315505,9.2,0
2021,safety-driver,WeRide,1N4AZ1CP5KC307681,935.2,1
2021,safety-driver,WeRide,1N4AZ1CP6KC305048,0.0,0
2021,safety-driver,WeRide,3LN6L5LU1HR638729,11126.55,1
2021,safety-driver,WeRide,3LN6L5LU3HR640854,36.4,0
2021,safety-driver,WeRide,3LN6L5LU4HR637607,377.0,0
2021,safety-driver,WeRide,3LN6L5MU1HR637773,12994.4,0
2021,safety-driver,WeRide,3LN6L5MU2HR654727,15143.85,0
2021,safety-driver,Zoox,5TDDCRFH0GS013994,5396.0,0
2021,safety-driver,Zoox,5TDDCRFH0GS014515,0.0,0
2021,safety-driver,Zoox,5TDDCRFH0GS015163,0.0,0
2021,safety-driver,Zoox,5TDDCRFH0GS015678,2983.0,0
2021,safety-driver,Zoox,5TDDCRFH0GS015860,486.0,0
2021,safety-driver,Zoox,5TDDCRFH0GS017379,4944.0,1
2021,safety-driver,Zoox,5TDDCRFH0GS017625,2590.0,0
2021,safety-driver,Zoox,5TDDCRFH0GS017818,8969.0,3
2021,safety-driver,Zoox,5TDDCRFH0GS019729,590.0,0
2021,safety-driver,Zoox,5TDDCRFH0GS019908,775.0,0
2021,safety-driver,Zoox,5TDDCRFH1GS014622,0.0,0
2021,safety-driver,Zoox,5TDDCRFH1GS014880,2925.0,0
2021,safety-driver,Zoox,5TDDCRFH1GS014961,2360.0,0
2021,safety-driver,Zoox,5TDDCRFH1GS015009,46.0,0
2021,safety-driver,Zoox,5TDDCRFH1GS016144,1153.0,0
2021,safety-driver,Zoox,5TDDCRFH1GS016810,5589.0,1
2021,safety-driver,Zoox,5TDDCRFH1GS019609,0.0,0
2021,safety-driver,Zoox,5TDDCRFH2GS014810,1873.0,0
2021,safety-driver,Zoox,5TDDCRFH2GS015195,1887.0,0
2021,safety-driver,Zoox,5TDDCRFH2GS015200,1914.0,0
2021,safety-driver,Zoox,5TDDCRFH2GS015424,5218.0,0
2021,safety-driver,Zoox,5TDDCRFH2GS015522,0.0,0
2021,safety-driver,Zoox,5TDDCRFH2GS015942,659.0,0
2021,safety-driver,Zoox,5TDDCRFH2GS016427,131.0,0
2021,safety-driver,Zoox,5TDDCRFH2GS019781,8338.0,1
2021,safety-driver,Zoox,5TDDCRFH3GS015299,0.0,0
2021,safety-driver,Zoox,5TDDCRFH3GS015349,0.0,0
2021,safety-driver,Zoox,5TDDCRFH3GS015934,0.0,0
2021,safety-driver,Zoox,5TDDCRFH3GS016839,4226.0,1
2021,safety-driver,Zoox,5TDDCRFH3GS016954,1652.0,0
2021,safety-driver,Zoox,5TDDCRFH3GS018641,0.0,0
2021,safety-driver,Zoox,5TDDCRFH3GS019210,215.0,0
2021,safety-driver,Zoox,5TDDCRFH3GS019501,2110.0,0
2021,safety-driver,Zoox,5TDDCRFH3GS020471,1174.0,0
2021,safety-driver,Zoox,5TDDCRFH4GS016607,7749.0,3
2021,safety-driver,Zoox,5TDDCRFH4GS017014,290.0,0
2021,safety-driver,Zoox,5TDDCRFH4GS018132,0.0,0
2021,safety-driver,Zoox,5TDDCRFH4GS019989,1951.0,0
2021,safety-driver,Zoox,5TDDCRFH5GS013800,0.0,0
2021,safety-driver,Zoox,5TDDCRFH5GS014395,100.0,0
2021,safety-driver,Zoox,5TDDCRFH5GS015840,0.0,0
2021,safety-driver,Zoox,5TDDCRFH5GS017703,661.0,0
2021,safety-driver,Zoox,5TDDCRFH5GS018642,588.0,0
2021,safety-driver,Zoox,5TDDCRFH5GS020245,8064.0,1
2021,safety-driver,Zoox,5TDDCRFH6GS015023,0.0,0
2021,safety-driver,Zoox,5TDDCRFH6GS018312,0.0,0
2021,safety-driver,Zoox,5TDDCRFH6GS019086,2126.0,0
2021,safety-driver,Zoox,5TDDCRFH6GS020187,20.0,0
2021,safety-driver,Zoox,5TDDCRFH6GS020268,1255.0,0
2021,safety-driver,Zoox,5TDDCRFH7GS013880,5045.0,0
2021,safety-driver,Zoox,5TDDCRFH7GS015225,7601.0,0
2021,safety-driver,Zoox,5TDDCRFH7GS015502,8038.0,3
2021,safety-driver,Zoox,5TDDCRFH7GS015631,0.0,0
2021,safety-driver,Zoox,5TDDCRFH7GS016522,744.0,0
2021,safety-driver,Zoox,5TDDCRFH7GS017587,0.0,0
2021,safety-driver,Zoox,5TDDCRFH7GS018805,0.0,0
2021,safety-driver,Zoox,5TDDCRFH7GS018948,1095.0,0
2021,safety-driver,Zoox,5TDDCRFH7GS019386,0.0,0
2021,safety-driver,Zoox,5TDDCRFH8GS013905,0.0,0
2021,safety-driver,Zoox,5TDDCRFH8GS016321,244.0,0
2021,safety-driver,Zoox,5TDDCRFH8GS017839,716.0,1
2021,safety-driver,Zoox,5TDDCRFH8GS018456,3572.0,0
2021,safety-driver,Zoox,5TDDCRFH8GS019493,2267.0,0
2021,safety-driver,Zoox,5TDDCRFH8GS020224,3892.0,1
2021,safety-driver,Zoox,5TDDCRFH8GS020384,8331.0,3
2021,safety-driver,Zoox,5TDDCRFH8GS020496,3661.0,0
2021,safety-driver,Zoox,5TDDCRFH8GS020658,2828.0,1
2021,safety-driver,Zoox,5TDDCRFH9GS014366,2069.0,0
2021,safety-driver,Zoox,5TDDCRFH9GS015016,821.0,0
2021,safety-driver,Zoox,5TDDCRFH9GS015257,1893.0,1
2021,safety-driver,Zoox,5TDDCRFH9GS015632,6874.0,0
2021,safety-driver,Zoox,5TDDCRFH9GS016649,0.0,0
2021,safety-driver,Zoox,5TDDCRFH9GS017543,0.0,0
2021,safety-driver,Zoox,5TDDCRFH9GS017946,1681.0,0
2021,safety-driver,Zoox,5TDDCRFH9GS018451,204.0,0
2021,safety-driver,Zoox,5TDDCRFH9GS018790,0.0,0
2021,safety-driver,Zoox,5TDDCRFH9GS019454,689.0,0
2021,safety-driver,Zoox,5TDDCRFHXGS013971,0.0,0
2021,safety-driver,Zoox,5TDDCRFHXGS014330,0.0,0
2021,safety-driver,Zoox,5TDDCRFHXGS014358,0.0,0
2021,safety-driver,Zoox,5TDDCRFHXGS016725,737.0,0
2021,safety-driver,Zoox,5TDDCRFHXGS017602,0.0,0
2021,safety-driver,Zoox,5TDDCRFHXGS018510,0.0,0
2021,safety-driver,Zoox,5TDDCRFHXGS020015,1116.0,0
2021,safety-driver,Zoox,5TDDGRFH6HS021720,0.0,0
2021,safety-driver,aiMotive,4T1B21HK6KU514747,1149.0,49
2021,safety-driver,aiMotive,JTDKN3DU9A0059509,1827.0,57
2022,safety-driver,Apollo,2C4RC1N71LR252232,141.6,0
2022,safety-driver,Apollo,2C4RC1N77LR190366,824.4,0
2022,safety-driver,Apollo,2T2BGMCA5JC021381,0.0,0
2022,safety-driver,Apollo,3LN6L2LU4GR629715,368.9,0
2022,safety-driver,Apollo,3LN6L2LU5GR607996,0.0,0
2022,safety-driver,Apollo,3LN6L5LU1HR627987,0.0,0
2022,safety-driver,Apollo,3LN6L5LU2HR615153,1142.1,0
2022,safety-driver,Apple,2T2BGMCA0GC007400,8484.1,286
2022,safety-driver,Apple,2T2BGMCA0GC007946,1.4,0
2022,safety-driver,Apple,2T2BGMCA0HC014753,1971.2,112
2022,safety-driver,Apple,2T2BGMCA0HC015899,0.4,0
2022,safety-driver,Apple,2T2BGMCA0HC016082,0.0,0
2022,safety-driver,Apple,2T2BGMCA0HC019225,3605.4,335
2022,safety-driver,Apple,2T2BGMCA0HC019709,1.3,0
2022,safety-driver,Apple,2T2BGMCA0HC019919,0.9,0
2022,safety-driver,Apple,2T2BGMCA0HC019967,0.5,0
2022,safety-driver,Apple,2T2BGMCA0HC020083,0.9,0
2022,safety-driver,Apple,2T2BGMCA1GC008135,0.0,0
2022,safety-driver,Apple,2T2BGMCA1HC014096,0.0,0
2022,safety-driver,Apple,2T2BGMCA1HC016933,0.4,0
2022,safety-driver,Apple,2T2BGMCA2GC003882,7766.8,409
2022,safety-driver,Apple,2T2BGMCA2GC004112,0.0,0
2022,safety-driver,Apple,2T2BGMCA2GC005566,0.0,0
2022,safety-driver,Apple,2T2BGMCA2GC007334,0.0,0
2022,safety-driver,Apple,2T2BGMCA2GC007754,1.3,2
2022,safety-driver,Apple,2T2BGMCA2GC008418,0.9,0
2022,safety-driver,Apple,2T2BGMCA2HC012521,7891.3,311
2022,safety-driver,Apple,2T2BGMCA2HC019338,2.9,0
2022,safety-driver,Apple,2T2BGMCA2HC019890,0.0,0
2022,safety-driver,Apple,2T2BGMCA2HC019968,0.0,0
2022,safety-driver,Apple,2T2BGMCA2HC020151,139.2,24
2022,safety-driver,Apple,2T2BGMCA3GC007861,1054.6,118
2022,safety-driver,Apple,2T2BGMCA3GC007911,2190.6,106
2022,safety-driver,Apple,2T2BGMCA3HC014584,0.9,0
2022,safety-driver,Apple,2T2BGMCA3HC020062,0.4,0
2022,safety-driver,Apple,2T2BGMCA4GC005228,0.4,0
2022,safety-driver,Apple,2T2BGMCA4HC016845,0.0,0
2022,safety-driver,Apple,2T2BGMCA4HC016912,0.4,0
2022,safety-driver,Apple,2T2BGMCA4HC019826,1501.1,37
2022,safety-driver,Apple,2T2BGMCA4HC020118,6196.2,204
2022,safety-driver,Apple,2T2BGMCA5GC006145,0.0,0
2022,safety-driver,Apple,2T2BGMCA5HC014389,7678.6,294
2022,safety-driver,Apple,2T2BGMCA5HC019219,0.4,0
2022,safety-driver,Apple,2T2BGMCA5HC019432,9908.3,692
2022,safety-driver,Apple,2T2BGMCA5HC019737,81.2,1
2022,safety-driver,Apple,2T2BGMCA5HC019818,6335.9,209
2022,safety-driver,Apple,2T2BGMCA6GC007983,0.0,0
2022,safety-driver,Apple,2T2BGMCA6HC016667,0.0,0
2022,safety-driver,Apple,2T2BGMCA6HC019228,0.4,0
2022,safety-driver,Apple,2T2BGMCA7GC003781,0.4,0
2022,safety-driver,Apple,2T2BGMCA7GC007068,1987.5,117
2022,safety-driver,Apple,2T2BGMCA7GC008382,0.0,0
2022,safety-driver,Apple,2T2BGMCA7HC014877,0.0,0
2022,safety-driver,Apple,2T2BGMCA7HC017262,0.0,0
2022,safety-driver,Apple,2T2BGMCA8GC003823,8134.1,162
2022,safety-driver,Apple,2T2BGMCA8GC003871,0.0,0
2022,safety-driver,Apple,2T2BGMCA8GC007371,3180.3,131
2022,safety-driver,Apple,2T2BGMCA8GC008424,0.0,0
2022,safety-driver,Apple,2T2BGMCA8GC008505,11640.8,774
2022,safety-driver,Apple,2T2BGMCA8HC016136,0.9,0
2022,safety-driver,Apple,2T2BGMCA8HC017772,3847.8,159
2022,safety-driver,Apple,2T2BGMCA8HC019411,0.9,0
2022,safety-driver,Apple,2T2BGMCA8HC019540,3406.2,240
2022,safety-driver,Apple,2T2BGMCA8HC019876,0.0,0
2022,safety-driver,Apple,2T2BGMCA8HC020137,492.5,4
2022,safety-driver,Apple,2T2BGMCA9GC007394,0.6,0
2022,safety-driver,Apple,2T2BGMCA9GC008464,4607.5,189
2022,safety-driver,Apple,2T2BGMCA9HC019126,11446.7,625
2022,safety-driver,Apple,2T2BGMCA9HC019305,0.0,0
2022,safety-driver,Apple,2T2BGMCA9HC019532,2814.6,50
2022,safety-driver,Apple,2T2BGMCAXGC006416,4871.4,272
2022,safety-driver,Apple,2T2BGMCAXHC014310,0.0,0
2022,safety-driver,Apple,2T2BGMCAXHC018051,0.9,0
2022,safety-driver,Apple,2T2BGMCAXHC018082,0.9,0
2022,safety-driver,Apple,2T2BGMCAXHC019927,0.0,0
2022,safety-driver,Apple,2T2BGMCAXHC020026,3844.0,119
2022,safety-driver,Argo AI,1FMCU0DZ2LUA86415,633.49,0
2022,safety-driver,Argo AI,1FMCU0DZ3LUA86374,2642.56,1
2022,safety-driver,Argo AI,1FMCU0DZ3LUB20720,0.0,0
2022,safety-driver,Argo AI,1FMCU0DZ5LUB20718,553.15,0
2022,safety-driver,Argo AI,1FMCU0DZ8LUB20650,3686.74,0
2022,safety-driver,Argo AI,1FMCU0DZ8LUB20731,0.0,0
2022,safety-driver,Argo AI,1FMCU0DZXLUB20651,1480.3,0
2022,safety-driver,Argo AI,1FMCU0DZXLUB20665,2551.94,0
2022,safety-driver,Argo AI,3FA6P0MU2KR100080,1506.89,0
2022,safety-driver,Argo AI,3FA6P0MU2KR100094,1229.69,0
2022,safety-driver,Argo AI,3FA6P0MU4KR100114,1080.34,0
2022,safety-driver,Argo AI,3FA6P0MU6KR100163,3275.71,0
2022,safety-driver,Aurora,5TDYRKEC7MS056267,25.86,0
2022,safety-driver,AutoX,2C4RC1N70LR289823,2461.0,0
2022,safety-driver,AutoX,2C4RC1N70RL235194,0.0,0
2022,safety-driver,AutoX,2C4RC1N71LR235088,0.0,0
2022,safety-driver,AutoX,2C4RC1N71LR235205,0.0,0
2022,safety-driver,AutoX,2C4RC1N72LR235195,0.0,0
2022,safety-driver,AutoX,2C4RC1N72LR235200,0.0,0
2022,safety-driver,AutoX,2C4RC1N72LR287877,8271.0,1
2022,safety-driver,AutoX,2C4RC1N72LR287880,5922.0,0
2022,safety-driver,AutoX,2C4RC1N72LR289824,5462.0,0
2022,safety-driver,AutoX,2C4RC1N73JR229418,0.0,0
2022,safety-driver,AutoX,2C4RC1N73LR235089,0.0,0
2022,safety-driver,AutoX,2C4RC1N73LR235190,0.0,0
2022,safety-driver,AutoX,2C4RC1N73LR235206,0.0,0
2022,safety-driver,AutoX,2C4RC1N73LR235903,0.0,0
2022,safety-driver,AutoX,2C4RC1N74LR235196,0.0,0
2022,safety-driver,AutoX,2C4RC1N74LR235201,0.0,0
2022,safety-driver,AutoX,2C4RC1N74LR287878,5508.0,0
2022,safety-driver,AutoX,2C4RC1N74LR287881,2563.0,0
2022,safety-driver,AutoX,2C4RC1N74LR289825,600.0,0
2022,safety-driver,AutoX,2C4RC1N75LR235188,0.0,0
2022,safety-driver,AutoX,2C4RC1N75LR235191,0.0,0
2022,safety-driver,AutoX,2C4RC1N75LR235207,273.0,0
2022,safety-driver,AutoX,2C4RC1N75LR235904,0.0,0
2022,safety-driver,AutoX,2C4RC1N76LR235197,0.0,0
2022,safety-driver,AutoX,2C4RC1N76LR235202,0.0,0
2022,safety-driver,AutoX,2C4RC1N76LR287879,2431.0,0
2022,safety-driver,AutoX,2C4RC1N76LR287882,318.0,0
2022,safety-driver,AutoX,2C4RC1N77LR196426,6627.0,0
2022,safety-driver,AutoX,2C4RC1N77LR235189,0.0,0
2022,safety-driver,AutoX,2C4RC1N77LR235192,138.0,0
2022,safety-driver,AutoX,2C4RC1N78LR235198,0.0,0
2022,safety-driver,AutoX,2C4RC1N78LR235203,59.0,0
2022,safety-driver,AutoX,2C4RC1N78LR239994,0.0,0
2022,safety-driver,AutoX,2C4RC1N79LR196427,2700.0,0
2022,safety-driver,AutoX,2C4RC1N79LR235193,0.0,0
2022,safety-driver,AutoX,2C4RC1N79LR289822,5981.0,0
2022,safety-driver,AutoX,2C4RC1N7XLR235087,0.0,0
2022,safety-driver,AutoX,2C4RC1N7XLR235199,0.0,0
2022,safety-driver,AutoX,2C4RC1N7XLR235204,0.0,0
2022,safety-driver,AutoX,3LN6L5LU1HR637709,0.0,0
2022,safety-driver,AutoX,3LN6L5MU5JR618391,0.0,0
2022,safety-driver,AutoX,3LN6L5MU9JR614778,0.0,0
2022,safety-driver,AutoX,3LN6L5MUXJR626177,0.0,0
2022,safety-driver,AutoX,3NL6L5MU8JR628090,0.0,0
2022,safety-driver,Cruise,5G21A6P00L4100023,1841.77,0
2022,safety-driver,Cruise,5G21A6P00L4100037,12919.4,0
2022,safety-driver,Cruise,5G21A6P00L4100040,0.68,0
2022,safety-driver,Cruise,5G21A6P00L4100054,0.0,0
2022,safety-driver,Cruise,5G21A6P00L4100068,16381.33,0
2022,safety-driver,Cruise,5G21A6P00L4100085,15845.93,0
2022,safety-driver,Cruise,5G21A6P00L4100118,6544.03,0
2022,safety-driver,Cruise,5G21A6P00L4100121,104.9,0
2022,safety-driver,Cruise,5G21A6P00L4100135,3.33,0
2022,safety-driver,Cruise,5G21A6P00L4100183,0.0,0
2022,safety-driver,Cruise,5G21A6P00N4118976,4057.22,0
2022,safety-driver,Cruise,5G21A6P00N4121599,1602.01,0
2022,safety-driver,Cruise,5G21A6P00N4121604,1964.28,0
2022,safety-driver,Cruise,5G21A6P00N4121618,8834.27,0
2022,safety-driver,Cruise,5G21A6P00N4121621,6009.54,0
2022,safety-driver,Cruise,5G21A6P00N4121635,840.37,0
2022,safety-driver,Cruise,5G21A6P00N4121649,859.51,0
2022,safety-driver,Cruise,5G21A6P00N4121652,318.18,0
2022,safety-driver,Cruise,5G21A6P00N4121666,323.17,0
2022,safety-driver,Cruise,5G21A6P00N4121683,331.07,0
2022,safety-driver,Cruise,5G21A6P00N4121697,267.25,0
2022,safety-driver,Cruise,5G21A6P00N4122106,397.25,0
2022,safety-driver,Cruise,5G21A6P00P4100058,721.16,0
2022,safety-driver,Cruise,5G21A6P00P4100061,371.48,0
2022,safety-driver,Cruise,5G21A6P00P4100075,205.99,0
2022,safety-driver,Cruise,5G21A6P00P4100089,840.6,0
2022,safety-driver,Cruise,5G21A6P00P4100092,297.01,0
2022,safety-driver,Cruise,5G21A6P00P4100108,817.26,0
2022,safety-driver,Cruise,5G21A6P00P4100111,1287.16,0
2022,safety-driver,Cruise,5G21A6P00P4100125,206.56,0
2022,safety-driver,Cruise,5G21A6P00P4100593,15.79,0
2022,safety-driver,Cruise,5G21A6P00P4103056,300.32,0
2022,safety-driver,Cruise,5G21A6P00P4103509,246.68,0
2022,safety-driver,Cruise,5G21A6P00P4104675,3.0,0
2022,safety-driver,Cruise,5G21A6P00P4105356,0.0,0
2022,safety-driver,Cruise,5G21A6P00P4106894,263.55,0
2022,safety-driver,Cruise,5G21A6P00P4109679,0.0,0
2022,safety-driver,Cruise,5G21A6P00P4109682,0.0,0
2022,safety-driver,Cruise,5G21A6P00P4110945,0.0,0
2022,safety-driver,Cruise,5G21A6P01L4100015,0.0,0
2022,safety-driver,Cruise,5G21A6P01L4100029,71.9,0
2022,safety-driver,Cruise,5G21A6P01L4100046,14524.36,0
2022,safety-driver,Cruise,5G21A6P01L4100063,0.0,0
2022,safety-driver,Cruise,5G21A6P01L4100161,0.0,0
2022,safety-driver,Cruise,5G21A6P01L4100189,2467.44,0
2022,safety-driver,Cruise,5G21A6P01N4121594,14204.12,0
2022,safety-driver,Cruise,5G21A6P01N4121613,365.75,0
2022,safety-driver,Cruise,5G21A6P01N4121627,437.47,0
2022,safety-driver,Cruise,5G21A6P01N4121630,653.82,0
2022,safety-driver,Cruise,5G21A6P01N4121644,298.48,0
2022,safety-driver,Cruise,5G21A6P01N4121658,804.91,0
2022,safety-driver,Cruise,5G21A6P01N4121661,328.68,0
2022,safety-driver,Cruise,5G21A6P01N4121675,746.91,0
2022,safety-driver,Cruise,5G21A6P01N4121689,211.33,0
2022,safety-driver,Cruise,5G21A6P01N4121692,560.15,0
2022,safety-driver,Cruise,5G21A6P01N4122101,0.0,0
2022,safety-driver,Cruise,5G21A6P01P4100053,334.59,0
2022,safety-driver,Cruise,5G21A6P01P4100067,335.19,0
2022,safety-driver,Cruise,5G21A6P01P4100070,742.92,0
2022,safety-driver,Cruise,5G21A6P01P4100084,547.87,0
2022,safety-driver,Cruise,5G21A6P01P4100098,296.71,0
2022,safety-driver,Cruise,5G21A6P01P4100103,422.63,0
2022,safety-driver,Cruise,5G21A6P01P4100117,231.6,0
2022,safety-driver,Cruise,5G21A6P01P4100120,204.87,0
2022,safety-driver,Cruise,5G21A6P01P4100134,749.99,0
2022,safety-driver,Cruise,5G21A6P01P4102126,212.62,0
2022,safety-driver,Cruise,5G21A6P01P4103504,0.0,0
2022,safety-driver,Cruise,5G21A6P01P4106113,269.62,0
2022,safety-driver,Cruise,5G21A6P01P4107939,0.0,0
2022,safety-driver,Cruise,5G21A6P01P4107942,288.4,0
2022,safety-driver,Cruise,5G21A6P01P4110940,19.36,0
2022,safety-driver,Cruise,5G21A6P02L4100010,12867.45,0
2022,safety-driver,Cruise,5G21A6P02L4100041,91.17,0
2022,safety-driver,Cruise,5G21A6P02L4100069,1809.55,0
2022,safety-driver,Cruise,5G21A6P02L4100086,15222.98,0
2022,safety-driver,Cruise,5G21A6P02L4100119,20.06,0
2022,safety-driver,Cruise,5G21A6P02L4100122,2.65,0
2022,safety-driver,Cruise,5G21A6P02L4100136,16189.61,0
2022,safety-driver,Cruise,5G21A6P02L4100184,2863.73,0
2022,safety-driver,Cruise,5G21A6P02L4110407,0.0,0
2022,safety-driver,Cruise,5G21A6P02N4121085,12737.65,0
2022,safety-driver,Cruise,5G21A6P02N4121605,8844.03,0
2022,safety-driver,Cruise,5G21A6P02N4121619,9883.78,0
2022,safety-driver,Cruise,5G21A6P02N4121622,15014.6,1
2022,safety-driver,Cruise,5G21A6P02N4121636,1477.81,0
2022,safety-driver,Cruise,5G21A6P02N4121653,464.01,0
2022,safety-driver,Cruise,5G21A6P02N4121667,326.46,0
2022,safety-driver,Cruise,5G21A6P02N4121670,676.99,0
2022,safety-driver,Cruise,5G21A6P02N4121684,693.47,0
2022,safety-driver,Cruise,5G21A6P02N4121698,791.52,0
2022,safety-driver,Cruise,5G21A6P02N4122107,417.03,0
2022,safety-driver,Cruise,5G21A6P02N4122110,216.01,0
2022,safety-driver,Cruise,5G21A6P02P4100059,354.9,0
2022,safety-driver,Cruise,5G21A6P02P4100062,303.16,0
2022,safety-driver,Cruise,5G21A6P02P4100076,274.31,0
2022,safety-driver,Cruise,5G21A6P02P4100093,463.75,0
2022,safety-driver,Cruise,5G21A6P02P4100109,313.24,0
2022,safety-driver,Cruise,5G21A6P02P4100112,580.15,0
2022,safety-driver,Cruise,5G21A6P02P4100126,686.58,0
2022,safety-driver,Cruise,5G21A6P02P4101681,0.0,0
2022,safety-driver,Cruise,5G21A6P02P4103057,297.75,0
2022,safety-driver,Cruise,5G21A6P02P4103060,383.88,0
2022,safety-driver,Cruise,5G21A6P02P4104676,335.73,0
2022,safety-driver,Cruise,5G21A6P02P4105357,0.0,0
2022,safety-driver,Cruise,5G21A6P02P4105360,306.08,0
2022,safety-driver,Cruise,5G21A6P02P4106895,2.02,0
2022,safety-driver,Cruise,5G21A6P02P4110946,0.0,0
2022,safety-driver,Cruise,5G21A6P03L4100016,13389.37,1
2022,safety-driver,Cruise,5G21A6P03L4100047,15644.43,0
2022,safety-driver,Cruise,5G21A6P03L4100050,13828.69,0
2022,safety-driver,Cruise,5G21A6P03L4100128,0.0,0
2022,safety-driver,Cruise,5G21A6P03L4100159,4706.78,0
2022,safety-driver,Cruise,5G21A6P03L4100176,7115.36,0
2022,safety-driver,Cruise,5G21A6P03N4121595,13386.88,0
2022,safety-driver,Cruise,5G21A6P03N4121600,1683.96,0
2022,safety-driver,Cruise,5G21A6P03N4121614,644.79,0
2022,safety-driver,Cruise,5G21A6P03N4121628,290.81,0
2022,safety-driver,Cruise,5G21A6P03N4121631,1120.1,0
2022,safety-driver,Cruise,5G21A6P03N4121645,715.03,0
2022,safety-driver,Cruise,5G21A6P03N4121659,370.12,0
2022,safety-driver,Cruise,5G21A6P03N4121662,572.52,0
2022,safety-driver,Cruise,5G21A6P03N4121676,211.65,0
2022,safety-driver,Cruise,5G21A6P03N4121693,321.24,0
2022,safety-driver,Cruise,5G21A6P03N4122097,359.46,0
2022,safety-driver,Cruise,5G21A6P03N4122102,376.72,0
2022,safety-driver,Cruise,5G21A6P03P4100054,667.11,0
2022,safety-driver,Cruise,5G21A6P03P4100068,442.99,0
2022,safety-driver,Cruise,5G21A6P03P4100071,441.37,0
2022,safety-driver,Cruise,5G21A6P03P4100085,535.72,0
2022,safety-driver,Cruise,5G21A6P03P4100099,746.98,0
2022,safety-driver,Cruise,5G21A6P03P4100104,779.0,0
2022,safety-driver,Cruise,5G21A6P03P4100118,557.62,0
2022,safety-driver,Cruise,5G21A6P03P4100121,981.15,0
2022,safety-driver,Cruise,5G21A6P03P4102127,250.58,0
2022,safety-driver,Cruise,5G21A6P03P4102130,202.92,0
2022,safety-driver,Cruise,5G21A6P03P4103505,264.78,0
2022,safety-driver,Cruise,5G21A6P03P4108445,0.0,0
2022,safety-driver,Cruise,5G21A6P03P4110941,0.0,0
2022,safety-driver,Cruise,5G21A6P04L4100008,11299.21,0
2022,safety-driver,Cruise,5G21A6P04L4100025,4737.16,0
2022,safety-driver,Cruise,5G21A6P04L4100123,5743.92,0
2022,safety-driver,Cruise,5G21A6P04L4100140,17097.43,1
2022,safety-driver,Cruise,5G21A6P04L4100168,37.41,0
2022,safety-driver,Cruise,5G21A6P04L4100185,6133.73,0
2022,safety-driver,Cruise,5G21A6P04N4121086,7547.89,0
2022,safety-driver,Cruise,5G21A6P04N4121606,8835.74,0
2022,safety-driver,Cruise,5G21A6P04N4121623,8789.86,0
2022,safety-driver,Cruise,5G21A6P04N4121637,474.86,0
2022,safety-driver,Cruise,5G21A6P04N4121640,505.71,0
2022,safety-driver,Cruise,5G21A6P04N4121654,637.92,0
2022,safety-driver,Cruise,5G21A6P04N4121668,836.26,0
2022,safety-driver,Cruise,5G21A6P04N4121671,431.27,0
2022,safety-driver,Cruise,5G21A6P04N4121685,332.28,0
2022,safety-driver,Cruise,5G21A6P04N4122108,359.13,0
2022,safety-driver,Cruise,5G21A6P04P4100063,817.8,0
2022,safety-driver,Cruise,5G21A6P04P4100077,519.74,0
2022,safety-driver,Cruise,5G21A6P04P4100080,389.21,0
2022,safety-driver,Cruise,5G21A6P04P4100094,212.7,0
2022,safety-driver,Cruise,5G21A6P04P4100113,241.28,0
2022,safety-driver,Cruise,5G21A6P04P4100127,11.45,0
2022,safety-driver,Cruise,5G21A6P04P4100130,0.0,0
2022,safety-driver,Cruise,5G21A6P04P4101679,106.16,0
2022,safety-driver,Cruise,5G21A6P04P4101682,374.41,0
2022,safety-driver,Cruise,5G21A6P04P4103058,164.55,0
2022,safety-driver,Cruise,5G21A6P04P4103061,226.29,0
2022,safety-driver,Cruise,5G21A6P04P4104677,345.96,0
2022,safety-driver,Cruise,5G21A6P04P4104680,1.25,0
2022,safety-driver,Cruise,5G21A6P04P4105358,254.79,0
2022,safety-driver,Cruise,5G21A6P04P4105361,243.18,0
2022,safety-driver,Cruise,5G21A6P04P4106106,296.71,0
2022,safety-driver,Cruise,5G21A6P04P4106896,0.0,0
2022,safety-driver,Cruise,5G21A6P05L4100003,887.69,0
2022,safety-driver,Cruise,5G21A6P05L4100048,6802.87,0
2022,safety-driver,Cruise,5G21A6P05L4100082,52.72,0
2022,safety-driver,Cruise,5G21A6P05L4100115,4504.29,0
2022,safety-driver,Cruise,5G21A6P05L4100129,225.86,0
2022,safety-driver,Cruise,5G21A6P05L4100177,6837.34,0
2022,safety-driver,Cruise,5G21A6P05L4100180,0.0,0
2022,safety-driver,Cruise,5G21A6P05N4121596,15821.88,1
2022,safety-driver,Cruise,5G21A6P05N4121601,873.33,0
2022,safety-driver,Cruise,5G21A6P05N4121615,326.61,0
2022,safety-driver,Cruise,5G21A6P05N4121629,990.27,0
2022,safety-driver,Cruise,5G21A6P05N4121632,752.59,0
2022,safety-driver,Cruise,5G21A6P05N4121646,646.76,0
2022,safety-driver,Cruise,5G21A6P05N4121663,406.84,0
2022,safety-driver,Cruise,5G21A6P05N4121677,404.48,0
2022,safety-driver,Cruise,5G21A6P05N4121680,261.59,0
2022,safety-driver,Cruise,5G21A6P05N4121694,695.59,0
2022,safety-driver,Cruise,5G21A6P05N4122098,240.38,0
2022,safety-driver,Cruise,5G21A6P05N4122103,0.0,0
2022,safety-driver,Cruise,5G21A6P05P4100055,10.36,0
2022,safety-driver,Cruise,5G21A6P05P4100069,431.87,0
2022,safety-driver,Cruise,5G21A6P05P4100072,557.91,0
2022,safety-driver,Cruise,5G21A6P05P4100086,850.98,0
2022,safety-driver,Cruise,5G21A6P05P4100105,281.79,0
2022,safety-driver,Cruise,5G21A6P05P4100119,735.46,0
2022,safety-driver,Cruise,5G21A6P05P4100122,224.43,0
2022,safety-driver,Cruise,5G21A6P05P4102128,209.61,0
2022,safety-driver,Cruise,5G21A6P05P4102131,293.3,0
2022,safety-driver,Cruise,5G21A6P05P4103506,389.08,0
2022,safety-driver,Cruise,5G21A6P05P4107944,0.0,0
2022,safety-driver,Cruise,5G21A6P05P4108446,45.64,0
2022,safety-driver,Cruise,5G21A6P05P4109676,206.06,0
2022,safety-driver,Cruise,5G21A6P06L4100026,729.02,0
2022,safety-driver,Cruise,5G21A6P06L4100043,3791.23,0
2022,safety-driver,Cruise,5G21A6P06L4100057,15694.17,0
2022,safety-driver,Cruise,5G21A6P06L4100060,3.1,0
2022,safety-driver,Cruise,5G21A6P06L4100074,11843.51,0
2022,safety-driver,Cruise,5G21A6P06L4100124,14057.55,0
2022,safety-driver,Cruise,5G21A6P06L4100169,3581.72,0
2022,safety-driver,Cruise,5G21A6P06L4100186,3.68,0
2022,safety-driver,Cruise,5G21A6P06N4121607,798.02,0
2022,safety-driver,Cruise,5G21A6P06N4121610,304.21,0
2022,safety-driver,Cruise,5G21A6P06N4121624,513.98,0
2022,safety-driver,Cruise,5G21A6P06N4121638,910.29,0
2022,safety-driver,Cruise,5G21A6P06N4121641,941.89,0
2022,safety-driver,Cruise,5G21A6P06N4121655,484.98,0
2022,safety-driver,Cruise,5G21A6P06N4121669,328.35,0
2022,safety-driver,Cruise,5G21A6P06N4121672,495.03,0
2022,safety-driver,Cruise,5G21A6P06N4121686,333.81,0
2022,safety-driver,Cruise,5G21A6P06N4122109,819.46,0
2022,safety-driver,Cruise,5G21A6P06P4100050,207.95,0
2022,safety-driver,Cruise,5G21A6P06P4100064,258.62,0
2022,safety-driver,Cruise,5G21A6P06P4100078,3742.99,0
2022,safety-driver,Cruise,5G21A6P06P4100081,324.28,0
2022,safety-driver,Cruise,5G21A6P06P4100095,787.74,0
2022,safety-driver,Cruise,5G21A6P06P4100100,286.49,0
2022,safety-driver,Cruise,5G21A6P06P4100114,1788.13,0
2022,safety-driver,Cruise,5G21A6P06P4100128,213.51,0
2022,safety-driver,Cruise,5G21A6P06P4100131,313.41,0
2022,safety-driver,Cruise,5G21A6P06P4101683,201.12,0
2022,safety-driver,Cruise,5G21A6P06P4103059,202.67,0
2022,safety-driver,Cruise,5G21A6P06P4103062,248.96,0
2022,safety-driver,Cruise,5G21A6P06P4103501,595.13,0
2022,safety-driver,Cruise,5G21A6P06P4104678,376.04,0
2022,safety-driver,Cruise,5G21A6P06P4104681,205.13,0
2022,safety-driver,Cruise,5G21A6P06P4105359,210.99,0
2022,safety-driver,Cruise,5G21A6P06P4105362,309.46,0
2022,safety-driver,Cruise,5G21A6P06P4106107,1508.26,0
2022,safety-driver,Cruise,5G21A6P06P4106110,346.8,0
2022,safety-driver,Cruise,5G21A6P06P4106897,0.0,0
2022,safety-driver,Cruise,5G21A6P06P4107936,222.13,0
2022,safety-driver,Cruise,5G21A6P06P4112487,0.0,0
2022,safety-driver,Cruise,5G21A6P06P4112490,379.8,0
2022,safety-driver,Cruise,5G21A6P07L4100004,15522.15,0
2022,safety-driver,Cruise,5G21A6P07L4100049,13692.23,0
2022,safety-driver,Cruise,5G21A6P07L4100066,4238.83,1
2022,safety-driver,Cruise,5G21A6P07L4100083,17737.42,0
2022,safety-driver,Cruise,5G21A6P07L4100102,7040.23,0
2022,safety-driver,Cruise,5G21A6P07L4100116,14.48,0
2022,safety-driver,Cruise,5G21A6P07L4100164,70.81,0
2022,safety-driver,Cruise,5G21A6P07L4100178,5920.89,0
2022,safety-driver,Cruise,5G21A6P07N4118876,5765.31,0
2022,safety-driver,Cruise,5G21A6P07N4121597,13849.64,0
2022,safety-driver,Cruise,5G21A6P07N4121602,12975.67,0
2022,safety-driver,Cruise,5G21A6P07N4121616,12075.07,0
2022,safety-driver,Cruise,5G21A6P07N4121633,331.62,0
2022,safety-driver,Cruise,5G21A6P07N4121647,476.18,0
2022,safety-driver,Cruise,5G21A6P07N4121650,261.09,0
2022,safety-driver,Cruise,5G21A6P07N4121664,609.68,0
2022,safety-driver,Cruise,5G21A6P07N4121678,325.42,0
2022,safety-driver,Cruise,5G21A6P07N4121681,460.07,0
2022,safety-driver,Cruise,5G21A6P07N4121695,582.62,0
2022,safety-driver,Cruise,5G21A6P07N4122099,249.82,0
2022,safety-driver,Cruise,5G21A6P07N4122104,269.82,0
2022,safety-driver,Cruise,5G21A6P07P4100056,243.96,0
2022,safety-driver,Cruise,5G21A6P07P4100073,291.97,0
2022,safety-driver,Cruise,5G21A6P07P4100087,258.01,0
2022,safety-driver,Cruise,5G21A6P07P4100090,394.59,0
2022,safety-driver,Cruise,5G21A6P07P4100106,715.5,0
2022,safety-driver,Cruise,5G21A6P07P4100123,230.61,0
2022,safety-driver,Cruise,5G21A6P07P4100591,519.95,0
2022,safety-driver,Cruise,5G21A6P07P4102129,209.49,0
2022,safety-driver,Cruise,5G21A6P07P4102132,296.06,0
2022,safety-driver,Cruise,5G21A6P07P4103054,341.65,0
2022,safety-driver,Cruise,5G21A6P07P4103507,0.0,0
2022,safety-driver,Cruise,5G21A6P07P4103510,272.84,0
2022,safety-driver,Cruise,5G21A6P07P4104673,202.91,0
2022,safety-driver,Cruise,5G21A6P07P4106892,0.0,0
2022,safety-driver,Cruise,5G21A6P07P4107945,0.0,0
2022,safety-driver,Cruise,5G21A6P07P4108447,337.94,0
2022,safety-driver,Cruise,5G21A6P08L4100013,0.0,0
2022,safety-driver,Cruise,5G21A6P08L4100044,1558.38,0
2022,safety-driver,Cruise,5G21A6P08L4100058,907.97,0
2022,safety-driver,Cruise,5G21A6P08L4100061,4212.13,0
2022,safety-driver,Cruise,5G21A6P08L4100075,10171.98,0
2022,safety-driver,Cruise,5G21A6P08L4100125,13416.81,0
2022,safety-driver,Cruise,5G21A6P08L4100142,16105.88,0
2022,safety-driver,Cruise,5G21A6P08L4100173,5330.42,0
2022,safety-driver,Cruise,5G21A6P08L4100187,13540.77,1
2022,safety-driver,Cruise,5G21A6P08N4121608,2665.65,0
2022,safety-driver,Cruise,5G21A6P08N4121611,908.53,0
2022,safety-driver,Cruise,5G21A6P08N4121625,850.58,0
2022,safety-driver,Cruise,5G21A6P08N4121639,1289.77,0
2022,safety-driver,Cruise,5G21A6P08N4121642,312.88,0
2022,safety-driver,Cruise,5G21A6P08N4121656,1531.75,0
2022,safety-driver,Cruise,5G21A6P08N4121673,561.85,0
2022,safety-driver,Cruise,5G21A6P08N4121687,544.36,0
2022,safety-driver,Cruise,5G21A6P08N4121690,288.97,0
2022,safety-driver,Cruise,5G21A6P08N4123715,418.45,0
2022,safety-driver,Cruise,5G21A6P08P4100051,948.5,0
2022,safety-driver,Cruise,5G21A6P08P4100065,2442.39,0
2022,safety-driver,Cruise,5G21A6P08P4100079,577.5,0
2022,safety-driver,Cruise,5G21A6P08P4100082,595.94,0
2022,safety-driver,Cruise,5G21A6P08P4100096,282.29,0
2022,safety-driver,Cruise,5G21A6P08P4100101,390.26,0
2022,safety-driver,Cruise,5G21A6P08P4100115,502.55,0
2022,safety-driver,Cruise,5G21A6P08P4100129,215.24,0
2022,safety-driver,Cruise,5G21A6P08P4100132,269.21,0
2022,safety-driver,Cruise,5G21A6P08P4102124,240.61,0
2022,safety-driver,Cruise,5G21A6P08P4103063,271.79,0
2022,safety-driver,Cruise,5G21A6P08P4103502,263.43,0
2022,safety-driver,Cruise,5G21A6P08P4104679,290.78,0
2022,safety-driver,Cruise,5G21A6P08P4104682,242.42,0
2022,safety-driver,Cruise,5G21A6P08P4105363,0.0,0
2022,safety-driver,Cruise,5G21A6P08P4106108,252.01,0
2022,safety-driver,Cruise,5G21A6P08P4106111,268.67,0
2022,safety-driver,Cruise,5G21A6P08P4106898,2.73,0
2022,safety-driver,Cruise,5G21A6P08P4107937,0.0,0
2022,safety-driver,Cruise,5G21A6P09L4100036,0.0,0
2022,safety-driver,Cruise,5G21A6P09L4100070,15959.96,0
2022,safety-driver,Cruise,5G21A6P09L4100117,15024.15,0
2022,safety-driver,Cruise,5G21A6P09L4100120,23.02,0
2022,safety-driver,Cruise,5G21A6P09L4100165,6479.02,0
2022,safety-driver,Cruise,5G21A6P09L4100179,679.45,0
2022,safety-driver,Cruise,5G21A6P09L4100182,12701.33,1
2022,safety-driver,Cruise,5G21A6P09N4121598,718.15,0
2022,safety-driver,Cruise,5G21A6P09N4121603,9629.61,0
2022,safety-driver,Cruise,5G21A6P09N4121617,1113.99,0
2022,safety-driver,Cruise,5G21A6P09N4121620,9053.61,0
2022,safety-driver,Cruise,5G21A6P09N4121634,861.09,0
2022,safety-driver,Cruise,5G21A6P09N4121648,849.13,0
2022,safety-driver,Cruise,5G21A6P09N4121651,785.35,0
2022,safety-driver,Cruise,5G21A6P09N4121665,741.16,0
2022,safety-driver,Cruise,5G21A6P09N4121679,306.55,0
2022,safety-driver,Cruise,5G21A6P09N4121682,2710.63,0
2022,safety-driver,Cruise,5G21A6P09N4121696,333.24,0
2022,safety-driver,Cruise,5G21A6P09N4122105,319.28,0
2022,safety-driver,Cruise,5G21A6P09P4100057,214.21,1
2022,safety-driver,Cruise,5G21A6P09P4100060,380.07,0
2022,safety-driver,Cruise,5G21A6P09P4100074,4193.41,0
2022,safety-driver,Cruise,5G21A6P09P4100088,479.83,0
2022,safety-driver,Cruise,5G21A6P09P4100091,695.33,0
2022,safety-driver,Cruise,5G21A6P09P4100107,638.93,0
2022,safety-driver,Cruise,5G21A6P09P4100110,219.13,0
2022,safety-driver,Cruise,5G21A6P09P4100124,280.9,0
2022,safety-driver,Cruise,5G21A6P09P4100589,226.77,0
2022,safety-driver,Cruise,5G21A6P09P4102133,219.87,0
2022,safety-driver,Cruise,5G21A6P09P4103055,250.6,0
2022,safety-driver,Cruise,5G21A6P09P4103508,235.94,0
2022,safety-driver,Cruise,5G21A6P09P4104674,1503.13,0
2022,safety-driver,Cruise,5G21A6P09P4105355,610.9,0
2022,safety-driver,Cruise,5G21A6P09P4106893,196.42,0
2022,safety-driver,Cruise,5G21A6P09P4108448,0.0,0
2022,safety-driver,Cruise,5G21A6P09P4108451,0.0,0
2022,safety-driver,Cruise,5G21A6P09P4110944,0.0,0
2022,safety-driver,Cruise,5G21A6P09P4112810,0.0,0
2022,safety-driver,Cruise,5G21A6P0XL4100014,4638.81,0
2022,safety-driver,Cruise,5G21A6P0XL4100045,19050.46,0
2022,safety-driver,Cruise,5G21A6P0XL4100062,0.0,0
2022,safety-driver,Cruise,5G21A6P0XL4100076,7937.39,0
2022,safety-driver,Cruise,5G21A6P0XL4100143,5372.55,0
2022,safety-driver,Cruise,5G21A6P0XL4100160,5.28,0
2022,safety-driver,Cruise,5G21A6P0XL4100188,12809.73,1
2022,safety-driver,Cruise,5G21A6P0XL4100191,37.14,0
2022,safety-driver,Cruise,5G21A6P0XN4121609,10236.49,0
2022,safety-driver,Cruise,5G21A6P0XN4121612,1299.29,0
2022,safety-driver,Cruise,5G21A6P0XN4121626,1567.44,0
2022,safety-driver,Cruise,5G21A6P0XN4121643,840.16,0
2022,safety-driver,Cruise,5G21A6P0XN4121657,277.66,0
2022,safety-driver,Cruise,5G21A6P0XN4121660,600.89,0
2022,safety-driver,Cruise,5G21A6P0XN4121674,292.99,0
2022,safety-driver,Cruise,5G21A6P0XN4121688,610.24,0
2022,safety-driver,Cruise,5G21A6P0XN4121691,937.69,0
2022,safety-driver,Cruise,5G21A6P0XN4122100,541.88,0
2022,safety-driver,Cruise,5G21A6P0XP4100049,226.19,0
2022,safety-driver,Cruise,5G21A6P0XP4100052,755.02,0
2022,safety-driver,Cruise,5G21A6P0XP4100066,334.4,0
2022,safety-driver,Cruise,5G21A6P0XP4100083,323.17,0
2022,safety-driver,Cruise,5G21A6P0XP4100097,1351.59,0
2022,safety-driver,Cruise,5G21A6P0XP4100102,265.21,0
2022,safety-driver,Cruise,5G21A6P0XP4100116,549.36,0
2022,safety-driver,Cruise,5G21A6P0XP4100133,413.13,0
2022,safety-driver,Cruise,5G21A6P0XP4102125,436.0,0
2022,safety-driver,Cruise,5G21A6P0XP4103503,242.43,0
2022,safety-driver,Cruise,5G21A6P0XP4105364,365.34,0
2022,safety-driver,Cruise,5G21A6P0XP4106109,222.58,0
2022,safety-driver,Cruise,5G21A6P0XP4107941,267.84,0
2022,safety-driver,DeepRoute,3FA6P0LU3KR177879,510.0,0
2022,safety-driver,DeepRoute,3LN6L5MU0KR620972,251.0,0
2022,safety-driver,DiDi,1N4AZ1CP5KC300293,0.0,0
2022,safety-driver,DiDi,1N4AZ1CP6JC304058,0.0,0
2022,safety-driver,DiDi,3LN6L5LU2HR663008,3711.21,0
2022,safety-driver,DiDi,3LN6L5LU5JR619400,1826.88,0
2022,safety-driver,DiDi,3LN6L5MU0JR618055,6647.01,0
2022,safety-driver,DiDi,3LN6L5MU1JR609431,3997.45,1
2022,safety-driver,DiDi,3LN6L5MU3JR619538,5156.04,0
2022,safety-driver,DiDi,3LN6L5MU4JR608032,4734.87,0
2022,safety-driver,DiDi,3LN6L5MU4JR609133,938.69,0
2022,safety-driver,DiDi,3LN6L5MU4JR611142,3892.89,1
2022,safety-driver,DiDi,3LN6L5MU5JR618049,4286.14,0
2022,safety-driver,DiDi,3LN6L5MU7JR611619,3073.96,0
2022,safety-driver,Gatik,52CG2DGA7J0017503,0.0,0
2022,safety-driver,Gatik,NM0GS9F26K1412410,0.0,0
2022,safety-driver,Gatik,NM0LS7F25K1413020,1016.0,3
2022,safety-driver,Ghost Autonomy,4T1BF1FK0HU317251,1394.14,75
2022,safety-driver,Ghost Autonomy,4T1BF1FK3HU411088,0.0,0
2022,safety-driver,Ghost Autonomy,4T1BF1FK3HU693877,2606.01,67
2022,safety-driver,Ghost Autonomy,4T1BF1FK6HU377311,3773.04,106
2022,safety-driver,Ghost Autonomy,4T1BF1FK6HU452251,2897.29,104
2022,safety-driver,Ghost Autonomy,4T1BF1FK6HU734745,2019.28,42
2022,safety-driver,Ghost Autonomy,4T1BF1FK7HU356953,933.96,28
2022,safety-driver,Ghost Autonomy,4T1BF1FK7HU433000,752.84,13
2022,safety-driver,Ghost Autonomy,SALWS2RU6MA760657,182.32,13
2022,safety-driver,Ghost Autonomy,SALWS2RU9MA749619,0.0,0
2022,safety-driver,Imagry,KNDCB3LC8J5206489,650.1125,204
2022,safety-driver,Intel,3FA6P0LU0JR139380,170.0,33
2022,safety-driver,Intel,3FA6P0LU4HR195512,0.0,0
2022,safety-driver,Intel,3FA6P0LU4JR151712,611.0,122
2022,safety-driver,Mercedes-Benz,W1K2230611A011273,0.0,0
2022,safety-driver,Mercedes-Benz,W1K2230611A082681,0.0,0
2022,safety-driver,Mercedes-Benz,W1K2230631A002956,2874.342161,2
2022,safety-driver,Mercedes-Benz,W1K2230631A014108,61.05555245,0
2022,safety-driver,Mercedes-Benz,W1K2230631A026670,926.5664935,1
2022,safety-driver,Mercedes-Benz,W1K2230631A026690,2865.296672,7
2022,safety-driver,Mercedes-Benz,W1K2231301A013981,3423.0,0
2022,safety-driver,Mercedes-Benz,W1K2231331A002576,1772.012013,1
2022,safety-driver,Mercedes-Benz,W1K2231331A002620,3801.025855,0
2022,safety-driver,Mercedes-Benz,W1K2231601A014020,1020.620208,0
2022,safety-driver,Mercedes-Benz,W1K2231601A014075,2898.923655,6
2022,safety-driver,Mercedes-Benz,W1K2231601A026674,0.0,0
2022,safety-driver,Mercedes-Benz,W1K2231601A026688,670.1673114,0
2022,safety-driver,Mercedes-Benz,W1K2231611A014077,967.1993726,1
2022,safety-driver,Mercedes-Benz,W1K2231611A026595,48.40880162,0
2022,safety-driver,Mercedes-Benz,W1K2231611A026672,0.0,0
2022,safety-driver,Mercedes-Benz,W1K2231631A014115,2247.539254,2
2022,safety-driver,Mercedes-Benz,W1K2231631A014154,3936.623299,5
2022,safety-driver,Mercedes-Benz,W1K2231631A026703,1936.73554,1
2022,safety-driver,Mercedes-Benz,W1K2231631A082628,0.0,0
2022,safety-driver,Mercedes-Benz,W1K2231761A013986,2346.0,0
2022,safety-driver,Mercedes-Benz,W1K2231761A013993,1388.0,0
2022,safety-driver,Mercedes-Benz,W1K2231761A014087,84.04398955,0
2022,safety-driver,Mercedes-Benz,W1K2231761A026613,0.0,0
2022,safety-driver,Mercedes-Benz,W1K2231761A026705,435.7334361,0
2022,safety-driver,Mercedes-Benz,W1K2231761A039946,2171.0,0
2022,safety-driver,Mercedes-Benz,W1K2231761A039967,2418.0,0
2022,safety-driver,Mercedes-Benz,W1K2231761A039969,2067.0,0
2022,safety-driver,Mercedes-Benz,W1K2971441A000176,0.0,0
2022,safety-driver,Mercedes-Benz,W1K6G7B4PA103776,104.0,0
2022,safety-driver,Mercedes-Benz,W1K6G7GB3NA054986,704.0,0
2022,safety-driver,Mercedes-Benz,W1K6G7GB3PA139961,1032.0,0
2022,safety-driver,Mercedes-Benz,W1K6G7GB4PA139967,820.0,0
2022,safety-driver,Mercedes-Benz,W1K6G7GB6PA139971,968.0,0
2022,safety-driver,Mercedes-Benz,W1K6G7GBXPA139973,885.0,0
2022,safety-driver,Mercedes-Benz,W1K6G8CB0PA157118,0.0,0
2022,safety-driver,Mercedes-Benz,W1K6X7KBXPA139964,394.0,0
2022,safety-driver,Mercedes-Benz,W1KCG2DB7NA001606,993.0,0
2022,safety-driver,Mercedes-Benz,W1KCG2EB8NA003265,232.0,0
2022,safety-driver,Mercedes-Benz,W1KCG4EB0NA001618,2556.0,0
2022,safety-driver,Mercedes-Benz,W1KCG4EB2NA000891,335.0,0
2022,safety-driver,Mercedes-Benz,W1KCG4EB4PA019834,40.0,0
2022,safety-driver,Mercedes-Benz,W1KCG5FB1PA011680,108.0,0
2022,safety-driver,Mercedes-Benz,WDD2221591A470238,0.0,0
2022,safety-driver,Mercedes-Benz,WDD2221591A470500,96.0,12
2022,safety-driver,Mercedes-Benz,WJK6G7GB3MA002465,1512.0,0
2022,safety-driver,Mercedes-Benz,WJK6G7GBIMA002478,1837.0,0
2022,safety-driver,Motional,KMHKM4AE0M1P98011,239.3,11
2022,safety-driver,Motional,KMHKM4AE3M1P98004,212.9,4
2022,safety-driver,Motional,KMHKM4AE6M1P98014,31.9,2
2022,safety-driver,Motional,KMHKM4AE7M1P98040,21.4,0
2022,safety-driver,Motional,KMHKM4AEXM1P98002,27.6,0
2022,safety-driver,Motional,KMHKW3AA0L1T98031,5.6,0
2022,safety-driver,Motional,KMHKW3AA1L1T98023,198.3,1
2022,safety-driver,Motional,KMHKW3AA2L1T98029,1141.3,14
2022,safety-driver,Motional,KMHKW3AA2L1T98032,17.6,0
2022,safety-driver,Motional,KMHKW3AA3L1T98041,317.8,68
2022,safety-driver,Motional,KMHKW3AA4L1T98033,945.2,10
2022,safety-driver,Motional,KMHKW3AA6L1T98017,920.1,6
2022,safety-driver,Motional,KMHKW3AA6L1T98020,858.5,19
2022,safety-driver,Motional,KMHKW3AA8L1T98018,1.3,0
2022,safety-driver,NVIDIA,3FA6P0RU0JR158969,14.26,0
2022,safety-driver,NVIDIA,3FA6P0RU1HR271131,3068.73,2
2022,safety-driver,NVIDIA,3FA6P0RU2HR275155,0.0,0
2022,safety-driver,NVIDIA,3FA6P0RU2HR403815,0.0,0
2022,safety-driver,NVIDIA,3FA6P0RU6HR272968,0.0,0
2022,safety-driver,NVIDIA,3FA6P0RU7JR158970,1687.7,1
2022,safety-driver,NVIDIA,3FA6P0RU8HR259624,1517.99,3
2022,safety-driver,NVIDIA,3FA6P0RU8HR293837,880.58,1
2022,safety-driver,NVIDIA,3FA6P0RU8HR313178,0.0,0
2022,safety-driver,NVIDIA,3FA6P0RU9JR158968,0.0,0
2022,safety-driver,NVIDIA,3FA6P0RUXHR247670,0.0,0
2022,safety-driver,NVIDIA,3LN6L5MU2HR638950,0.0,0
2022,safety-driver,NVIDIA,3LN6L5MU6HR641379,0.0,0
2022,safety-driver,NVIDIA,WDDZF4JBXJA343350,0.0,0
2022,safety-driver,Nissan,1N4AZ1CP7KC308251,0.0,0
2022,safety-driver,Nissan,1N4AZ1CP9KC308252,1099.8,8
2022,safety-driver,Nissan,1N4BZ0CP6GC302978,21.4,0
2022,safety-driver,Nissan,1N4BZ0CP6GC311826,73.0,0
2022,safety-driver,Nissan,JN1BV7AP1EM685949,0.0,0
2022,safety-driver,Nissan,JN1BV7AP3FM349849,0.0,0
2022,safety-driver,Nuro,JTDKAMFU7N3158400,358.87,0
2022,safety-driver,Nuro,JTDKAMFU9N3158897,0.5,0
2022,safety-driver,Nuro,JTDKN3DP0C3001431,603.83,0
2022,safety-driver,Nuro,JTDKN3DP0C3014583,828.76,0
2022,safety-driver,Nuro,JTDKN3DP1C3010476,3971.94,1
2022,safety-driver,Nuro,JTDKN3DP2C3004167,5696.32,0
2022,safety-driver,Nuro,JTDKN3DP2C3011362,9966.98,2
2022,safety-driver,Nuro,JTDKN3DP3C3011760,2256.59,0
2022,safety-driver,Nuro,JTDKN3DP3D3041696,8903.03,3
2022,safety-driver,Nuro,JTDKN3DP4F3074838,3546.98,0
2022,safety-driver,Nuro,JTDKN3DP5D3048682,824.39,0
2022,safety-driver,Nuro,JTDKN3DP6D3042602,7471.98,0
2022,safety-driver,Nuro,JTDKN3DP6D3042633,7067.24,1
2022,safety-driver,Nuro,JTDKN3DP8C3004514,2652.3,0
2022,safety-driver,Nuro,JTDKN3DP8D3037837,6552.78,3
2022,safety-driver,Nuro,JTDKN3DP8D3041242,9540.43,1
2022,safety-driver,Nuro,JTDKN3DP9C3015182,6257.74,1
2022,safety-driver,Nuro,JTDKN3DPXE3050185,7742.85,1
2022,safety-driver,Nuro,JTDKN3DPXF3070616,10739.92,2
2022,safety-driver,Pony.ai,3LN6L5LU3JR627494,0.0,0
2022,safety-driver,Pony.ai,3LN6L5LU5JR601477,4308.0,0
2022,safety-driver,Pony.ai,3LN6L5LU5JR626122,0.0,0
2022,safety-driver,Pony.ai,3LN6L5LU6HR626768,0.0,0
2022,safety-driver,Pony.ai,3LN6L5MU0JR608710,0.0,0
2022,safety-driver,Pony.ai,3LN6L5MU3KR620979,7162.0,1
2022,safety-driver,Pony.ai,3LN6L5MU5HR634813,890.0,0
2022,safety-driver,Pony.ai,3LN6L5MU9KR623692,5228.0,1
2022,safety-driver,Pony.ai,JTDKARFU2J3060995,0.0,0
2022,safety-driver,Pony.ai,JTDKARFU5J3549486,0.0,0
2022,safety-driver,Pony.ai,KM8K23AG0KU030901,12100.0,1
2022,safety-driver,Pony.ai,KM8K23AG0MU100285,7128.0,0
2022,safety-driver,Pony.ai,KM8K23AG2KU030916,8108.0,1
2022,safety-driver,Pony.ai,KM8K23AG2MU127147,7128.0,1
2022,safety-driver,Pony.ai,KM8K23AG2MU127178,12073.0,2
2022,safety-driver,Pony.ai,KM8K23AG2MU127388,6759.0,0
2022,safety-driver,Pony.ai,KM8K23AG3LU072335,2856.0,0
2022,safety-driver,Pony.ai,KM8K23AG3MU127142,7053.0,1
2022,safety-driver,Pony.ai,KM8K23AG4KU030822,12670.0,0
2022,safety-driver,Pony.ai,KM8K23AG4KU030836,7812.0,0
2022,safety-driver,Pony.ai,KM8K23AG4LU072537,9746.0,1
2022,safety-driver,Pony.ai,KM8K23AG5KU030909,11081.0,1
2022,safety-driver,Pony.ai,KM8K23AG5LU072529,10224.0,0
2022,safety-driver,Pony.ai,KM8K23AG5LU072708,6491.0,1
2022,safety-driver,Pony.ai,KM8K23AG5MU127157,9588.0,0
2022,safety-driver,Pony.ai,KM8K23AG6KU030241,4417.0,1
2022,safety-driver,Pony.ai,KM8K23AG6KU030255,8950.0,1
2022,safety-driver,Pony.ai,KM8K23AG6MU127152,9418.0,1
2022,safety-driver,Pony.ai,KM8K23AG7KU030829,9959.0,1
2022,safety-driver,Pony.ai,KM8K23AG7KU030894,11951.0,0
2022,safety-driver,Pony.ai,KM8K23AG7LU072497,4383.0,1
2022,safety-driver,Pony.ai,KM8K23AG8LU072671,0.0,0
2022,safety-driver,Pony.ai,KM8K23AG8MU127363,10667.0,0
2022,safety-driver,Pony.ai,KM8K23AG9KU030248,9092.0,0
2022,safety-driver,Pony.ai,KM8K23AG9MU127162,8004.0,1
2022,safety-driver,Pony.ai,KM8K23AG9MU127338,7309.0,0
2022,safety-driver,Pony.ai,KM8K23AG9MU127369,6503.0,0
2022,safety-driver,Pony.ai,KM8K23AGXMU127137,11525.0,1
2022,safety-driver,Pony.ai,KM8K23AGXMU127168,8596.0,0
2022,safety-driver,Pony.ai,KM8K23AGXMU127350,8969.0,1
2022,safety-driver,Pony.ai,KM8K33AG2KU054517,12264.0,1
2022,safety-driver,Qcraft,3LN6L5MU8JR627232,2589.0,3
2022,safety-driver,Qualcomm,3LN6L5LU0HR663007,1191.0,57
2022,safety-driver,Qualcomm,3LN6L5LU8KR632742,0.0,0
2022,safety-driver,Qualcomm,3LN6L5LU9HR650658,438.0,24
2022,safety-driver,Qualcomm,3LN6L5MU1JR627234,1388.0,47
2022,safety-driver,Toyota Research Institute,JTHCYLFF0J5001364,1355.0,36
2022,safety-driver,Toyota Research Institute,JTHCYLFF0K5001429,175.0,6
2022,safety-driver,Toyota Research Institute,JTHCYLFF9J5001363,2277.0,39
2022,safety-driver,Toyota Research Institute,JTHCYLFFXJ5001291,967.0,31
2022,safety-driver,Valeo,1V2NR2CA2JC509341,339.0,71
2022,safety-driver,Waymo,2C4RC1K70HR534647,0.0,0
2022,safety-driver,Waymo,2C4RC1K70HR534650,0.0,0
2022,safety-driver,Waymo,2C4RC1K70HR534664,0.0,0
2022,safety-driver,Waymo,2C4RC1K70HR534681,0.0,0
2022,safety-driver,Waymo,2C4RC1K70HR534695,0.0,0
2022,safety-driver,Waymo,2C4RC1K70HR797298,0.0,0
2022,safety-driver,Waymo,2C4RC1K70HR797317,0.0,0
2022,safety-driver,Waymo,2C4RC1K70HR797365,0.0,0
2022,safety-driver,Waymo,2C4RC1K70HR797379,0.0,0
2022,safety-driver,Waymo,2C4RC1K70HR797415,0.0,0
2022,safety-driver,Waymo,2C4RC1K70HR805478,0.0,0
2022,safety-driver,Waymo,2C4RC1K70HR805481,0.0,0
2022,safety-driver,Waymo,2C4RC1K70HR827271,0.0,0
2022,safety-driver,Waymo,2C4RC1K70HR833796,0.0,0
2022,safety-driver,Waymo,2C4RC1K70HR833877,0.0,0
2022,safety-driver,Waymo,2C4RC1K70HR836181,0.0,0
2022,safety-driver,Waymo,2C4RC1K71HR534642,0.0,0
2022,safety-driver,Waymo,2C4RC1K71HR534673,0.0,0
2022,safety-driver,Waymo,2C4RC1K71HR534687,0.0,0
2022,safety-driver,Waymo,2C4RC1K71HR695699,0.0,0
2022,safety-driver,Waymo,2C4RC1K71HR797293,0.0,0
2022,safety-driver,Waymo,2C4RC1K71HR797343,0.0,0
2022,safety-driver,Waymo,2C4RC1K71HR805490,0.0,0
2022,safety-driver,Waymo,2C4RC1K71HR805523,0.0,0
2022,safety-driver,Waymo,2C4RC1K71HR822192,0.0,0
2022,safety-driver,Waymo,2C4RC1K71HR822208,0.0,0
2022,safety-driver,Waymo,2C4RC1K71HR833810,0.0,0
2022,safety-driver,Waymo,2C4RC1K71HR833838,0.0,0
2022,safety-driver,Waymo,2C4RC1K71HR833841,0.0,0
2022,safety-driver,Waymo,2C4RC1K72HR534665,0.0,0
2022,safety-driver,Waymo,2C4RC1K72HR534696,0.0,0
2022,safety-driver,Waymo,2C4RC1K72HR534701,0.0,0
2022,safety-driver,Waymo,2C4RC1K72HR797318,0.0,0
2022,safety-driver,Waymo,2C4RC1K72HR805465,0.0,0
2022,safety-driver,Waymo,2C4RC1K72HR824243,0.0,0
2022,safety-driver,Waymo,2C4RC1K72HR827238,0.0,0
2022,safety-driver,Waymo,2C4RC1K72HR833816,0.0,0
2022,safety-driver,Waymo,2C4RC1K72HR836179,0.0,0
2022,safety-driver,Waymo,2C4RC1K73HR534643,0.0,0
2022,safety-driver,Waymo,2C4RC1K73HR534660,0.0,0
2022,safety-driver,Waymo,2C4RC1K73HR534674,0.0,0
2022,safety-driver,Waymo,2C4RC1K73HR534691,0.0,0
2022,safety-driver,Waymo,2C4RC1K73HR534710,0.0,0
2022,safety-driver,Waymo,2C4RC1K73HR695705,0.0,0
2022,safety-driver,Waymo,2C4RC1K73HR786120,50.8,0
2022,safety-driver,Waymo,2C4RC1K73HR797294,0.0,0
2022,safety-driver,Waymo,2C4RC1K73HR797330,0.0,0
2022,safety-driver,Waymo,2C4RC1K73HR797358,0.0,0
2022,safety-driver,Waymo,2C4RC1K73HR797361,0.0,0
2022,safety-driver,Waymo,2C4RC1K73HR797375,0.0,0
2022,safety-driver,Waymo,2C4RC1K73HR797389,64.0,0
2022,safety-driver,Waymo,2C4RC1K73HR805488,0.0,0
2022,safety-driver,Waymo,2C4RC1K73HR805510,0.0,0
2022,safety-driver,Waymo,2C4RC1K73HR822193,0.0,0
2022,safety-driver,Waymo,2C4RC1K73HR827264,0.0,0
2022,safety-driver,Waymo,2C4RC1K73HR833758,0.0,0
2022,safety-driver,Waymo,2C4RC1K73HR833808,35.7,0
2022,safety-driver,Waymo,2C4RC1K73HR833842,0.0,0
2022,safety-driver,Waymo,2C4RC1K73HR833856,0.0,0
2022,safety-driver,Waymo,2C4RC1K73HR833873,0.0,0
2022,safety-driver,Waymo,2C4RC1K74HR534635,0.0,0
2022,safety-driver,Waymo,2C4RC1K74HR534652,0.0,0
2022,safety-driver,Waymo,2C4RC1K74HR534666,0.0,0
2022,safety-driver,Waymo,2C4RC1K74HR534697,0.0,0
2022,safety-driver,Waymo,2C4RC1K74HR695700,0.0,0
2022,safety-driver,Waymo,2C4RC1K74HR797322,27.9,0
2022,safety-driver,Waymo,2C4RC1K74HR797353,0.0,0
2022,safety-driver,Waymo,2C4RC1K74HR797367,0.0,0
2022,safety-driver,Waymo,2C4RC1K74HR797398,0.0,0
2022,safety-driver,Waymo,2C4RC1K74HR805466,0.0,0
2022,safety-driver,Waymo,2C4RC1K74HR805497,0.0,0
2022,safety-driver,Waymo,2C4RC1K74HR805516,0.0,0
2022,safety-driver,Waymo,2C4RC1K74HR824227,0.0,0
2022,safety-driver,Waymo,2C4RC1K74HR827239,0.0,0
2022,safety-driver,Waymo,2C4RC1K74HR827242,0.0,0
2022,safety-driver,Waymo,2C4RC1K74HR833879,0.0,0
2022,safety-driver,Waymo,2C4RC1K75HR534644,0.0,0
2022,safety-driver,Waymo,2C4RC1K75HR534658,0.0,0
2022,safety-driver,Waymo,2C4RC1K75HR534708,0.0,0
2022,safety-driver,Waymo,2C4RC1K75HR695690,0.0,0
2022,safety-driver,Waymo,2C4RC1K75HR695706,0.0,0
2022,safety-driver,Waymo,2C4RC1K75HR786121,0.0,0
2022,safety-driver,Waymo,2C4RC1K75HR797295,21.4,0
2022,safety-driver,Waymo,2C4RC1K75HR797345,0.0,0
2022,safety-driver,Waymo,2C4RC1K75HR797362,0.0,0
2022,safety-driver,Waymo,2C4RC1K75HR805461,0.0,0
2022,safety-driver,Waymo,2C4RC1K75HR805489,0.0,0
2022,safety-driver,Waymo,2C4RC1K75HR805508,0.0,0
2022,safety-driver,Waymo,2C4RC1K75HR812331,0.0,0
2022,safety-driver,Waymo,2C4RC1K75HR822194,0.0,0
2022,safety-driver,Waymo,2C4RC1K75HR827234,0.0,0
2022,safety-driver,Waymo,2C4RC1K75HR827265,0.0,0
2022,safety-driver,Waymo,2C4RC1K75HR833759,3.0,0
2022,safety-driver,Waymo,2C4RC1K75HR833857,0.0,0
2022,safety-driver,Waymo,2C4RC1K76HR534653,0.0,0
2022,safety-driver,Waymo,2C4RC1K76HR534667,0.0,0
2022,safety-driver,Waymo,2C4RC1K76HR534670,0.0,0
2022,safety-driver,Waymo,2C4RC1K76HR534684,0.0,0
2022,safety-driver,Waymo,2C4RC1K76HR534698,0.0,0
2022,safety-driver,Waymo,2C4RC1K76HR534703,0.0,0
2022,safety-driver,Waymo,2C4RC1K76HR695696,0.0,0
2022,safety-driver,Waymo,2C4RC1K76HR695701,0.0,0
2022,safety-driver,Waymo,2C4RC1K76HR797354,0.0,0
2022,safety-driver,Waymo,2C4RC1K76HR797399,0.0,0
2022,safety-driver,Waymo,2C4RC1K76HR797404,0.0,0
2022,safety-driver,Waymo,2C4RC1K76HR805453,0.0,0
2022,safety-driver,Waymo,2C4RC1K76HR805467,0.0,0
2022,safety-driver,Waymo,2C4RC1K76HR822205,0.0,0
2022,safety-driver,Waymo,2C4RC1K76HR824228,0.0,0
2022,safety-driver,Waymo,2C4RC1K76HR824259,0.0,0
2022,safety-driver,Waymo,2C4RC1K76HR833785,0.0,0
2022,safety-driver,Waymo,2C4RC1K76HR833835,0.0,0
2022,safety-driver,Waymo,2C4RC1K77HR534645,0.0,0
2022,safety-driver,Waymo,2C4RC1K77HR534659,0.0,0
2022,safety-driver,Waymo,2C4RC1K77HR534662,0.0,0
2022,safety-driver,Waymo,2C4RC1K77HR534676,0.0,0
2022,safety-driver,Waymo,2C4RC1K77HR534693,0.0,0
2022,safety-driver,Waymo,2C4RC1K77HR695691,0.0,0
2022,safety-driver,Waymo,2C4RC1K77HR786122,0.0,0
2022,safety-driver,Waymo,2C4RC1K77HR805512,0.0,0
2022,safety-driver,Waymo,2C4RC1K77HR833827,0.0,0
2022,safety-driver,Waymo,2C4RC1K77HR833858,0.0,0
2022,safety-driver,Waymo,2C4RC1K77HR833889,0.0,0
2022,safety-driver,Waymo,2C4RC1K78HR534637,0.0,0
2022,safety-driver,Waymo,2C4RC1K78HR534640,0.0,0
2022,safety-driver,Waymo,2C4RC1K78HR534699,0.0,0
2022,safety-driver,Waymo,2C4RC1K78HR534704,0.0,0
2022,safety-driver,Waymo,2C4RC1K78HR695697,0.0,0
2022,safety-driver,Waymo,2C4RC1K78HR695702,0.0,0
2022,safety-driver,Waymo,2C4RC1K78HR797324,0.0,0
2022,safety-driver,Waymo,2C4RC1K78HR797338,0.0,0
2022,safety-driver,Waymo,2C4RC1K78HR797355,0.0,0
2022,safety-driver,Waymo,2C4RC1K78HR797386,0.0,0
2022,safety-driver,Waymo,2C4RC1K78HR797405,0.0,0
2022,safety-driver,Waymo,2C4RC1K78HR805485,0.0,0
2022,safety-driver,Waymo,2C4RC1K78HR805518,0.0,0
2022,safety-driver,Waymo,2C4RC1K78HR824232,0.0,0
2022,safety-driver,Waymo,2C4RC1K78HR833769,0.0,0
2022,safety-driver,Waymo,2C4RC1K78HR833772,0.0,0
2022,safety-driver,Waymo,2C4RC1K78HR833867,0.0,0
2022,safety-driver,Waymo,2C4RC1K78HR833870,0.0,0
2022,safety-driver,Waymo,2C4RC1K79HR534677,0.0,0
2022,safety-driver,Waymo,2C4RC1K79HR534680,0.0,0
2022,safety-driver,Waymo,2C4RC1K79HR534694,0.0,0
2022,safety-driver,Waymo,2C4RC1K79HR786123,0.0,0
2022,safety-driver,Waymo,2C4RC1K79HR797378,63.0,0
2022,safety-driver,Waymo,2C4RC1K79HR797381,0.0,0
2022,safety-driver,Waymo,2C4RC1K79HR822215,0.0,0
2022,safety-driver,Waymo,2C4RC1K79HR824255,0.0,0
2022,safety-driver,Waymo,2C4RC1K79HR827253,25.1,0
2022,safety-driver,Waymo,2C4RC1K79HR833778,0.0,0
2022,safety-driver,Waymo,2C4RC1K79HR833859,0.0,0
2022,safety-driver,Waymo,2C4RC1K7XHR534641,0.0,0
2022,safety-driver,Waymo,2C4RC1K7XHR534672,0.0,0
2022,safety-driver,Waymo,2C4RC1K7XHR534686,0.0,0
2022,safety-driver,Waymo,2C4RC1K7XHR534705,0.0,0
2022,safety-driver,Waymo,2C4RC1K7XHR695698,0.0,0
2022,safety-driver,Waymo,2C4RC1K7XHR797308,20.3,0
2022,safety-driver,Waymo,2C4RC1K7XHR797325,0.0,0
2022,safety-driver,Waymo,2C4RC1K7XHR805455,0.0,0
2022,safety-driver,Waymo,2C4RC1K7XHR805486,0.0,0
2022,safety-driver,Waymo,2C4RC1K7XHR822188,0.0,0
2022,safety-driver,Waymo,2C4RC1K7XHR822207,0.0,0
2022,safety-driver,Waymo,2C4RC1K7XHR827231,0.0,0
2022,safety-driver,Waymo,2C4RC1K7XHR827262,0.0,0
2022,safety-driver,Waymo,2C4RC1K7XHR833756,5.8,0
2022,safety-driver,Waymo,2C4RC1K7XHR833787,0.0,0
2022,safety-driver,Waymo,2C4RC1K7XHR833854,0.0,0
2022,safety-driver,Waymo,2C4RC1K7XHR833885,0.0,0
2022,safety-driver,Waymo,SADHW2S10M1602680,0.0,0
2022,safety-driver,Waymo,SADHW2S10M1614232,0.0,0
2022,safety-driver,Waymo,SADHW2S10M1614408,2684.5,0
2022,safety-driver,Waymo,SADHW2S10M1614506,1915.9,0
2022,safety-driver,Waymo,SADHW2S10M1614568,2527.9,0
2022,safety-driver,Waymo,SADHW2S10M1614604,4567.0,0
2022,safety-driver,Waymo,SADHW2S10M1614764,3666.0,0
2022,safety-driver,Waymo,SADHW2S10M1615154,269.8,0
2022,safety-driver,Waymo,SADHW2S10M1615199,3189.3,0
2022,safety-driver,Waymo,SADHW2S10M1615266,5287.8,0
2022,safety-driver,Waymo,SADHW2S10M1615316,1469.6,0
2022,safety-driver,Waymo,SADHW2S10M1615347,4527.1,0
2022,safety-driver,Waymo,SADHW2S10M1615428,0.0,0
2022,safety-driver,Waymo,SADHW2S10M1615493,7979.2,0
2022,safety-driver,Waymo,SADHW2S10M1615512,8565.3,0
2022,safety-driver,Waymo,SADHW2S10M1615560,9653.3,0
2022,safety-driver,Waymo,SADHW2S10M1615624,12325.7,1
2022,safety-driver,Waymo,SADHW2S10M1615753,0.0,0
2022,safety-driver,Waymo,SADHW2S10M1615767,8830.9,1
2022,safety-driver,Waymo,SADHW2S10M1615770,9693.8,0
2022,safety-driver,Waymo,SADHW2S10M1615798,11665.2,0
2022,safety-driver,Waymo,SADHW2S10M1615879,10768.4,1
2022,safety-driver,Waymo,SADHW2S10M1615963,10777.5,1
2022,safety-driver,Waymo,SADHW2S10M1615977,0.0,0
2022,safety-driver,Waymo,SADHW2S10M1616272,5161.2,0
2022,safety-driver,Waymo,SADHW2S10M1616367,0.0,0
2022,safety-driver,Waymo,SADHW2S10M1616448,8538.1,2
2022,safety-driver,Waymo,SADHW2S10M1616501,12447.4,0
2022,safety-driver,Waymo,SADHW2S10M1616577,6936.3,0
2022,safety-driver,Waymo,SADHW2S10M1616613,13524.7,2
2022,safety-driver,Waymo,SADHW2S10M1616644,11119.8,0
2022,safety-driver,Waymo,SADHW2S10M1616692,22083.2,3
2022,safety-driver,Waymo,SADHW2S10M1616773,6141.2,2
2022,safety-driver,Waymo,SADHW2S10M1616837,15391.8,3
2022,safety-driver,Waymo,SADHW2S10M1616904,13513.4,0
2022,safety-driver,Waymo,SADHW2S10M1617051,14777.5,0
2022,safety-driver,Waymo,SADHW2S10M1617101,10399.3,2
2022,safety-driver,Waymo,SADHW2S10M1617177,10557.1,2
2022,safety-driver,Waymo,SADHW2S10M1617227,11730.3,0
2022,safety-driver,Waymo,SADHW2S10M1617258,12099.9,0
2022,safety-driver,Waymo,SADHW2S10M1617342,9798.4,0
2022,safety-driver,Waymo,SADHW2S10M1617440,11503.2,3
2022,safety-driver,Waymo,SADHW2S10M1617583,9856.1,1
2022,safety-driver,Waymo,SADHW2S10M1617633,14589.3,1
2022,safety-driver,Waymo,SADHW2S10M1617647,11725.3,0
2022,safety-driver,Waymo,SADHW2S10M1X06473,0.0,0
2022,safety-driver,Waymo,SADHW2S10M1X06487,0.0,0
2022,safety-driver,Waymo,SADHW2S11M1602073,0.0,0
2022,safety-driver,Waymo,SADHW2S11M1602610,0.0,0
2022,safety-driver,Waymo,SADHW2S11M1602624,0.0,0
2022,safety-driver,Waymo,SADHW2S11M1602641,0.0,0
2022,safety-driver,Waymo,SADHW2S11M1602669,0.0,0
2022,safety-driver,Waymo,SADHW2S11M1602672,0.0,0
2022,safety-driver,Waymo,SADHW2S11M1602686,63.2,0
2022,safety-driver,Waymo,SADHW2S11M1606219,0.0,0
2022,safety-driver,Waymo,SADHW2S11M1614093,0.0,0
2022,safety-driver,Waymo,SADHW2S11M1614109,1317.0,0
2022,safety-driver,Waymo,SADHW2S11M1614269,0.0,0
2022,safety-driver,Waymo,SADHW2S11M1614398,0.0,0
2022,safety-driver,Waymo,SADHW2S11M1614515,0.0,0
2022,safety-driver,Waymo,SADHW2S11M1614577,0.0,0
2022,safety-driver,Waymo,SADHW2S11M1614661,210.7,0
2022,safety-driver,Waymo,SADHW2S11M1614742,304.2,0
2022,safety-driver,Waymo,SADHW2S11M1614790,0.0,0
2022,safety-driver,Waymo,SADHW2S11M1614854,349.2,0
2022,safety-driver,Waymo,SADHW2S11M1614966,550.3,0
2022,safety-driver,Waymo,SADHW2S11M1615129,1230.8,0
2022,safety-driver,Waymo,SADHW2S11M1615258,9745.6,0
2022,safety-driver,Waymo,SADHW2S11M1615292,9070.7,0
2022,safety-driver,Waymo,SADHW2S11M1615437,551.7,0
2022,safety-driver,Waymo,SADHW2S11M1615454,292.6,0
2022,safety-driver,Waymo,SADHW2S11M1615549,8358.9,0
2022,safety-driver,Waymo,SADHW2S11M1615583,10089.1,0
2022,safety-driver,Waymo,SADHW2S11M1615678,10062.8,0
2022,safety-driver,Waymo,SADHW2S11M1615681,2139.9,0
2022,safety-driver,Waymo,SADHW2S11M1615695,12012.0,0
2022,safety-driver,Waymo,SADHW2S11M1615776,9739.8,0
2022,safety-driver,Waymo,SADHW2S11M1615857,12108.9,1
2022,safety-driver,Waymo,SADHW2S11M1615955,2137.2,0
2022,safety-driver,Waymo,SADHW2S11M1616054,8559.2,0
2022,safety-driver,Waymo,SADHW2S11M1616118,10622.4,1
2022,safety-driver,Waymo,SADHW2S11M1616149,577.0,0
2022,safety-driver,Waymo,SADHW2S11M1616281,13615.8,2
2022,safety-driver,Waymo,SADHW2S11M1616300,15681.7,1
2022,safety-driver,Waymo,SADHW2S11M1616359,0.0,0
2022,safety-driver,Waymo,SADHW2S11M1616376,0.0,0
2022,safety-driver,Waymo,SADHW2S11M1616572,12824.2,1
2022,safety-driver,Waymo,SADHW2S11M1616619,7390.1,0
2022,safety-driver,Waymo,SADHW2S11M1616698,8991.0,0
2022,safety-driver,Waymo,SADHW2S11M1616748,19708.7,1
2022,safety-driver,Waymo,SADHW2S11M1616779,8382.5,0
2022,safety-driver,Waymo,SADHW2S11M1616880,10342.7,1
2022,safety-driver,Waymo,SADHW2S11M1616992,12300.3,0
2022,safety-driver,Waymo,SADHW2S11M1617186,10505.8,1
2022,safety-driver,Waymo,SADHW2S11M1617219,13047.4,0
2022,safety-driver,Waymo,SADHW2S11M1617298,10094.6,0
2022,safety-driver,Waymo,SADHW2S11M1617365,10501.7,1
2022,safety-driver,Waymo,SADHW2S11M1617611,8327.1,1
2022,safety-driver,Waymo,SADHW2S11M1617625,11891.1,1
2022,safety-driver,Waymo,SADHW2S11M1617642,5270.0,0
2022,safety-driver,Waymo,SADHW2S11M1X06448,0.0,0
2022,safety-driver,Waymo,SADHW2S11M1X06465,0.0,0
2022,safety-driver,Waymo,SADHW2S11M1X06482,0.0,0
2022,safety-driver,Waymo,SADHW2S12M1602664,0.0,0
2022,safety-driver,Waymo,SADHW2S12M1602678,0.0,0
2022,safety-driver,Waymo,SADHW2S12M1602681,0.0,0
2022,safety-driver,Waymo,SADHW2S12M1606200,0.0,0
2022,safety-driver,Waymo,SADHW2S12M1614281,0.0,0
2022,safety-driver,Waymo,SADHW2S12M1614314,0.0,0
2022,safety-driver,Waymo,SADHW2S12M1614524,0.0,0
2022,safety-driver,Waymo,SADHW2S12M1614586,0.0,0
2022,safety-driver,Waymo,SADHW2S12M1614670,398.8,0
2022,safety-driver,Waymo,SADHW2S12M1614782,2261.6,0
2022,safety-driver,Waymo,SADHW2S12M1614815,313.7,0
2022,safety-driver,Waymo,SADHW2S12M1614863,3432.9,0
2022,safety-driver,Waymo,SADHW2S12M1614930,2203.0,0
2022,safety-driver,Waymo,SADHW2S12M1614944,0.0,0
2022,safety-driver,Waymo,SADHW2S12M1615141,12968.5,1
2022,safety-driver,Waymo,SADHW2S12M1615415,472.0,0
2022,safety-driver,Waymo,SADHW2S12M1615527,2142.9,0
2022,safety-driver,Waymo,SADHW2S12M1615589,7797.7,0
2022,safety-driver,Waymo,SADHW2S12M1615687,13405.5,3
2022,safety-driver,Waymo,SADHW2S12M1615690,11118.7,0
2022,safety-driver,Waymo,SADHW2S12M1615706,13876.3,0
2022,safety-driver,Waymo,SADHW2S12M1615754,7882.2,0
2022,safety-driver,Waymo,SADHW2S12M1615849,7801.6,1
2022,safety-driver,Waymo,SADHW2S12M1615897,3981.8,0
2022,safety-driver,Waymo,SADHW2S12M1615947,9373.2,1
2022,safety-driver,Waymo,SADHW2S12M1616001,8624.9,0
2022,safety-driver,Waymo,SADHW2S12M1616015,0.0,0
2022,safety-driver,Waymo,SADHW2S12M1616029,8942.5,1
2022,safety-driver,Waymo,SADHW2S12M1616130,8069.4,0
2022,safety-driver,Waymo,SADHW2S12M1616158,9845.4,1
2022,safety-driver,Waymo,SADHW2S12M1616208,0.0,0
2022,safety-driver,Waymo,SADHW2S12M1616239,16860.6,0
2022,safety-driver,Waymo,SADHW2S12M1616290,1755.5,0
2022,safety-driver,Waymo,SADHW2S12M1616385,5066.7,0
2022,safety-driver,Waymo,SADHW2S12M1616421,9150.4,0
2022,safety-driver,Waymo,SADHW2S12M1616581,746.0,0
2022,safety-driver,Waymo,SADHW2S12M1616600,15365.3,1
2022,safety-driver,Waymo,SADHW2S12M1616662,5977.6,2
2022,safety-driver,Waymo,SADHW2S12M1616712,4473.2,0
2022,safety-driver,Waymo,SADHW2S12M1616726,14292.8,3
2022,safety-driver,Waymo,SADHW2S12M1616824,2645.9,0
2022,safety-driver,Waymo,SADHW2S12M1617309,4088.4,0
2022,safety-driver,Waymo,SADHW2S12M1617651,9781.8,2
2022,safety-driver,Waymo,SADHW2S12M1X06474,0.0,0
2022,safety-driver,Waymo,SADHW2S13M1602673,0.0,0
2022,safety-driver,Waymo,SADHW2S13M1602690,0.0,0
2022,safety-driver,Waymo,SADHW2S13M1602706,0.0,0
2022,safety-driver,Waymo,SADHW2S13M1606173,0.0,0
2022,safety-driver,Waymo,SADHW2S13M1614080,0.0,0
2022,safety-driver,Waymo,SADHW2S13M1614368,2496.9,0
2022,safety-driver,Waymo,SADHW2S13M1614418,0.0,0
2022,safety-driver,Waymo,SADHW2S13M1614497,201.8,0
2022,safety-driver,Waymo,SADHW2S13M1614533,0.0,0
2022,safety-driver,Waymo,SADHW2S13M1614595,0.0,0
2022,safety-driver,Waymo,SADHW2S13M1614614,6.1,0
2022,safety-driver,Waymo,SADHW2S13M1614757,2978.7,0
2022,safety-driver,Waymo,SADHW2S13M1614774,2898.5,0
2022,safety-driver,Waymo,SADHW2S13M1614807,1325.7,0
2022,safety-driver,Waymo,SADHW2S13M1614838,3588.8,0
2022,safety-driver,Waymo,SADHW2S13M1615374,2078.8,0
2022,safety-driver,Waymo,SADHW2S13M1615469,10026.2,1
2022,safety-driver,Waymo,SADHW2S13M1615486,9205.3,1
2022,safety-driver,Waymo,SADHW2S13M1615505,1463.0,0
2022,safety-driver,Waymo,SADHW2S13M1615519,16397.7,1
2022,safety-driver,Waymo,SADHW2S13M1615665,10520.0,0
2022,safety-driver,Waymo,SADHW2S13M1615729,7484.7,0
2022,safety-driver,Waymo,SADHW2S13M1615732,15222.4,0
2022,safety-driver,Waymo,SADHW2S13M1615780,12643.4,0
2022,safety-driver,Waymo,SADHW2S13M1615813,7614.6,2
2022,safety-driver,Waymo,SADHW2S13M1615889,16076.9,0
2022,safety-driver,Waymo,SADHW2S13M1616069,500.7,0
2022,safety-driver,Waymo,SADHW2S13M1616427,14984.0,0
2022,safety-driver,Waymo,SADHW2S13M1616492,8754.3,0
2022,safety-driver,Waymo,SADHW2S13M1616542,17415.7,4
2022,safety-driver,Waymo,SADHW2S13M1616587,13242.3,1
2022,safety-driver,Waymo,SADHW2S13M1616668,0.0,0
2022,safety-driver,Waymo,SADHW2S13M1616928,9164.2,3
2022,safety-driver,Waymo,SADHW2S13M1617268,9524.8,0
2022,safety-driver,Waymo,SADHW2S13M1617450,4182.5,0
2022,safety-driver,Waymo,SADHW2S13M1617464,8925.9,1
2022,safety-driver,Waymo,SADHW2S13M1617528,22886.2,0
2022,safety-driver,Waymo,SADHW2S13M1X06466,0.0,0
2022,safety-driver,Waymo,SADHW2S14M1602343,0.0,0
2022,safety-driver,Waymo,SADHW2S14M1602584,0.0,0
2022,safety-driver,Waymo,SADHW2S14M1602665,0.0,0
2022,safety-driver,Waymo,SADHW2S14M1602679,0.0,0
2022,safety-driver,Waymo,SADHW2S14M1602682,0.0,0
2022,safety-driver,Waymo,SADHW2S14M1602696,0.0,0
2022,safety-driver,Waymo,SADHW2S14M1602701,0.0,0
2022,safety-driver,Waymo,SADHW2S14M1606148,0.0,0
2022,safety-driver,Waymo,SADHW2S14M1606182,0.0,0
2022,safety-driver,Waymo,SADHW2S14M1606375,0.0,0
2022,safety-driver,Waymo,SADHW2S14M1614346,0.0,0
2022,safety-driver,Waymo,SADHW2S14M1614542,0.0,0
2022,safety-driver,Waymo,SADHW2S14M1614623,111.5,0
2022,safety-driver,Waymo,SADHW2S14M1614721,149.3,0
2022,safety-driver,Waymo,SADHW2S14M1614735,2286.0,0
2022,safety-driver,Waymo,SADHW2S14M1614749,127.8,0
2022,safety-driver,Waymo,SADHW2S14M1614847,3028.5,1
2022,safety-driver,Waymo,SADHW2S14M1615190,5494.8,1
2022,safety-driver,Waymo,SADHW2S14M1615254,434.9,0
2022,safety-driver,Waymo,SADHW2S14M1615271,12876.5,0
2022,safety-driver,Waymo,SADHW2S14M1615285,3558.9,0
2022,safety-driver,Waymo,SADHW2S14M1615383,286.6,0
2022,safety-driver,Waymo,SADHW2S14M1615447,9123.8,2
2022,safety-driver,Waymo,SADHW2S14M1615478,6107.8,0
2022,safety-driver,Waymo,SADHW2S14M1615593,2953.0,0
2022,safety-driver,Waymo,SADHW2S14M1615643,6928.8,1
2022,safety-driver,Waymo,SADHW2S14M1615674,800.6,0
2022,safety-driver,Waymo,SADHW2S14M1615724,1443.0,0
2022,safety-driver,Waymo,SADHW2S14M1615738,0.0,0
2022,safety-driver,Waymo,SADHW2S14M1615805,2335.7,0
2022,safety-driver,Waymo,SADHW2S14M1615982,0.0,0
2022,safety-driver,Waymo,SADHW2S14M1615996,0.0,0
2022,safety-driver,Waymo,SADHW2S14M1616033,625.5,1
2022,safety-driver,Waymo,SADHW2S14M1616307,9425.0,0
2022,safety-driver,Waymo,SADHW2S14M1616341,7818.3,0
2022,safety-driver,Waymo,SADHW2S14M1616517,7265.0,1
2022,safety-driver,Waymo,SADHW2S14M1616565,8590.7,0
2022,safety-driver,Waymo,SADHW2S14M1616632,0.0,0
2022,safety-driver,Waymo,SADHW2S14M1616680,0.0,0
2022,safety-driver,Waymo,SADHW2S14M1616761,12691.1,0
2022,safety-driver,Waymo,SADHW2S14M1616792,4123.8,1
2022,safety-driver,Waymo,SADHW2S14M1616811,340.4,0
2022,safety-driver,Waymo,SADHW2S14M1616985,11966.4,0
2022,safety-driver,Waymo,SADHW2S14M1617036,11079.0,0
2022,safety-driver,Waymo,SADHW2S14M1617327,13694.5,0
2022,safety-driver,Waymo,SADHW2S14M1617473,12836.7,0
2022,safety-driver,Waymo,SADHW2S14M1617523,10581.2,1
2022,safety-driver,Waymo,SADHW2S14M1617537,17057.5,2
2022,safety-driver,Waymo,SADHW2S14M1617599,10925.5,0
2022,safety-driver,Waymo,SADHW2S14M1617604,9886.7,1
2022,safety-driver,Waymo,SADHW2S14M1X06475,0.0,0
2022,safety-driver,Waymo,SADHW2S15M1602660,0.0,0
2022,safety-driver,Waymo,SADHW2S15M1602688,0.0,0
2022,safety-driver,Waymo,SADHW2S15M1602691,0.0,0
2022,safety-driver,Waymo,SADHW2S15M1605896,0.0,0
2022,safety-driver,Waymo,SADHW2S15M1606157,0.0,0
2022,safety-driver,Waymo,SADHW2S15M1606191,0.0,0
2022,safety-driver,Waymo,SADHW2S15M1614257,2377.8,0
2022,safety-driver,Waymo,SADHW2S15M1614551,214.7,0
2022,safety-driver,Waymo,SADHW2S15M1614906,236.6,0
2022,safety-driver,Waymo,SADHW2S15M1614923,319.3,0
2022,safety-driver,Waymo,SADHW2S15M1614971,217.9,0
2022,safety-driver,Waymo,SADHW2S15M1615215,1178.6,0
2022,safety-driver,Waymo,SADHW2S15M1615229,1101.4,0
2022,safety-driver,Waymo,SADHW2S15M1615277,9236.3,0
2022,safety-driver,Waymo,SADHW2S15M1615361,248.2,0
2022,safety-driver,Waymo,SADHW2S15M1615442,3509.3,0
2022,safety-driver,Waymo,SADHW2S15M1615473,4744.0,0
2022,safety-driver,Waymo,SADHW2S15M1615568,5878.6,1
2022,safety-driver,Waymo,SADHW2S15M1615599,11449.8,1
2022,safety-driver,Waymo,SADHW2S15M1615635,13256.3,1
2022,safety-driver,Waymo,SADHW2S15M1615716,9117.6,1
2022,safety-driver,Waymo,SADHW2S15M1615764,2747.8,0
2022,safety-driver,Waymo,SADHW2S15M1616008,5960.7,1
2022,safety-driver,Waymo,SADHW2S15M1616090,15103.0,0
2022,safety-driver,Waymo,SADHW2S15M1616140,13164.3,1
2022,safety-driver,Waymo,SADHW2S15M1616171,10362.3,0
2022,safety-driver,Waymo,SADHW2S15M1616199,3063.6,0
2022,safety-driver,Waymo,SADHW2S15M1616218,9598.0,2
2022,safety-driver,Waymo,SADHW2S15M1616249,1003.5,0
2022,safety-driver,Waymo,SADHW2S15M1616333,8812.8,3
2022,safety-driver,Waymo,SADHW2S15M1616462,11964.7,0
2022,safety-driver,Waymo,SADHW2S15M1616509,0.0,0
2022,safety-driver,Waymo,SADHW2S15M1616557,13933.8,0
2022,safety-driver,Waymo,SADHW2S15M1616560,8929.0,1
2022,safety-driver,Waymo,SADHW2S15M1616638,12682.1,0
2022,safety-driver,Waymo,SADHW2S15M1616686,7224.1,0
2022,safety-driver,Waymo,SADHW2S15M1616705,14418.9,0
2022,safety-driver,Waymo,SADHW2S15M1616719,10769.9,0
2022,safety-driver,Waymo,SADHW2S15M1616767,4530.2,0
2022,safety-driver,Waymo,SADHW2S15M1617109,7434.9,0
2022,safety-driver,Waymo,SADHW2S15M1617238,9870.0,1
2022,safety-driver,Waymo,SADHW2S15M1617319,10418.2,0
2022,safety-driver,Waymo,SADHW2S15M1617403,8914.1,0
2022,safety-driver,Waymo,SADHW2S15M1617515,6197.9,0
2022,safety-driver,Waymo,SADHW2S15M1617532,3810.8,0
2022,safety-driver,Waymo,SADHW2S15M1617546,9241.5,2
2022,safety-driver,Waymo,SADHW2S15M1X06468,0.0,0
2022,safety-driver,Waymo,SADHW2S15M1X06470,0.0,0
2022,safety-driver,Waymo,SADHW2S15M1X06484,0.0,0
2022,safety-driver,Waymo,SADHW2S16M1601985,0.0,0
2022,safety-driver,Waymo,SADHW2S16M1602067,0.0,0
2022,safety-driver,Waymo,SADHW2S16M1602618,0.0,0
2022,safety-driver,Waymo,SADHW2S16M1602621,0.0,0
2022,safety-driver,Waymo,SADHW2S16M1602697,0.0,0
2022,safety-driver,Waymo,SADHW2S16M1602702,0.0,0
2022,safety-driver,Waymo,SADHW2S16M1605972,0.0,0
2022,safety-driver,Waymo,SADHW2S16M1606233,0.0,0
2022,safety-driver,Waymo,SADHW2S16M1614087,806.5,0
2022,safety-driver,Waymo,SADHW2S16M1614428,193.6,0
2022,safety-driver,Waymo,SADHW2S16M1614705,554.5,0
2022,safety-driver,Waymo,SADHW2S16M1614798,0.0,0
2022,safety-driver,Waymo,SADHW2S16M1614879,5.3,0
2022,safety-driver,Waymo,SADHW2S16M1614915,63.7,0
2022,safety-driver,Waymo,SADHW2S16M1615112,312.1,0
2022,safety-driver,Waymo,SADHW2S16M1615305,7759.6,1
2022,safety-driver,Waymo,SADHW2S16M1615353,10980.6,1
2022,safety-driver,Waymo,SADHW2S16M1615465,13553.4,0
2022,safety-driver,Waymo,SADHW2S16M1615482,10690.9,0
2022,safety-driver,Waymo,SADHW2S16M1615501,12626.2,3
2022,safety-driver,Waymo,SADHW2S16M1615532,9706.9,0
2022,safety-driver,Waymo,SADHW2S16M1615546,0.0,0
2022,safety-driver,Waymo,SADHW2S16M1615577,9313.8,0
2022,safety-driver,Waymo,SADHW2S16M1615613,5382.0,1
2022,safety-driver,Waymo,SADHW2S16M1615711,0.0,0
2022,safety-driver,Waymo,SADHW2S16M1615742,0.0,0
2022,safety-driver,Waymo,SADHW2S16M1615773,9230.2,0
2022,safety-driver,Waymo,SADHW2S16M1615787,1604.4,0
2022,safety-driver,Waymo,SADHW2S16M1615790,9821.6,0
2022,safety-driver,Waymo,SADHW2S16M1615823,9813.0,3
2022,safety-driver,Waymo,SADHW2S16M1615871,4653.6,1
2022,safety-driver,Waymo,SADHW2S16M1615904,10321.2,0
2022,safety-driver,Waymo,SADHW2S16M1615952,760.7,0
2022,safety-driver,Waymo,SADHW2S16M1616051,14593.1,1
2022,safety-driver,Waymo,SADHW2S16M1616261,0.0,0
2022,safety-driver,Waymo,SADHW2S16M1616325,7181.3,1
2022,safety-driver,Waymo,SADHW2S16M1616471,1200.1,0
2022,safety-driver,Waymo,SADHW2S16M1616549,14206.1,1
2022,safety-driver,Waymo,SADHW2S16M1616650,13976.2,0
2022,safety-driver,Waymo,SADHW2S16M1616860,10622.8,0
2022,safety-driver,Waymo,SADHW2S16M1616972,9619.8,1
2022,safety-driver,Waymo,SADHW2S16M1617278,16784.7,0
2022,safety-driver,Waymo,SADHW2S16M1617507,6284.3,0
2022,safety-driver,Waymo,SADHW2S16M1617510,11779.0,0
2022,safety-driver,Waymo,SADHW2S16M1617541,10912.9,4
2022,safety-driver,Waymo,SADHW2S16M1617555,11805.8,0
2022,safety-driver,Waymo,SADHW2S16M1617569,8005.8,1
2022,safety-driver,Waymo,SADHW2S16M1617619,10960.1,0
2022,safety-driver,Waymo,SADHW2S16M1X06462,0.0,0
2022,safety-driver,Waymo,SADHW2S16M1X06476,0.0,0
2022,safety-driver,Waymo,SADHW2S17M1602661,0.0,0
2022,safety-driver,Waymo,SADHW2S17M1602689,0.0,0
2022,safety-driver,Waymo,SADHW2S17M1606211,0.0,0
2022,safety-driver,Waymo,SADHW2S17M1606225,0.0,0
2022,safety-driver,Waymo,SADHW2S17M1614292,0.0,0
2022,safety-driver,Waymo,SADHW2S17M1614633,640.5,0
2022,safety-driver,Waymo,SADHW2S17M1614647,1199.6,0
2022,safety-driver,Waymo,SADHW2S17M1614678,0.0,0
2022,safety-driver,Waymo,SADHW2S17M1614714,176.0,0
2022,safety-driver,Waymo,SADHW2S17M1614728,0.0,0
2022,safety-driver,Waymo,SADHW2S17M1614888,680.7,0
2022,safety-driver,Waymo,SADHW2S17M1615040,292.5,0
2022,safety-driver,Waymo,SADHW2S17M1615166,1498.3,0
2022,safety-driver,Waymo,SADHW2S17M1615300,3985.3,0
2022,safety-driver,Waymo,SADHW2S17M1615393,0.0,0
2022,safety-driver,Waymo,SADHW2S17M1615460,416.5,0
2022,safety-driver,Waymo,SADHW2S17M1615555,0.0,0
2022,safety-driver,Waymo,SADHW2S17M1615572,2803.3,0
2022,safety-driver,Waymo,SADHW2S17M1615605,4263.9,1
2022,safety-driver,Waymo,SADHW2S17M1615619,7988.3,3
2022,safety-driver,Waymo,SADHW2S17M1615653,0.0,0
2022,safety-driver,Waymo,SADHW2S17M1615684,9687.1,0
2022,safety-driver,Waymo,SADHW2S17M1615703,12677.4,1
2022,safety-driver,Waymo,SADHW2S17M1615748,4880.4,0
2022,safety-driver,Waymo,SADHW2S17M1615846,13094.4,0
2022,safety-driver,Waymo,SADHW2S17M1615930,0.0,0
2022,safety-driver,Waymo,SADHW2S17M1615989,13256.7,0
2022,safety-driver,Waymo,SADHW2S17M1616527,11340.9,1
2022,safety-driver,Waymo,SADHW2S17M1616592,11765.3,0
2022,safety-driver,Waymo,SADHW2S17M1616656,8834.9,0
2022,safety-driver,Waymo,SADHW2S17M1616740,11408.6,0
2022,safety-driver,Waymo,SADHW2S17M1616799,9374.0,3
2022,safety-driver,Waymo,SADHW2S17M1616818,4128.6,0
2022,safety-driver,Waymo,SADHW2S17M1616916,2591.9,0
2022,safety-driver,Waymo,SADHW2S17M1616950,2547.8,0
2022,safety-driver,Waymo,SADHW2S17M1617385,13067.0,0
2022,safety-driver,Waymo,SADHW2S17M1617550,8147.9,0
2022,safety-driver,Waymo,SADHW2S17M1617595,14101.8,0
2022,safety-driver,Waymo,SADHW2S18M1602670,0.0,0
2022,safety-driver,Waymo,SADHW2S18M1602684,0.0,0
2022,safety-driver,Waymo,SADHW2S18M1602698,0.0,0
2022,safety-driver,Waymo,SADHW2S18M1602703,0.0,0
2022,safety-driver,Waymo,SADHW2S18M1606251,0.0,0
2022,safety-driver,Waymo,SADHW2S18M1614303,0.0,0
2022,safety-driver,Waymo,SADHW2S18M1614463,18.9,0
2022,safety-driver,Waymo,SADHW2S18M1614480,2070.5,0
2022,safety-driver,Waymo,SADHW2S18M1614687,2758.7,0
2022,safety-driver,Waymo,SADHW2S18M1614964,0.0,0
2022,safety-driver,Waymo,SADHW2S18M1615063,705.7,0
2022,safety-driver,Waymo,SADHW2S18M1615077,522.9,0
2022,safety-driver,Waymo,SADHW2S18M1615094,0.0,0
2022,safety-driver,Waymo,SADHW2S18M1615208,0.0,0
2022,safety-driver,Waymo,SADHW2S18M1615225,15728.9,0
2022,safety-driver,Waymo,SADHW2S18M1615239,0.0,0
2022,safety-driver,Waymo,SADHW2S18M1615368,509.8,0
2022,safety-driver,Waymo,SADHW2S18M1615404,4290.2,0
2022,safety-driver,Waymo,SADHW2S18M1615421,11812.1,0
2022,safety-driver,Waymo,SADHW2S18M1615497,549.4,0
2022,safety-driver,Waymo,SADHW2S18M1615564,10613.9,0
2022,safety-driver,Waymo,SADHW2S18M1615709,9657.0,0
2022,safety-driver,Waymo,SADHW2S18M1615743,3945.8,0
2022,safety-driver,Waymo,SADHW2S18M1615838,7124.1,0
2022,safety-driver,Waymo,SADHW2S18M1615886,0.0,0
2022,safety-driver,Waymo,SADHW2S18M1615919,11513.2,0
2022,safety-driver,Waymo,SADHW2S18M1615922,13975.7,1
2022,safety-driver,Waymo,SADHW2S18M1615970,14148.4,0
2022,safety-driver,Waymo,SADHW2S18M1616021,11197.6,2
2022,safety-driver,Waymo,SADHW2S18M1616083,0.0,0
2022,safety-driver,Waymo,SADHW2S18M1616178,0.0,0
2022,safety-driver,Waymo,SADHW2S18M1616441,9682.3,0
2022,safety-driver,Waymo,SADHW2S18M1616455,13982.8,0
2022,safety-driver,Waymo,SADHW2S18M1616603,980.9,0
2022,safety-driver,Waymo,SADHW2S18M1616844,14865.4,0
2022,safety-driver,Waymo,SADHW2S18M1616939,7793.1,1
2022,safety-driver,Waymo,SADHW2S18M1617007,18139.7,3
2022,safety-driver,Waymo,SADHW2S18M1617024,14694.7,0
2022,safety-driver,Waymo,SADHW2S18M1617086,0.1,0
2022,safety-driver,Waymo,SADHW2S18M1617122,19965.1,0
2022,safety-driver,Waymo,SADHW2S18M1617248,12692.9,3
2022,safety-driver,Waymo,SADHW2S18M1617377,4292.7,0
2022,safety-driver,Waymo,SADHW2S18M1617394,5454.1,1
2022,safety-driver,Waymo,SADHW2S18M1617430,6884.3,0
2022,safety-driver,Waymo,SADHW2S18M1617573,9764.5,3
2022,safety-driver,Waymo,SADHW2S18M1X06477,0.0,0
2022,safety-driver,Waymo,SADHW2S18M1X06480,0.0,0
2022,safety-driver,Waymo,SADHW2S19M1602614,0.0,0
2022,safety-driver,Waymo,SADHW2S19M1602645,0.0,0
2022,safety-driver,Waymo,SADHW2S19M1602659,0.0,0
2022,safety-driver,Waymo,SADHW2S19M1602662,0.0,0
2022,safety-driver,Waymo,SADHW2S19M1602676,0.0,0
2022,safety-driver,Waymo,SADHW2S19M1602693,0.0,0
2022,safety-driver,Waymo,SADHW2S19M1606128,0.0,0
2022,safety-driver,Waymo,SADHW2S19M1614102,0.0,0
2022,safety-driver,Waymo,SADHW2S19M1614245,0.0,0
2022,safety-driver,Waymo,SADHW2S19M1614326,2067.8,0
2022,safety-driver,Waymo,SADHW2S19M1614357,0.0,0
2022,safety-driver,Waymo,SADHW2S19M1614438,1862.6,0
2022,safety-driver,Waymo,SADHW2S19M1614696,410.8,0
2022,safety-driver,Waymo,SADHW2S19M1614830,3282.5,0
2022,safety-driver,Waymo,SADHW2S19M1614956,0.0,0
2022,safety-driver,Waymo,SADHW2S19M1615220,0.0,0
2022,safety-driver,Waymo,SADHW2S19M1615234,6445.6,0
2022,safety-driver,Waymo,SADHW2S19M1615248,9723.9,1
2022,safety-driver,Waymo,SADHW2S19M1615282,4910.9,0
2022,safety-driver,Waymo,SADHW2S19M1615461,2541.1,0
2022,safety-driver,Waymo,SADHW2S19M1615539,11991.6,2
2022,safety-driver,Waymo,SADHW2S19M1615668,15932.5,0
2022,safety-driver,Waymo,SADHW2S19M1615671,9606.3,2
2022,safety-driver,Waymo,SADHW2S19M1615699,13767.4,1
2022,safety-driver,Waymo,SADHW2S19M1615721,11436.4,2
2022,safety-driver,Waymo,SADHW2S19M1615749,10489.6,3
2022,safety-driver,Waymo,SADHW2S19M1615783,3415.1,0
2022,safety-driver,Waymo,SADHW2S19M1615816,9736.8,2
2022,safety-driver,Waymo,SADHW2S19M1615833,8186.3,0
2022,safety-driver,Waymo,SADHW2S19M1615864,10820.5,1
2022,safety-driver,Waymo,SADHW2S19M1615914,9423.8,0
2022,safety-driver,Waymo,SADHW2S19M1616044,10751.7,0
2022,safety-driver,Waymo,SADHW2S19M1616108,12644.9,0
2022,safety-driver,Waymo,SADHW2S19M1616187,9724.4,1
2022,safety-driver,Waymo,SADHW2S19M1616349,13891.7,0
2022,safety-driver,Waymo,SADHW2S19M1616402,7189.8,0
2022,safety-driver,Waymo,SADHW2S19M1616481,21039.2,0
2022,safety-driver,Waymo,SADHW2S19M1616609,6030.2,1
2022,safety-driver,Waymo,SADHW2S19M1616626,5664.3,0
2022,safety-driver,Waymo,SADHW2S19M1616674,14490.9,0
2022,safety-driver,Waymo,SADHW2S19M1616755,18852.3,2
2022,safety-driver,Waymo,SADHW2S19M1616786,0.0,0
2022,safety-driver,Waymo,SADHW2S19M1616805,0.0,0
2022,safety-driver,Waymo,SADHW2S19M1616853,22709.4,1
2022,safety-driver,Waymo,SADHW2S19M1616870,14581.3,0
2022,safety-driver,Waymo,SADHW2S19M1617016,17610.8,3
2022,safety-driver,Waymo,SADHW2S19M1617064,7970.9,0
2022,safety-driver,Waymo,SADHW2S19M1617078,12521.4,0
2022,safety-driver,Waymo,SADHW2S19M1617209,2332.3,0
2022,safety-driver,Waymo,SADHW2S19M1617288,10384.2,1
2022,safety-driver,Waymo,SADHW2S19M1617422,8107.2,1
2022,safety-driver,Waymo,SADHW2S19M1617484,10836.4,0
2022,safety-driver,Waymo,SADHW2S19M1617520,19999.8,1
2022,safety-driver,Waymo,SADHW2S19M1617565,826.2,0
2022,safety-driver,Waymo,SADHW2S19M1617579,3925.4,0
2022,safety-driver,Waymo,SADHW2S19M1617615,9577.0,1
2022,safety-driver,Waymo,SADHW2S19M1X06469,0.0,0
2022,safety-driver,Waymo,SADHW2S19M1X06486,0.0,0
2022,safety-driver,Waymo,SADHW2S1XM1602587,0.0,0
2022,safety-driver,Waymo,SADHW2S1XM1602637,0.0,0
2022,safety-driver,Waymo,SADHW2S1XM1602668,0.0,0
2022,safety-driver,Waymo,SADHW2S1XM1602671,0.0,0
2022,safety-driver,Waymo,SADHW2S1XM1602685,0.0,0
2022,safety-driver,Waymo,SADHW2S1XM1602699,0.0,0
2022,safety-driver,Waymo,SADHW2S1XM1602735,0.0,0
2022,safety-driver,Waymo,SADHW2S1XM1605876,0.0,0
2022,safety-driver,Waymo,SADHW2S1XM1606137,0.0,0
2022,safety-driver,Waymo,SADHW2S1XM1614335,2504.3,0
2022,safety-driver,Waymo,SADHW2S1XM1614447,2372.9,0
2022,safety-driver,Waymo,SADHW2S1XM1614559,181.2,0
2022,safety-driver,Waymo,SADHW2S1XM1614643,2906.4,0
2022,safety-driver,Waymo,SADHW2S1XM1614822,44.9,0
2022,safety-driver,Waymo,SADHW2S1XM1614870,799.4,0
2022,safety-driver,Waymo,SADHW2S1XM1614898,3226.7,0
2022,safety-driver,Waymo,SADHW2S1XM1614948,9038.2,0
2022,safety-driver,Waymo,SADHW2S1XM1615176,6489.9,1
2022,safety-driver,Waymo,SADHW2S1XM1615243,9501.9,0
2022,safety-driver,Waymo,SADHW2S1XM1615629,12670.0,0
2022,safety-driver,Waymo,SADHW2S1XM1615713,0.0,0
2022,safety-driver,Waymo,SADHW2S1XM1615727,0.0,0
2022,safety-driver,Waymo,SADHW2S1XM1615758,1064.5,0
2022,safety-driver,Waymo,SADHW2S1XM1615761,8006.2,1
2022,safety-driver,Waymo,SADHW2S1XM1615937,3823.9,1
2022,safety-driver,Waymo,SADHW2S1XM1616103,6414.9,0
2022,safety-driver,Waymo,SADHW2S1XM1616232,12746.2,1
2022,safety-driver,Waymo,SADHW2S1XM1616392,779.6,0
2022,safety-driver,Waymo,SADHW2S1XM1616411,4460.4,0
2022,safety-driver,Waymo,SADHW2S1XM1616537,12253.9,0
2022,safety-driver,Waymo,SADHW2S1XM1616733,14398.4,0
2022,safety-driver,Waymo,SADHW2S1XM1616831,6246.4,0
2022,safety-driver,Waymo,SADHW2S1XM1616893,9709.5,1
2022,safety-driver,Waymo,SADHW2S1XM1616960,10308.9,0
2022,safety-driver,Waymo,SADHW2S1XM1617199,7503.0,0
2022,safety-driver,Waymo,SADHW2S1XM1617350,12753.7,0
2022,safety-driver,Waymo,SADHW2S1XM1617414,13037.3,0
2022,safety-driver,Waymo,SADHW2S1XM1617560,6436.5,0
2022,safety-driver,Waymo,SADHW2S1XM1617588,10827.2,1
2022,safety-driver,Waymo,SADHW2S1XM1617638,11986.7,2
2022,safety-driver,Waymo,SADHW2S1XM1X06478,0.0,0
2022,safety-driver,WeRide,1N4AZ1CP0KC303358,0.0,0
2022,safety-driver,WeRide,1N4AZ1CP2KC305130,2034.45,0
2022,safety-driver,WeRide,1N4AZ1CP2KC305743,4618.57,0
2022,safety-driver,WeRide,1N4AZ1CP3KC301099,12238.23,1
2022,safety-driver,WeRide,1N4AZ1CP4KC303668,12614.07,1
2022,safety-driver,WeRide,1N4AZ1CP4KC305551,2212.6,0
2022,safety-driver,WeRide,1N4AZ1CP5JC315505,679.15,0
2022,safety-driver,WeRide,1N4AZ1CP5KC307681,9490.72,1
2022,safety-driver,WeRide,1N4AZ1CP6KC305048,2348.7,0
2022,safety-driver,WeRide,1N4CZ1CV1PC550208,0.03,0
2022,safety-driver,WeRide,1N4CZ1CV3PC550100,1130.0,0
2022,safety-driver,WeRide,1N4CZ1CV5PC551541,0.0,0
2022,safety-driver,WeRide,1N4CZ1CV8PC550139,551.08,0
2022,safety-driver,WeRide,1NSCZ1CV2PC550346,0.0,0
2022,safety-driver,WeRide,3LN6L5LU1HR638729,9031.07,0
2022,safety-driver,WeRide,3LN6L5MU1HR637773,5440.5,0
2022,safety-driver,WeRide,3LN6L5MU2HR654727,2171.4,0
2022,safety-driver,Zoox,~0015,8722.0,1
2022,safety-driver,Zoox,~0098,0.0,0
2022,safety-driver,Zoox,~0103,0.0,0
2022,safety-driver,Zoox,~0184,1486.0,0
2022,safety-driver,Zoox,~0187,2189.0,0
2022,safety-driver,Zoox,~0224,7949.0,0
2022,safety-driver,Zoox,~0245,6478.0,1
2022,safety-driver,Zoox,~0268,1340.0,0
2022,safety-driver,Zoox,~0376,5835.0,0
2022,safety-driver,Zoox,~0384,12364.0,0
2022,safety-driver,Zoox,~0453,1686.0,0
2022,safety-driver,Zoox,~0471,6618.0,0
2022,safety-driver,Zoox,~0496,6094.0,0
2022,safety-driver,Zoox,~0588,0.0,0
2022,safety-driver,Zoox,~0658,1657.0,0
2022,safety-driver,Zoox,~1078,0.0,0
2022,safety-driver,Zoox,~1135,0.0,0
2022,safety-driver,Zoox,~1277,0.0,0
2022,safety-driver,Zoox,~1535,0.0,0
2022,safety-driver,Zoox,~1708,0.0,0
2022,safety-driver,Zoox,~1720,4.0,0
2022,safety-driver,Zoox,~2171,0.0,0
2022,safety-driver,Zoox,~2438,0.0,0
2022,safety-driver,Zoox,~2615,0.0,0
2022,safety-driver,Zoox,~2698,0.0,0
2022,safety-driver,Zoox,~3181,0.0,0
2022,safety-driver,Zoox,~3786,0.0,0
2022,safety-driver,Zoox,~3800,546.0,1
2022,safety-driver,Zoox,~3847,0.0,0
2022,safety-driver,Zoox,~3880,11484.0,0
2022,safety-driver,Zoox,~3905,0.0,0
2022,safety-driver,Zoox,~3957,0.0,0
2022,safety-driver,Zoox,~3971,9209.0,1
2022,safety-driver,Zoox,~3994,7684.0,0
2022,safety-driver,Zoox,~4153,0.0,0
2022,safety-driver,Zoox,~4330,2509.0,0
2022,safety-driver,Zoox,~4358,11201.0,0
2022,safety-driver,Zoox,~4366,1155.0,0
2022,safety-driver,Zoox,~4386,5451.0,0
2022,safety-driver,Zoox,~4395,11249.0,0
2022,safety-driver,Zoox,~4515,2743.0,0
2022,safety-driver,Zoox,~4622,1342.0,0
2022,safety-driver,Zoox,~4801,0.0,0
2022,safety-driver,Zoox,~4810,10014.0,0
2022,safety-driver,Zoox,~4880,1644.0,0
2022,safety-driver,Zoox,~4960,6114.0,0
2022,safety-driver,Zoox,~4961,5674.0,0
2022,safety-driver,Zoox,~4963,2399.0,1
2022,safety-driver,Zoox,~5009,0.0,0
2022,safety-driver,Zoox,~5016,12236.0,0
2022,safety-driver,Zoox,~5023,108.0,0
2022,safety-driver,Zoox,~5071,0.0,0
2022,safety-driver,Zoox,~5163,1218.0,0
2022,safety-driver,Zoox,~5195,8848.0,0
2022,safety-driver,Zoox,~5200,5531.0,1
2022,safety-driver,Zoox,~5225,10652.0,0
2022,safety-driver,Zoox,~5257,515.0,0
2022,safety-driver,Zoox,~5267,4094.0,0
2022,safety-driver,Zoox,~5299,214.0,0
2022,safety-driver,Zoox,~5349,1632.0,0
2022,safety-driver,Zoox,~5424,7167.0,0
2022,safety-driver,Zoox,~5502,5429.0,0
2022,safety-driver,Zoox,~5504,4858.0,0
2022,safety-driver,Zoox,~5522,986.0,0
2022,safety-driver,Zoox,~5631,1123.0,0
2022,safety-driver,Zoox,~5632,6870.0,1
2022,safety-driver,Zoox,~5678,2914.0,0
2022,safety-driver,Zoox,~5743,7109.0,0
2022,safety-driver,Zoox,~5840,4648.0,0
2022,safety-driver,Zoox,~5860,9355.0,0
2022,safety-driver,Zoox,~5903,0.0,0
2022,safety-driver,Zoox,~5934,3279.0,0
2022,safety-driver,Zoox,~5942,4482.0,0
2022,safety-driver,Zoox,~6110,6317.0,0
2022,safety-driver,Zoox,~6116,0.0,0
2022,safety-driver,Zoox,~6137,591.0,0
2022,safety-driver,Zoox,~6144,6931.0,0
2022,safety-driver,Zoox,~6168,7610.0,0
2022,safety-driver,Zoox,~6229,0.0,0
2022,safety-driver,Zoox,~6309,0.0,0
2022,safety-driver,Zoox,~6321,8354.0,0
2022,safety-driver,Zoox,~6427,7546.0,0
2022,safety-driver,Zoox,~6522,9767.0,0
2022,safety-driver,Zoox,~6584,6802.0,1
2022,safety-driver,Zoox,~6607,1524.0,0
2022,safety-driver,Zoox,~6649,5761.0,0
2022,safety-driver,Zoox,~6652,0.0,0
2022,safety-driver,Zoox,~6725,11025.0,0
2022,safety-driver,Zoox,~6810,2952.0,0
2022,safety-driver,Zoox,~6826,2367.0,0
2022,safety-driver,Zoox,~6839,2376.0,0
2022,safety-driver,Zoox,~6954,6102.0,0
2022,safety-driver,Zoox,~6969,0.0,0
2022,safety-driver,Zoox,~7014,439.0,0
2022,safety-driver,Zoox,~7215,0.0,0
2022,safety-driver,Zoox,~7236,0.0,0
2022,safety-driver,Zoox,~7379,5848.0,0
2022,safety-driver,Zoox,~7413,6535.0,0
2022,safety-driver,Zoox,~7527,3475.0,0
2022,safety-driver,Zoox,~7543,4764.0,0
2022,safety-driver,Zoox,~7587,1382.0,0
2022,safety-driver,Zoox,~7602,4556.0,1
2022,safety-driver,Zoox,~7625,8765.0,0
2022,safety-driver,Zoox,~7665,1613.0,0
2022,safety-driver,Zoox,~7703,2.0,0
2022,safety-driver,Zoox,~7818,8205.0,1
2022,safety-driver,Zoox,~7839,11778.0,0
2022,safety-driver,Zoox,~7946,7019.0,0
2022,safety-driver,Zoox,~8132,0.0,0
2022,safety-driver,Zoox,~8312,6772.0,0
2022,safety-driver,Zoox,~8372,0.0,0
2022,safety-driver,Zoox,~8451,0.0,0
2022,safety-driver,Zoox,~8456,7470.0,2
2022,safety-driver,Zoox,~8508,0.0,0
2022,safety-driver,Zoox,~8510,1988.0,0
2022,safety-driver,Zoox,~8545,6075.0,0
2022,safety-driver,Zoox,~8641,674.0,0
2022,safety-driver,Zoox,~8642,15675.0,0
2022,safety-driver,Zoox,~8790,2090.0,0
2022,safety-driver,Zoox,~8791,0.0,0
2022,safety-driver,Zoox,~8805,9708.0,0
2022,safety-driver,Zoox,~8948,9925.0,0
2022,safety-driver,Zoox,~8953,1057.0,0
2022,safety-driver,Zoox,~9086,4115.0,0
2022,safety-driver,Zoox,~9130,0.0,0
2022,safety-driver,Zoox,~9142,7282.0,1
2022,safety-driver,Zoox,~9205,1829.0,1
2022,safety-driver,Zoox,~9210,8743.0,1
2022,safety-driver,Zoox,~9290,1901.0,0
2022,safety-driver,Zoox,~9345,1370.0,0
2022,safety-driver,Zoox,~9386,2105.0,0
2022,safety-driver,Zoox,~9437,6263.0,0
2022,safety-driver,Zoox,~9454,10876.0,3
2022,safety-driver,Zoox,~9493,7541.0,0
2022,safety-driver,Zoox,~9501,5489.0,0
2022,safety-driver,Zoox,~9609,730.0,1
2022,safety-driver,Zoox,~9725,0.0,0
2022,safety-driver,Zoox,~9729,1066.0,0
2022,safety-driver,Zoox,~9781,4975.0,0
2022,safety-driver,Zoox,~9851,267.0,0
2022,safety-driver,Zoox,~9908,10483.0,2
2022,safety-driver,Zoox,~9989,9150.0,0
2022,safety-driver,aiMotive,4T1B21HK3KU514477,5865.0,218
2022,safety-driver,aiMotive,4T1B21HK6KU514747,9350.0,462
2023,driverless,Apollo,2C4RC1N71LR252232,0.0,0
2023,driverless,Apollo,2C4RC1N77LR190366,0.0,0
2023,driverless,Apollo,3LN6L2LU4GR629715,102.1,0
2023,driverless,Apollo,3LN6L5LU2HR615153,475.5,0
2023,driverless,Cruise,5G21A6P00L4100085,0.0,0
2023,driverless,Cruise,5G21A6P00N4121599,12321.88,0
2023,driverless,Cruise,5G21A6P00N4121604,13028.91,0
2023,driverless,Cruise,5G21A6P00N4121635,3951.0,0
2023,driverless,Cruise,5G21A6P00N4121649,11429.54,0
2023,driverless,Cruise,5G21A6P00N4121652,12452.99,0
2023,driverless,Cruise,5G21A6P00N4121666,1957.21,0
2023,driverless,Cruise,5G21A6P00N4121697,12349.21,0
2023,driverless,Cruise,5G21A6P00N4122106,11106.53,0
2023,driverless,Cruise,5G21A6P00P4100061,12211.06,0
2023,driverless,Cruise,5G21A6P00P4100075,12628.88,0
2023,driverless,Cruise,5G21A6P00P4100092,12363.32,0
2023,driverless,Cruise,5G21A6P00P4100111,0.0,0
2023,driverless,Cruise,5G21A6P00P4100593,7205.86,0
2023,driverless,Cruise,5G21A6P00P4104675,2596.55,0
2023,driverless,Cruise,5G21A6P00P4105356,2565.03,0
2023,driverless,Cruise,5G21A6P00P4106894,3903.31,0
2023,driverless,Cruise,5G21A6P00P4108449,5391.39,0
2023,driverless,Cruise,5G21A6P00P4109679,9084.29,0
2023,driverless,Cruise,5G21A6P00P4109682,5999.08,0
2023,driverless,Cruise,5G21A6P00P4110699,708.72,0
2023,driverless,Cruise,5G21A6P00P4110945,4614.69,0
2023,driverless,Cruise,5G21A6P00P4115689,1205.67,0
2023,driverless,Cruise,5G21A6P00P4116289,854.22,0
2023,driverless,Cruise,5G21A6P00P4117409,3695.18,0
2023,driverless,Cruise,5G21A6P00P4117863,4007.19,0
2023,driverless,Cruise,5G21A6P00P4119581,0.0,0
2023,driverless,Cruise,5G21A6P00P4122593,3808.76,0
2023,driverless,Cruise,5G21A6P00P4122867,3238.62,0
2023,driverless,Cruise,5G21A6P00P4123193,170.77,0
2023,driverless,Cruise,5G21A6P00P4125459,0.0,0
2023,driverless,Cruise,5G21A6P00P4127180,623.44,0
2023,driverless,Cruise,5G21A6P00P4130239,2031.66,0
2023,driverless,Cruise,5G21A6P00P4133304,840.21,0
2023,driverless,Cruise,5G21A6P00P4145405,1100.85,0
2023,driverless,Cruise,5G21A6P00P4145727,0.0,0
2023,driverless,Cruise,5G21A6P00P4145730,563.82,0
2023,driverless,Cruise,5G21A6P00P4147106,1248.31,0
2023,driverless,Cruise,5G21A6P00P4147395,696.47,0
2023,driverless,Cruise,5G21A6P00P4148868,1641.05,0
2023,driverless,Cruise,5G21A6P00P4148871,53.54,0
2023,driverless,Cruise,5G21A6P00P4150524,1599.84,0
2023,driverless,Cruise,5G21A6P00P4150779,621.72,0
2023,driverless,Cruise,5G21A6P00P4150782,426.96,0
2023,driverless,Cruise,5G21A6P00P4151043,455.84,0
2023,driverless,Cruise,5G21A6P00P4154167,1064.49,0
2023,driverless,Cruise,5G21A6P00P4154377,999.92,0
2023,driverless,Cruise,5G21A6P00P4154587,1226.74,0
2023,driverless,Cruise,5G21A6P00P4156176,55.71,0
2023,driverless,Cruise,5G21A6P00P4156419,1216.39,0
2023,driverless,Cruise,5G21A6P00P4157599,255.31,0
2023,driverless,Cruise,5G21A6P00P4157845,823.92,0
2023,driverless,Cruise,5G21A6P00P4159157,48.63,0
2023,driverless,Cruise,5G21A6P00P4159398,58.31,0
2023,driverless,Cruise,5G21A6P00P4159403,54.27,0
2023,driverless,Cruise,5G21A6P00P4161085,14.63,0
2023,driverless,Cruise,5G21A6P00P4161362,58.45,0
2023,driverless,Cruise,5G21A6P00P4163063,588.49,0
2023,driverless,Cruise,5G21A6P00P4165508,0.0,0
2023,driverless,Cruise,5G21A6P00P4165511,456.11,0
2023,driverless,Cruise,5G21A6P00P4165735,619.31,0
2023,driverless,Cruise,5G21A6P00P4166027,53.02,0
2023,driverless,Cruise,5G21A6P00P4167758,78.73,0
2023,driverless,Cruise,5G21A6P00P4169056,50.19,0
2023,driverless,Cruise,5G21A6P00P4169171,56.8,0
2023,driverless,Cruise,5G21A6P00P4169297,54.0,0
2023,driverless,Cruise,5G21A6P00P4175567,0.0,0
2023,driverless,Cruise,5G21A6P00P4177223,194.55,0
2023,driverless,Cruise,5G21A6P01L4100046,3.55,0
2023,driverless,Cruise,5G21A6P01N4121594,0.0,0
2023,driverless,Cruise,5G21A6P01N4121627,2288.36,0
2023,driverless,Cruise,5G21A6P01N4121630,11556.28,0
2023,driverless,Cruise,5G21A6P01N4121644,1157.03,0
2023,driverless,Cruise,5G21A6P01N4121658,10961.91,0
2023,driverless,Cruise,5G21A6P01N4121661,11685.42,0
2023,driverless,Cruise,5G21A6P01N4121675,3189.3,0
2023,driverless,Cruise,5G21A6P01N4121689,8513.23,0
2023,driverless,Cruise,5G21A6P01N4121692,3575.02,0
2023,driverless,Cruise,5G21A6P01N4122101,11081.66,0
2023,driverless,Cruise,5G21A6P01P4100084,8238.28,0
2023,driverless,Cruise,5G21A6P01P4100098,11025.52,0
2023,driverless,Cruise,5G21A6P01P4100117,2482.38,0
2023,driverless,Cruise,5G21A6P01P4102126,2252.11,0
2023,driverless,Cruise,5G21A6P01P4103504,0.0,0
2023,driverless,Cruise,5G21A6P01P4106113,3506.97,0
2023,driverless,Cruise,5G21A6P01P4107939,3898.27,0
2023,driverless,Cruise,5G21A6P01P4107942,4019.04,0
2023,driverless,Cruise,5G21A6P01P4110940,5886.68,0
2023,driverless,Cruise,5G21A6P01P4112199,0.0,0
2023,driverless,Cruise,5G21A6P01P4112493,2505.09,0
2023,driverless,Cruise,5G21A6P01P4114244,807.52,0
2023,driverless,Cruise,5G21A6P01P4114535,1207.32,0
2023,driverless,Cruise,5G21A6P01P4115684,8009.87,0
2023,driverless,Cruise,5G21A6P01P4115975,3150.38,0
2023,driverless,Cruise,5G21A6P01P4117046,815.73,0
2023,driverless,Cruise,5G21A6P01P4119914,1868.09,0
2023,driverless,Cruise,5G21A6P01P4120349,1606.23,0
2023,driverless,Cruise,5G21A6P01P4120352,640.63,0
2023,driverless,Cruise,5G21A6P01P4121601,0.0,0
2023,driverless,Cruise,5G21A6P01P4124305,815.55,0
2023,driverless,Cruise,5G21A6P01P4125163,1178.07,0
2023,driverless,Cruise,5G21A6P01P4125714,88.51,0
2023,driverless,Cruise,5G21A6P01P4126927,1936.93,0
2023,driverless,Cruise,5G21A6P01P4126930,1230.53,0
2023,driverless,Cruise,5G21A6P01P4127396,994.7,0
2023,driverless,Cruise,5G21A6P01P4127401,1116.4,0
2023,driverless,Cruise,5G21A6P01P4128614,1352.57,0
2023,driverless,Cruise,5G21A6P01P4128919,0.0,0
2023,driverless,Cruise,5G21A6P01P4128922,1060.06,0
2023,driverless,Cruise,5G21A6P01P4130234,1473.41,0
2023,driverless,Cruise,5G21A6P01P4133022,919.72,0
2023,driverless,Cruise,5G21A6P01P4134526,838.06,0
2023,driverless,Cruise,5G21A6P01P4137846,909.39,0
2023,driverless,Cruise,5G21A6P01P4139287,283.95,0
2023,driverless,Cruise,5G21A6P01P4139290,1666.5,0
2023,driverless,Cruise,5G21A6P01P4139614,249.8,0
2023,driverless,Cruise,5G21A6P01P4139905,1497.47,0
2023,driverless,Cruise,5G21A6P01P4140939,788.68,0
2023,driverless,Cruise,5G21A6P01P4140942,633.12,0
2023,driverless,Cruise,5G21A6P01P4141167,1615.91,0
2023,driverless,Cruise,5G21A6P01P4141170,2074.13,0
2023,driverless,Cruise,5G21A6P01P4142416,304.54,0
2023,driverless,Cruise,5G21A6P01P4142657,483.04,0
2023,driverless,Cruise,5G21A6P01P4142660,971.48,0
2023,driverless,Cruise,5G21A6P01P4143579,2682.17,0
2023,driverless,Cruise,5G21A6P01P4143582,1235.71,0
2023,driverless,Cruise,5G21A6P01P4144036,1859.26,0
2023,driverless,Cruise,5G21A6P01P4144246,390.03,0
2023,driverless,Cruise,5G21A6P01P4145123,2000.78,0
2023,driverless,Cruise,5G21A6P01P4147101,1119.38,0
2023,driverless,Cruise,5G21A6P01P4147390,79.27,0
2023,driverless,Cruise,5G21A6P01P4148605,283.22,0
2023,driverless,Cruise,5G21A6P01P4149138,846.65,0
2023,driverless,Cruise,5G21A6P01P4149141,65.51,0
2023,driverless,Cruise,5G21A6P01P4154372,1249.24,0
2023,driverless,Cruise,5G21A6P01P4154582,54.18,0
2023,driverless,Cruise,5G21A6P01P4155909,2126.04,0
2023,driverless,Cruise,5G21A6P01P4156414,12.01,0
2023,driverless,Cruise,5G21A6P01P4157367,1447.3,0
2023,driverless,Cruise,5G21A6P01P4157370,87.85,0
2023,driverless,Cruise,5G21A6P01P4157594,31.51,0
2023,driverless,Cruise,5G21A6P01P4162648,53.65,0
2023,driverless,Cruise,5G21A6P01P4162651,55.94,0
2023,driverless,Cruise,5G21A6P01P4162858,89.66,0
2023,driverless,Cruise,5G21A6P01P4162861,60.9,0
2023,driverless,Cruise,5G21A6P01P4163928,45.01,0
2023,driverless,Cruise,5G21A6P01P4163931,70.82,0
2023,driverless,Cruise,5G21A6P01P4167350,50.77,0
2023,driverless,Cruise,5G21A6P01P4167560,50.93,0
2023,driverless,Cruise,5G21A6P01P4169177,685.85,0
2023,driverless,Cruise,5G21A6P01P4171169,265.0,0
2023,driverless,Cruise,5G21A6P01P4176744,79.01,0
2023,driverless,Cruise,5G21A6P02L4100010,0.0,0
2023,driverless,Cruise,5G21A6P02L4100136,0.0,0
2023,driverless,Cruise,5G21A6P02N4121636,3159.87,0
2023,driverless,Cruise,5G21A6P02N4121653,3479.6,0
2023,driverless,Cruise,5G21A6P02N4121667,10710.11,0
2023,driverless,Cruise,5G21A6P02N4121670,2266.74,0
2023,driverless,Cruise,5G21A6P02N4121684,12647.69,0
2023,driverless,Cruise,5G21A6P02N4121698,8509.16,0
2023,driverless,Cruise,5G21A6P02N4122107,13949.59,0
2023,driverless,Cruise,5G21A6P02P4100059,0.0,0
2023,driverless,Cruise,5G21A6P02P4100062,13201.05,0
2023,driverless,Cruise,5G21A6P02P4100076,4082.21,0
2023,driverless,Cruise,5G21A6P02P4100112,3977.2,0
2023,driverless,Cruise,5G21A6P02P4100126,5278.2,0
2023,driverless,Cruise,5G21A6P02P4101681,46.04,0
2023,driverless,Cruise,5G21A6P02P4103057,4240.04,0
2023,driverless,Cruise,5G21A6P02P4103060,3101.96,0
2023,driverless,Cruise,5G21A6P02P4104676,6925.83,0
2023,driverless,Cruise,5G21A6P02P4105357,4122.42,0
2023,driverless,Cruise,5G21A6P02P4105360,5776.96,0
2023,driverless,Cruise,5G21A6P02P4109683,4036.11,0
2023,driverless,Cruise,5G21A6P02P4110946,1919.96,0
2023,driverless,Cruise,5G21A6P02P4114530,0.0,0
2023,driverless,Cruise,5G21A6P02P4117864,1585.37,0
2023,driverless,Cruise,5G21A6P02P4119579,296.95,0
2023,driverless,Cruise,5G21A6P02P4119582,846.78,0
2023,driverless,Cruise,5G21A6P02P4123194,1200.62,0
2023,driverless,Cruise,5G21A6P02P4124300,792.38,0
2023,driverless,Cruise,5G21A6P02P4127178,322.89,0
2023,driverless,Cruise,5G21A6P02P4129996,0.0,0
2023,driverless,Cruise,5G21A6P02P4131411,959.97,0
2023,driverless,Cruise,5G21A6P02P4136026,565.04,0
2023,driverless,Cruise,5G21A6P02P4136320,642.18,0
2023,driverless,Cruise,5G21A6P02P4138097,1907.05,0
2023,driverless,Cruise,5G21A6P02P4145406,900.55,0
2023,driverless,Cruise,5G21A6P02P4145728,803.83,0
2023,driverless,Cruise,5G21A6P02P4145731,489.33,0
2023,driverless,Cruise,5G21A6P02P4148869,553.13,0
2023,driverless,Cruise,5G21A6P02P4148872,796.94,0
2023,driverless,Cruise,5G21A6P02P4150525,70.85,0
2023,driverless,Cruise,5G21A6P02P4152355,51.76,0
2023,driverless,Cruise,5G21A6P02P4152517,0.0,0
2023,driverless,Cruise,5G21A6P02P4152520,1651.52,0
2023,driverless,Cruise,5G21A6P02P4152727,85.44,0
2023,driverless,Cruise,5G21A6P02P4152730,0.0,0
2023,driverless,Cruise,5G21A6P02P4154168,1442.24,0
2023,driverless,Cruise,5G21A6P02P4154378,362.97,0
2023,driverless,Cruise,5G21A6P02P4157846,90.25,0
2023,driverless,Cruise,5G21A6P02P4159158,216.34,0
2023,driverless,Cruise,5G21A6P02P4159399,72.14,0
2023,driverless,Cruise,5G21A6P02P4159676,20.85,0
2023,driverless,Cruise,5G21A6P02P4160875,65.37,0
2023,driverless,Cruise,5G21A6P02P4161363,0.0,0
2023,driverless,Cruise,5G21A6P02P4163064,49.78,0
2023,driverless,Cruise,5G21A6P02P4164330,51.58,0
2023,driverless,Cruise,5G21A6P02P4165512,50.23,0
2023,driverless,Cruise,5G21A6P02P4165736,52.49,0
2023,driverless,Cruise,5G21A6P02P4166028,86.53,0
2023,driverless,Cruise,5G21A6P02P4169057,52.65,0
2023,driverless,Cruise,5G21A6P02P4169172,141.49,0
2023,driverless,Cruise,5G21A6P02P4169298,69.73,0
2023,driverless,Cruise,5G21A6P03N4121600,10452.25,0
2023,driverless,Cruise,5G21A6P03N4121628,865.77,0
2023,driverless,Cruise,5G21A6P03N4121631,2885.14,0
2023,driverless,Cruise,5G21A6P03N4121645,2364.16,0
2023,driverless,Cruise,5G21A6P03N4121659,2379.1,0
2023,driverless,Cruise,5G21A6P03N4121662,2630.68,0
2023,driverless,Cruise,5G21A6P03N4121676,11651.56,0
2023,driverless,Cruise,5G21A6P03N4121693,9203.21,0
2023,driverless,Cruise,5G21A6P03N4122097,10688.54,0
2023,driverless,Cruise,5G21A6P03N4122102,6959.3,0
2023,driverless,Cruise,5G21A6P03P4100054,10091.78,0
2023,driverless,Cruise,5G21A6P03P4100068,12269.88,0
2023,driverless,Cruise,5G21A6P03P4100071,3841.1,0
2023,driverless,Cruise,5G21A6P03P4100085,8238.36,0
2023,driverless,Cruise,5G21A6P03P4100099,0.0,0
2023,driverless,Cruise,5G21A6P03P4100104,13546.89,0
2023,driverless,Cruise,5G21A6P03P4100118,3289.51,0
2023,driverless,Cruise,5G21A6P03P4102127,0.0,0
2023,driverless,Cruise,5G21A6P03P4103505,1341.41,0
2023,driverless,Cruise,5G21A6P03P4107943,3756.81,0
2023,driverless,Cruise,5G21A6P03P4108445,3178.44,0
2023,driverless,Cruise,5G21A6P03P4110700,3176.01,0
2023,driverless,Cruise,5G21A6P03P4110941,9393.17,0
2023,driverless,Cruise,5G21A6P03P4114245,52.84,0
2023,driverless,Cruise,5G21A6P03P4114536,2892.23,0
2023,driverless,Cruise,5G21A6P03P4115685,3833.93,0
2023,driverless,Cruise,5G21A6P03P4115976,4066.89,0
2023,driverless,Cruise,5G21A6P03P4116285,0.0,0
2023,driverless,Cruise,5G21A6P03P4117047,2391.03,0
2023,driverless,Cruise,5G21A6P03P4119915,1102.21,0
2023,driverless,Cruise,5G21A6P03P4121602,890.16,0
2023,driverless,Cruise,5G21A6P03P4122586,1518.95,0
2023,driverless,Cruise,5G21A6P03P4122863,822.05,0
2023,driverless,Cruise,5G21A6P03P4125164,683.37,0
2023,driverless,Cruise,5G21A6P03P4125455,1064.73,0
2023,driverless,Cruise,5G21A6P03P4125715,795.15,0
2023,driverless,Cruise,5G21A6P03P4126928,936.84,0
2023,driverless,Cruise,5G21A6P03P4126931,1278.03,0
2023,driverless,Cruise,5G21A6P03P4127397,1876.51,0
2023,driverless,Cruise,5G21A6P03P4128615,1542.72,0
2023,driverless,Cruise,5G21A6P03P4130235,909.84,0
2023,driverless,Cruise,5G21A6P03P4133023,1167.72,0
2023,driverless,Cruise,5G21A6P03P4134527,1369.44,0
2023,driverless,Cruise,5G21A6P03P4136326,2093.8,0
2023,driverless,Cruise,5G21A6P03P4137573,1841.68,0
2023,driverless,Cruise,5G21A6P03P4137850,711.78,0
2023,driverless,Cruise,5G21A6P03P4139288,1611.76,0
2023,driverless,Cruise,5G21A6P03P4139291,1378.44,0
2023,driverless,Cruise,5G21A6P03P4139906,2293.51,0
2023,driverless,Cruise,5G21A6P03P4141168,2193.69,0
2023,driverless,Cruise,5G21A6P03P4141171,1490.38,0
2023,driverless,Cruise,5G21A6P03P4142417,1082.15,0
2023,driverless,Cruise,5G21A6P03P4142420,1466.6,0
2023,driverless,Cruise,5G21A6P03P4142658,1345.07,0
2023,driverless,Cruise,5G21A6P03P4142661,1097.46,0
2023,driverless,Cruise,5G21A6P03P4144037,523.81,0
2023,driverless,Cruise,5G21A6P03P4144040,0.0,0
2023,driverless,Cruise,5G21A6P03P4144247,1302.71,0
2023,driverless,Cruise,5G21A6P03P4144250,148.62,0
2023,driverless,Cruise,5G21A6P03P4145124,160.51,0
2023,driverless,Cruise,5G21A6P03P4147102,932.21,0
2023,driverless,Cruise,5G21A6P03P4147391,1458.39,0
2023,driverless,Cruise,5G21A6P03P4148606,331.94,0
2023,driverless,Cruise,5G21A6P03P4149139,1115.02,0
2023,driverless,Cruise,5G21A6P03P4149142,888.61,0
2023,driverless,Cruise,5G21A6P03P4154163,86.24,0
2023,driverless,Cruise,5G21A6P03P4154373,2226.98,0
2023,driverless,Cruise,5G21A6P03P4154583,1394.39,0
2023,driverless,Cruise,5G21A6P03P4157371,884.52,0
2023,driverless,Cruise,5G21A6P03P4157595,57.45,0
2023,driverless,Cruise,5G21A6P03P4159153,0.0,0
2023,driverless,Cruise,5G21A6P03P4162649,69.19,0
2023,driverless,Cruise,5G21A6P03P4162652,0.0,0
2023,driverless,Cruise,5G21A6P03P4162859,24.89,0
2023,driverless,Cruise,5G21A6P03P4163929,55.05,0
2023,driverless,Cruise,5G21A6P03P4164126,0.0,0
2023,driverless,Cruise,5G21A6P03P4167348,58.37,0
2023,driverless,Cruise,5G21A6P03P4167558,55.45,0
2023,driverless,Cruise,5G21A6P03P4167561,79.64,0
2023,driverless,Cruise,5G21A6P04L4100008,192.64,0
2023,driverless,Cruise,5G21A6P04N4121606,0.0,0
2023,driverless,Cruise,5G21A6P04N4121637,12808.44,0
2023,driverless,Cruise,5G21A6P04N4121640,3484.08,0
2023,driverless,Cruise,5G21A6P04N4121654,11893.56,0
2023,driverless,Cruise,5G21A6P04N4121668,1175.88,0
2023,driverless,Cruise,5G21A6P04N4121671,3335.95,0
2023,driverless,Cruise,5G21A6P04N4121685,3245.03,0
2023,driverless,Cruise,5G21A6P04N4122108,12318.61,0
2023,driverless,Cruise,5G21A6P04P4100077,12949.1,0
2023,driverless,Cruise,5G21A6P04P4100080,8725.73,0
2023,driverless,Cruise,5G21A6P04P4100094,12817.39,0
2023,driverless,Cruise,5G21A6P04P4100127,9995.92,0
2023,driverless,Cruise,5G21A6P04P4100130,630.77,0
2023,driverless,Cruise,5G21A6P04P4101679,2002.67,0
2023,driverless,Cruise,5G21A6P04P4101682,2188.62,0
2023,driverless,Cruise,5G21A6P04P4104677,3378.31,0
2023,driverless,Cruise,5G21A6P04P4104680,2469.68,0
2023,driverless,Cruise,5G21A6P04P4105358,3124.52,0
2023,driverless,Cruise,5G21A6P04P4105361,5800.83,0
2023,driverless,Cruise,5G21A6P04P4106106,4649.53,0
2023,driverless,Cruise,5G21A6P04P4106896,3511.68,0
2023,driverless,Cruise,5G21A6P04P4112200,3017.65,0
2023,driverless,Cruise,5G21A6P04P4114531,1015.36,0
2023,driverless,Cruise,5G21A6P04P4115971,2699.28,0
2023,driverless,Cruise,5G21A6P04P4117414,9560.46,0
2023,driverless,Cruise,5G21A6P04P4117865,3493.71,0
2023,driverless,Cruise,5G21A6P04P4119583,1950.76,0
2023,driverless,Cruise,5G21A6P04P4119910,2240.88,0
2023,driverless,Cruise,5G21A6P04P4125710,3252.77,0
2023,driverless,Cruise,5G21A6P04P4127179,1950.12,0
2023,driverless,Cruise,5G21A6P04P4128610,6864.46,0
2023,driverless,Cruise,5G21A6P04P4128915,10433.87,0
2023,driverless,Cruise,5G21A6P04P4129997,8060.56,0
2023,driverless,Cruise,5G21A6P04P4131412,1520.71,0
2023,driverless,Cruise,5G21A6P04P4133306,7269.52,0
2023,driverless,Cruise,5G21A6P04P4134276,1080.9,0
2023,driverless,Cruise,5G21A6P04P4136027,6324.1,0
2023,driverless,Cruise,5G21A6P04P4136030,2749.59,0
2023,driverless,Cruise,5G21A6P04P4136321,3422.9,0
2023,driverless,Cruise,5G21A6P04P4139610,6477.86,0
2023,driverless,Cruise,5G21A6P04P4139901,6507.0,0
2023,driverless,Cruise,5G21A6P04P4145407,4821.72,0
2023,driverless,Cruise,5G21A6P04P4145410,4561.94,0
2023,driverless,Cruise,5G21A6P04P4145729,3812.36,0
2023,driverless,Cruise,5G21A6P04P4145732,3319.52,0
2023,driverless,Cruise,5G21A6P04P4148601,1830.11,0
2023,driverless,Cruise,5G21A6P04P4148873,1632.91,0
2023,driverless,Cruise,5G21A6P04P4150526,2132.77,0
2023,driverless,Cruise,5G21A6P04P4152356,79.75,0
2023,driverless,Cruise,5G21A6P04P4152518,499.89,0
2023,driverless,Cruise,5G21A6P04P4152521,115.02,0
2023,driverless,Cruise,5G21A6P04P4152728,0.0,0
2023,driverless,Cruise,5G21A6P04P4154169,1167.1,0
2023,driverless,Cruise,5G21A6P04P4157847,590.98,0
2023,driverless,Cruise,5G21A6P04P4157850,120.17,0
2023,driverless,Cruise,5G21A6P04P4159159,390.41,0
2023,driverless,Cruise,5G21A6P04P4159677,277.74,0
2023,driverless,Cruise,5G21A6P04P4161087,19.25,0
2023,driverless,Cruise,5G21A6P04P4161090,482.77,0
2023,driverless,Cruise,5G21A6P04P4161364,10.92,0
2023,driverless,Cruise,5G21A6P04P4163065,47.82,0
2023,driverless,Cruise,5G21A6P04P4165737,54.42,0
2023,driverless,Cruise,5G21A6P04P4165740,397.36,0
2023,driverless,Cruise,5G21A6P04P4166029,95.32,0
2023,driverless,Cruise,5G21A6P04P4169058,60.64,0
2023,driverless,Cruise,5G21A6P04P4169173,75.58,0
2023,driverless,Cruise,5G21A6P04P4171165,56.8,0
2023,driverless,Cruise,5G21A6P04P4176978,53.6,0
2023,driverless,Cruise,5G21A6P05N4121601,10414.57,0
2023,driverless,Cruise,5G21A6P05N4121629,2572.0,0
2023,driverless,Cruise,5G21A6P05N4121632,3392.74,0
2023,driverless,Cruise,5G21A6P05N4121646,3360.74,0
2023,driverless,Cruise,5G21A6P05N4121677,9207.85,0
2023,driverless,Cruise,5G21A6P05N4121694,10147.99,0
2023,driverless,Cruise,5G21A6P05N4122098,10525.89,0
2023,driverless,Cruise,5G21A6P05N4122103,11970.17,0
2023,driverless,Cruise,5G21A6P05P4100055,10091.77,0
2023,driverless,Cruise,5G21A6P05P4100069,12241.93,0
2023,driverless,Cruise,5G21A6P05P4100072,13190.09,0
2023,driverless,Cruise,5G21A6P05P4100105,3816.21,0
2023,driverless,Cruise,5G21A6P05P4100122,11963.23,0
2023,driverless,Cruise,5G21A6P05P4102128,275.24,0
2023,driverless,Cruise,5G21A6P05P4102131,4030.29,0
2023,driverless,Cruise,5G21A6P05P4103506,990.36,0
2023,driverless,Cruise,5G21A6P05P4107944,3132.94,0
2023,driverless,Cruise,5G21A6P05P4108446,5046.46,0
2023,driverless,Cruise,5G21A6P05P4109676,4636.53,0
2023,driverless,Cruise,5G21A6P05P4110701,4845.92,0
2023,driverless,Cruise,5G21A6P05P4110942,851.87,0
2023,driverless,Cruise,5G21A6P05P4112805,2140.6,0
2023,driverless,Cruise,5G21A6P05P4114246,645.36,0
2023,driverless,Cruise,5G21A6P05P4114537,0.0,0
2023,driverless,Cruise,5G21A6P05P4116286,9735.38,0
2023,driverless,Cruise,5G21A6P05P4117051,9998.85,0
2023,driverless,Cruise,5G21A6P05P4122587,644.27,0
2023,driverless,Cruise,5G21A6P05P4122590,2066.69,0
2023,driverless,Cruise,5G21A6P05P4122864,1419.01,0
2023,driverless,Cruise,5G21A6P05P4123190,9238.73,0
2023,driverless,Cruise,5G21A6P05P4125456,1075.9,0
2023,driverless,Cruise,5G21A6P05P4125716,696.09,0
2023,driverless,Cruise,5G21A6P05P4126929,174.71,0
2023,driverless,Cruise,5G21A6P05P4127174,1040.87,0
2023,driverless,Cruise,5G21A6P05P4127398,694.5,0
2023,driverless,Cruise,5G21A6P05P4130236,2060.87,0
2023,driverless,Cruise,5G21A6P05P4133024,870.2,0
2023,driverless,Cruise,5G21A6P05P4134271,550.4,0
2023,driverless,Cruise,5G21A6P05P4134528,547.92,0
2023,driverless,Cruise,5G21A6P05P4137574,1725.59,0
2023,driverless,Cruise,5G21A6P05P4137848,1043.78,0
2023,driverless,Cruise,5G21A6P05P4139289,1112.37,0
2023,driverless,Cruise,5G21A6P05P4141169,302.18,0
2023,driverless,Cruise,5G21A6P05P4141172,894.22,0
2023,driverless,Cruise,5G21A6P05P4142418,435.9,0
2023,driverless,Cruise,5G21A6P05P4142421,1717.16,0
2023,driverless,Cruise,5G21A6P05P4142659,874.64,0
2023,driverless,Cruise,5G21A6P05P4142662,363.83,0
2023,driverless,Cruise,5G21A6P05P4144038,0.0,0
2023,driverless,Cruise,5G21A6P05P4144041,1032.22,0
2023,driverless,Cruise,5G21A6P05P4144248,1145.03,0
2023,driverless,Cruise,5G21A6P05P4145125,1369.28,0
2023,driverless,Cruise,5G21A6P05P4147103,1367.37,0
2023,driverless,Cruise,5G21A6P05P4147389,844.15,0
2023,driverless,Cruise,5G21A6P05P4147392,708.75,0
2023,driverless,Cruise,5G21A6P05P4149143,562.26,0
2023,driverless,Cruise,5G21A6P05P4150521,316.87,0
2023,driverless,Cruise,5G21A6P05P4150776,716.32,0
2023,driverless,Cruise,5G21A6P05P4151037,1330.49,0
2023,driverless,Cruise,5G21A6P05P4151040,974.13,0
2023,driverless,Cruise,5G21A6P05P4152351,67.43,0
2023,driverless,Cruise,5G21A6P05P4154164,87.58,0
2023,driverless,Cruise,5G21A6P05P4154374,1762.95,0
2023,driverless,Cruise,5G21A6P05P4154584,2162.26,0
2023,driverless,Cruise,5G21A6P05P4156173,53.91,0
2023,driverless,Cruise,5G21A6P05P4156416,40.08,0
2023,driverless,Cruise,5G21A6P05P4157369,43.66,0
2023,driverless,Cruise,5G21A6P05P4157372,605.15,0
2023,driverless,Cruise,5G21A6P05P4159154,395.09,0
2023,driverless,Cruise,5G21A6P05P4159400,88.67,0
2023,driverless,Cruise,5G21A6P05P4159672,76.27,0
2023,driverless,Cruise,5G21A6P05P4162653,353.68,0
2023,driverless,Cruise,5G21A6P05P4164127,60.15,0
2023,driverless,Cruise,5G21A6P05P4164130,72.84,0
2023,driverless,Cruise,5G21A6P05P4167559,41.26,0
2023,driverless,Cruise,5G21A6P05P4167562,52.66,0
2023,driverless,Cruise,5G21A6P05P4167755,144.59,0
2023,driverless,Cruise,5G21A6P05P4173250,0.0,0
2023,driverless,Cruise,5G21A6P06N4121610,10833.92,0
2023,driverless,Cruise,5G21A6P06N4121624,8750.53,0
2023,driverless,Cruise,5G21A6P06N4121638,3151.67,0
2023,driverless,Cruise,5G21A6P06N4121641,11888.47,0
2023,driverless,Cruise,5G21A6P06N4121655,12503.46,0
2023,driverless,Cruise,5G21A6P06N4121669,1298.11,0
2023,driverless,Cruise,5G21A6P06N4121672,1593.16,0
2023,driverless,Cruise,5G21A6P06N4121686,3151.3,0
2023,driverless,Cruise,5G21A6P06N4122109,9180.67,0
2023,driverless,Cruise,5G21A6P06P4100050,1968.63,0
2023,driverless,Cruise,5G21A6P06P4100064,11704.66,0
2023,driverless,Cruise,5G21A6P06P4100081,12080.21,0
2023,driverless,Cruise,5G21A6P06P4100100,3649.24,0
2023,driverless,Cruise,5G21A6P06P4100131,11023.22,0
2023,driverless,Cruise,5G21A6P06P4101683,1757.08,0
2023,driverless,Cruise,5G21A6P06P4103059,5123.02,0
2023,driverless,Cruise,5G21A6P06P4103062,1312.9,0
2023,driverless,Cruise,5G21A6P06P4103501,2064.96,0
2023,driverless,Cruise,5G21A6P06P4104678,2878.37,0
2023,driverless,Cruise,5G21A6P06P4104681,6077.33,0
2023,driverless,Cruise,5G21A6P06P4105359,1262.57,0
2023,driverless,Cruise,5G21A6P06P4105362,3603.28,0
2023,driverless,Cruise,5G21A6P06P4106107,4085.57,0
2023,driverless,Cruise,5G21A6P06P4106110,1830.71,0
2023,driverless,Cruise,5G21A6P06P4106897,2017.03,0
2023,driverless,Cruise,5G21A6P06P4107936,4626.68,0
2023,driverless,Cruise,5G21A6P06P4112196,4211.42,0
2023,driverless,Cruise,5G21A6P06P4112201,0.0,0
2023,driverless,Cruise,5G21A6P06P4112490,2011.69,0
2023,driverless,Cruise,5G21A6P06P4114241,923.43,0
2023,driverless,Cruise,5G21A6P06P4114532,4093.89,0
2023,driverless,Cruise,5G21A6P06P4115972,722.44,0
2023,driverless,Cruise,5G21A6P06P4117415,1298.86,0
2023,driverless,Cruise,5G21A6P06P4117866,1518.23,0
2023,driverless,Cruise,5G21A6P06P4119584,537.24,0
2023,driverless,Cruise,5G21A6P06P4119911,932.01,0
2023,driverless,Cruise,5G21A6P06P4124302,245.04,0
2023,driverless,Cruise,5G21A6P06P4125160,45.93,0
2023,driverless,Cruise,5G21A6P06P4125711,525.28,0
2023,driverless,Cruise,5G21A6P06P4128611,1124.73,0
2023,driverless,Cruise,5G21A6P06P4128916,516.57,0
2023,driverless,Cruise,5G21A6P06P4129998,928.65,0
2023,driverless,Cruise,5G21A6P06P4131413,1039.02,0
2023,driverless,Cruise,5G21A6P06P4133307,0.0,0
2023,driverless,Cruise,5G21A6P06P4136028,621.37,0
2023,driverless,Cruise,5G21A6P06P4136031,244.68,0
2023,driverless,Cruise,5G21A6P06P4136322,695.1,0
2023,driverless,Cruise,5G21A6P06P4138099,998.9,0
2023,driverless,Cruise,5G21A6P06P4139608,1128.35,0
2023,driverless,Cruise,5G21A6P06P4139611,984.77,0
2023,driverless,Cruise,5G21A6P06P4139902,1262.71,0
2023,driverless,Cruise,5G21A6P06P4140936,539.97,0
2023,driverless,Cruise,5G21A6P06P4143576,908.51,0
2023,driverless,Cruise,5G21A6P06P4145120,1351.85,0
2023,driverless,Cruise,5G21A6P06P4145408,1061.12,0
2023,driverless,Cruise,5G21A6P06P4148602,609.69,0
2023,driverless,Cruise,5G21A6P06P4150527,591.57,0
2023,driverless,Cruise,5G21A6P06P4152357,37.76,0
2023,driverless,Cruise,5G21A6P06P4155906,841.56,0
2023,driverless,Cruise,5G21A6P06P4157848,17.13,0
2023,driverless,Cruise,5G21A6P06P4161088,0.0,0
2023,driverless,Cruise,5G21A6P06P4161365,59.44,0
2023,driverless,Cruise,5G21A6P06P4163066,0.0,0
2023,driverless,Cruise,5G21A6P06P4163925,0.0,0
2023,driverless,Cruise,5G21A6P06P4164332,53.52,0
2023,driverless,Cruise,5G21A6P06P4165738,69.5,0
2023,driverless,Cruise,5G21A6P06P4165741,174.85,0
2023,driverless,Cruise,5G21A6P06P4167344,58.46,0
2023,driverless,Cruise,5G21A6P06P4169059,0.0,0
2023,driverless,Cruise,5G21A6P06P4169174,37.79,0
2023,driverless,Cruise,5G21A6P06P4171166,59.18,0
2023,driverless,Cruise,5G21A6P07L4100049,0.0,0
2023,driverless,Cruise,5G21A6P07N4121633,7863.68,0
2023,driverless,Cruise,5G21A6P07N4121664,3030.46,0
2023,driverless,Cruise,5G21A6P07N4121678,13150.84,0
2023,driverless,Cruise,5G21A6P07N4121681,2824.31,0
2023,driverless,Cruise,5G21A6P07N4121695,10559.63,0
2023,driverless,Cruise,5G21A6P07N4122099,8609.74,0
2023,driverless,Cruise,5G21A6P07N4122104,6566.55,0
2023,driverless,Cruise,5G21A6P07P4100056,865.19,0
2023,driverless,Cruise,5G21A6P07P4100073,10706.09,0
2023,driverless,Cruise,5G21A6P07P4100123,9207.79,0
2023,driverless,Cruise,5G21A6P07P4100591,2822.62,0
2023,driverless,Cruise,5G21A6P07P4102129,1049.26,0
2023,driverless,Cruise,5G21A6P07P4102132,662.4,0
2023,driverless,Cruise,5G21A6P07P4103507,2772.1,0
2023,driverless,Cruise,5G21A6P07P4104673,4240.8,0
2023,driverless,Cruise,5G21A6P07P4106892,3304.56,0
2023,driverless,Cruise,5G21A6P07P4107945,787.44,0
2023,driverless,Cruise,5G21A6P07P4108447,2233.45,0
2023,driverless,Cruise,5G21A6P07P4108450,5207.03,0
2023,driverless,Cruise,5G21A6P07P4109677,3646.82,0
2023,driverless,Cruise,5G21A6P07P4109680,4269.28,0
2023,driverless,Cruise,5G21A6P07P4110697,2029.59,0
2023,driverless,Cruise,5G21A6P07P4110943,4122.66,0
2023,driverless,Cruise,5G21A6P07P4112806,3062.39,0
2023,driverless,Cruise,5G21A6P07P4114247,3438.38,0
2023,driverless,Cruise,5G21A6P07P4115687,1593.66,0
2023,driverless,Cruise,5G21A6P07P4115690,886.74,0
2023,driverless,Cruise,5G21A6P07P4116287,1224.01,0
2023,driverless,Cruise,5G21A6P07P4116290,966.8,0
2023,driverless,Cruise,5G21A6P07P4117049,2319.71,0
2023,driverless,Cruise,5G21A6P07P4121604,1027.43,0
2023,driverless,Cruise,5G21A6P07P4122588,1449.07,0
2023,driverless,Cruise,5G21A6P07P4122865,1369.47,0
2023,driverless,Cruise,5G21A6P07P4123188,1429.7,0
2023,driverless,Cruise,5G21A6P07P4123191,670.2,0
2023,driverless,Cruise,5G21A6P07P4125457,955.66,0
2023,driverless,Cruise,5G21A6P07P4125460,1034.28,0
2023,driverless,Cruise,5G21A6P07P4127175,1832.38,0
2023,driverless,Cruise,5G21A6P07P4127399,198.64,0
2023,driverless,Cruise,5G21A6P07P4130237,94.94,0
2023,driverless,Cruise,5G21A6P07P4133302,942.15,0
2023,driverless,Cruise,5G21A6P07P4134272,1632.77,0
2023,driverless,Cruise,5G21A6P07P4137575,1407.69,0
2023,driverless,Cruise,5G21A6P07P4137849,430.41,0
2023,driverless,Cruise,5G21A6P07P4142419,2381.2,0
2023,driverless,Cruise,5G21A6P07P4142663,340.73,0
2023,driverless,Cruise,5G21A6P07P4144039,0.0,0
2023,driverless,Cruise,5G21A6P07P4144042,1324.38,0
2023,driverless,Cruise,5G21A6P07P4144249,557.01,0
2023,driverless,Cruise,5G21A6P07P4147104,336.8,0
2023,driverless,Cruise,5G21A6P07P4147393,1486.47,0
2023,driverless,Cruise,5G21A6P07P4148608,1528.6,0
2023,driverless,Cruise,5G21A6P07P4149144,71.38,0
2023,driverless,Cruise,5G21A6P07P4150522,1248.62,0
2023,driverless,Cruise,5G21A6P07P4150777,2108.0,0
2023,driverless,Cruise,5G21A6P07P4150780,354.82,0
2023,driverless,Cruise,5G21A6P07P4151038,183.56,0
2023,driverless,Cruise,5G21A6P07P4151041,52.68,0
2023,driverless,Cruise,5G21A6P07P4152352,372.96,0
2023,driverless,Cruise,5G21A6P07P4154375,664.2,0
2023,driverless,Cruise,5G21A6P07P4154585,298.65,0
2023,driverless,Cruise,5G21A6P07P4156174,430.45,0
2023,driverless,Cruise,5G21A6P07P4156417,0.0,0
2023,driverless,Cruise,5G21A6P07P4159155,391.72,0
2023,driverless,Cruise,5G21A6P07P4159673,131.66,0
2023,driverless,Cruise,5G21A6P07P4164128,621.57,0
2023,driverless,Cruise,5G21A6P07P4165506,575.52,0
2023,driverless,Cruise,5G21A6P07P4167563,135.59,0
2023,driverless,Cruise,5G21A6P07P4167756,153.8,0
2023,driverless,Cruise,5G21A6P07P4169054,74.58,0
2023,driverless,Cruise,5G21A6P07P4178577,50.75,0
2023,driverless,Cruise,5G21A6P08N4121608,11088.5,0
2023,driverless,Cruise,5G21A6P08N4121625,1330.78,0
2023,driverless,Cruise,5G21A6P08N4121639,1404.4,0
2023,driverless,Cruise,5G21A6P08N4121642,2887.4,0
2023,driverless,Cruise,5G21A6P08N4121656,9260.32,0
2023,driverless,Cruise,5G21A6P08N4121673,2751.56,0
2023,driverless,Cruise,5G21A6P08N4121687,9009.08,0
2023,driverless,Cruise,5G21A6P08N4121690,11099.26,0
2023,driverless,Cruise,5G21A6P08N4123715,9979.45,0
2023,driverless,Cruise,5G21A6P08P4100082,13019.67,0
2023,driverless,Cruise,5G21A6P08P4100096,4209.29,0
2023,driverless,Cruise,5G21A6P08P4100101,2804.78,0
2023,driverless,Cruise,5G21A6P08P4100115,13841.01,0
2023,driverless,Cruise,5G21A6P08P4100129,1128.31,0
2023,driverless,Cruise,5G21A6P08P4100132,12047.25,0
2023,driverless,Cruise,5G21A6P08P4102124,1872.17,0
2023,driverless,Cruise,5G21A6P08P4103063,1710.93,0
2023,driverless,Cruise,5G21A6P08P4103502,3918.13,0
2023,driverless,Cruise,5G21A6P08P4104679,4718.77,0
2023,driverless,Cruise,5G21A6P08P4104682,546.55,0
2023,driverless,Cruise,5G21A6P08P4105363,3003.71,0
2023,driverless,Cruise,5G21A6P08P4106108,3686.72,0
2023,driverless,Cruise,5G21A6P08P4106111,5215.51,0
2023,driverless,Cruise,5G21A6P08P4106898,0.0,0
2023,driverless,Cruise,5G21A6P08P4107937,4071.97,0
2023,driverless,Cruise,5G21A6P08P4107940,0.0,0
2023,driverless,Cruise,5G21A6P08P4112197,2516.35,0
2023,driverless,Cruise,5G21A6P08P4112202,3027.96,0
2023,driverless,Cruise,5G21A6P08P4112488,3046.78,0
2023,driverless,Cruise,5G21A6P08P4112491,0.0,0
2023,driverless,Cruise,5G21A6P08P4114242,2253.35,0
2023,driverless,Cruise,5G21A6P08P4114533,4618.15,0
2023,driverless,Cruise,5G21A6P08P4115973,1835.65,0
2023,driverless,Cruise,5G21A6P08P4119585,945.99,0
2023,driverless,Cruise,5G21A6P08P4119912,1041.75,0
2023,driverless,Cruise,5G21A6P08P4120347,917.97,0
2023,driverless,Cruise,5G21A6P08P4120350,1055.54,0
2023,driverless,Cruise,5G21A6P08P4122860,615.58,0
2023,driverless,Cruise,5G21A6P08P4124303,5543.99,0
2023,driverless,Cruise,5G21A6P08P4125158,9629.7,0
2023,driverless,Cruise,5G21A6P08P4125161,1431.43,0
2023,driverless,Cruise,5G21A6P08P4125712,713.79,0
2023,driverless,Cruise,5G21A6P08P4126925,439.96,0
2023,driverless,Cruise,5G21A6P08P4128609,3458.51,0
2023,driverless,Cruise,5G21A6P08P4128612,7493.89,0
2023,driverless,Cruise,5G21A6P08P4128917,10057.14,0
2023,driverless,Cruise,5G21A6P08P4133020,1794.65,0
2023,driverless,Cruise,5G21A6P08P4134524,1633.38,0
2023,driverless,Cruise,5G21A6P08P4136029,1991.98,0
2023,driverless,Cruise,5G21A6P08P4136032,996.76,0
2023,driverless,Cruise,5G21A6P08P4136323,2127.35,0
2023,driverless,Cruise,5G21A6P08P4137570,940.43,0
2023,driverless,Cruise,5G21A6P08P4137844,1311.33,0
2023,driverless,Cruise,5G21A6P08P4139285,1218.45,0
2023,driverless,Cruise,5G21A6P08P4139609,864.93,0
2023,driverless,Cruise,5G21A6P08P4139612,1919.08,0
2023,driverless,Cruise,5G21A6P08P4139903,0.0,0
2023,driverless,Cruise,5G21A6P08P4140937,999.35,0
2023,driverless,Cruise,5G21A6P08P4140940,1199.57,0
2023,driverless,Cruise,5G21A6P08P4142414,770.45,0
2023,driverless,Cruise,5G21A6P08P4143577,1478.04,0
2023,driverless,Cruise,5G21A6P08P4143580,33.17,0
2023,driverless,Cruise,5G21A6P08P4144244,1508.0,0
2023,driverless,Cruise,5G21A6P08P4145118,1084.15,0
2023,driverless,Cruise,5G21A6P08P4145121,906.45,0
2023,driverless,Cruise,5G21A6P08P4145409,540.88,0
2023,driverless,Cruise,5G21A6P08P4148603,826.36,0
2023,driverless,Cruise,5G21A6P08P4152523,77.97,0
2023,driverless,Cruise,5G21A6P08P4152733,675.88,0
2023,driverless,Cruise,5G21A6P08P4155910,689.32,0
2023,driverless,Cruise,5G21A6P08P4157849,301.57,0
2023,driverless,Cruise,5G21A6P08P4160878,50.43,0
2023,driverless,Cruise,5G21A6P08P4161089,581.68,0
2023,driverless,Cruise,5G21A6P08P4161366,0.0,0
2023,driverless,Cruise,5G21A6P08P4162856,71.94,0
2023,driverless,Cruise,5G21A6P08P4163067,52.54,0
2023,driverless,Cruise,5G21A6P08P4163926,53.94,0
2023,driverless,Cruise,5G21A6P08P4164333,62.85,0
2023,driverless,Cruise,5G21A6P08P4165739,56.07,0
2023,driverless,Cruise,5G21A6P08P4167345,63.93,0
2023,driverless,Cruise,5G21A6P08P4169175,116.84,0
2023,driverless,Cruise,5G21A6P08P4171167,85.53,0
2023,driverless,Cruise,5G21A6P09N4121617,10160.23,0
2023,driverless,Cruise,5G21A6P09N4121620,0.0,0
2023,driverless,Cruise,5G21A6P09N4121634,3134.42,0
2023,driverless,Cruise,5G21A6P09N4121648,12012.9,0
2023,driverless,Cruise,5G21A6P09N4121651,2510.04,0
2023,driverless,Cruise,5G21A6P09N4121665,3109.75,0
2023,driverless,Cruise,5G21A6P09N4121679,9118.9,0
2023,driverless,Cruise,5G21A6P09N4121682,11800.85,0
2023,driverless,Cruise,5G21A6P09N4121696,10773.59,0
2023,driverless,Cruise,5G21A6P09N4122105,13527.7,0
2023,driverless,Cruise,5G21A6P09P4100057,12726.48,0
2023,driverless,Cruise,5G21A6P09P4100060,8433.77,0
2023,driverless,Cruise,5G21A6P09P4100074,0.0,0
2023,driverless,Cruise,5G21A6P09P4100088,4705.26,0
2023,driverless,Cruise,5G21A6P09P4100107,11693.29,0
2023,driverless,Cruise,5G21A6P09P4100110,11624.87,0
2023,driverless,Cruise,5G21A6P09P4100124,11641.17,0
2023,driverless,Cruise,5G21A6P09P4100589,2644.04,0
2023,driverless,Cruise,5G21A6P09P4102133,1262.35,0
2023,driverless,Cruise,5G21A6P09P4103508,2394.48,0
2023,driverless,Cruise,5G21A6P09P4104674,3726.37,0
2023,driverless,Cruise,5G21A6P09P4105355,3089.92,0
2023,driverless,Cruise,5G21A6P09P4106893,2865.88,0
2023,driverless,Cruise,5G21A6P09P4108448,995.45,0
2023,driverless,Cruise,5G21A6P09P4108451,2025.13,0
2023,driverless,Cruise,5G21A6P09P4109678,11928.88,0
2023,driverless,Cruise,5G21A6P09P4109681,7252.02,0
2023,driverless,Cruise,5G21A6P09P4110698,3387.98,0
2023,driverless,Cruise,5G21A6P09P4110944,3302.42,0
2023,driverless,Cruise,5G21A6P09P4112810,1810.09,0
2023,driverless,Cruise,5G21A6P09P4115688,1314.3,0
2023,driverless,Cruise,5G21A6P09P4116288,1350.0,0
2023,driverless,Cruise,5G21A6P09P4117411,1765.32,0
2023,driverless,Cruise,5G21A6P09P4119580,1978.99,0
2023,driverless,Cruise,5G21A6P09P4122589,1269.62,0
2023,driverless,Cruise,5G21A6P09P4122592,753.42,0
2023,driverless,Cruise,5G21A6P09P4122866,702.26,0
2023,driverless,Cruise,5G21A6P09P4123189,351.04,0
2023,driverless,Cruise,5G21A6P09P4123192,126.51,0
2023,driverless,Cruise,5G21A6P09P4125458,463.17,0
2023,driverless,Cruise,5G21A6P09P4125461,437.68,0
2023,driverless,Cruise,5G21A6P09P4129994,1254.48,0
2023,driverless,Cruise,5G21A6P09P4130238,1077.09,0
2023,driverless,Cruise,5G21A6P09P4133303,423.08,0
2023,driverless,Cruise,5G21A6P09P4134273,371.58,0
2023,driverless,Cruise,5G21A6P09P4137576,867.5,0
2023,driverless,Cruise,5G21A6P09P4138095,1577.26,0
2023,driverless,Cruise,5G21A6P09P4138100,1519.97,0
2023,driverless,Cruise,5G21A6P09P4145404,285.89,0
2023,driverless,Cruise,5G21A6P09P4145726,604.44,0
2023,driverless,Cruise,5G21A6P09P4147105,406.46,0
2023,driverless,Cruise,5G21A6P09P4147394,1131.55,0
2023,driverless,Cruise,5G21A6P09P4148867,417.38,0
2023,driverless,Cruise,5G21A6P09P4148870,778.19,0
2023,driverless,Cruise,5G21A6P09P4150523,138.24,0
2023,driverless,Cruise,5G21A6P09P4150778,904.41,0
2023,driverless,Cruise,5G21A6P09P4150781,1207.85,0
2023,driverless,Cruise,5G21A6P09P4151042,347.97,0
2023,driverless,Cruise,5G21A6P09P4152353,828.52,0
2023,driverless,Cruise,5G21A6P09P4154166,651.68,0
2023,driverless,Cruise,5G21A6P09P4154376,0.0,0
2023,driverless,Cruise,5G21A6P09P4156175,377.44,0
2023,driverless,Cruise,5G21A6P09P4157598,168.29,0
2023,driverless,Cruise,5G21A6P09P4157844,70.0,0
2023,driverless,Cruise,5G21A6P09P4159156,105.2,0
2023,driverless,Cruise,5G21A6P09P4159397,347.82,0
2023,driverless,Cruise,5G21A6P09P4159674,54.36,0
2023,driverless,Cruise,5G21A6P09P4160873,54.52,0
2023,driverless,Cruise,5G21A6P09P4161084,0.0,0
2023,driverless,Cruise,5G21A6P09P4161361,0.0,0
2023,driverless,Cruise,5G21A6P09P4165507,0.0,0
2023,driverless,Cruise,5G21A6P09P4165510,0.0,0
2023,driverless,Cruise,5G21A6P09P4166026,0.06,0
2023,driverless,Cruise,5G21A6P09P4167564,0.0,0
2023,driverless,Cruise,5G21A6P09P4167757,895.7,0
2023,driverless,Cruise,5G21A6P09P4169296,366.15,0
2023,driverless,Cruise,5G21A6P09P4177219,0.0,0
2023,driverless,Cruise,5G21A6P09P4180217,0.0,0
2023,driverless,Cruise,5G21A6P09P4180413,0.0,0
2023,driverless,Cruise,5G21A6P0XN4121612,10109.48,0
2023,driverless,Cruise,5G21A6P0XN4121626,13745.76,0
2023,driverless,Cruise,5G21A6P0XN4121643,1697.04,0
2023,driverless,Cruise,5G21A6P0XN4121657,1589.92,0
2023,driverless,Cruise,5G21A6P0XN4121660,11686.72,0
2023,driverless,Cruise,5G21A6P0XN4121688,10290.2,0
2023,driverless,Cruise,5G21A6P0XN4121691,7992.39,0
2023,driverless,Cruise,5G21A6P0XN4122100,4972.12,0
2023,driverless,Cruise,5G21A6P0XP4100049,6671.08,0
2023,driverless,Cruise,5G21A6P0XP4100066,3565.29,0
2023,driverless,Cruise,5G21A6P0XP4100083,13540.63,0
2023,driverless,Cruise,5G21A6P0XP4100102,11390.43,0
2023,driverless,Cruise,5G21A6P0XP4100116,10893.42,0
2023,driverless,Cruise,5G21A6P0XP4100133,4137.76,0
2023,driverless,Cruise,5G21A6P0XP4102125,1010.05,0
2023,driverless,Cruise,5G21A6P0XP4103503,2022.13,0
2023,driverless,Cruise,5G21A6P0XP4105364,2488.56,0
2023,driverless,Cruise,5G21A6P0XP4106109,2580.31,0
2023,driverless,Cruise,5G21A6P0XP4106112,2771.99,0
2023,driverless,Cruise,5G21A6P0XP4107938,651.84,0
2023,driverless,Cruise,5G21A6P0XP4107941,4443.75,0
2023,driverless,Cruise,5G21A6P0XP4112198,0.0,0
2023,driverless,Cruise,5G21A6P0XP4112489,3814.05,0
2023,driverless,Cruise,5G21A6P0XP4112492,1446.79,0
2023,driverless,Cruise,5G21A6P0XP4114243,1771.82,0
2023,driverless,Cruise,5G21A6P0XP4114534,4156.75,0
2023,driverless,Cruise,5G21A6P0XP4117045,1986.1,0
2023,driverless,Cruise,5G21A6P0XP4117868,3744.33,0
2023,driverless,Cruise,5G21A6P0XP4119913,1152.17,0
2023,driverless,Cruise,5G21A6P0XP4120348,1792.84,0
2023,driverless,Cruise,5G21A6P0XP4120351,747.5,0
2023,driverless,Cruise,5G21A6P0XP4121600,406.46,0
2023,driverless,Cruise,5G21A6P0XP4122861,767.44,0
2023,driverless,Cruise,5G21A6P0XP4124299,827.62,0
2023,driverless,Cruise,5G21A6P0XP4124304,1142.78,0
2023,driverless,Cruise,5G21A6P0XP4125159,0.0,0
2023,driverless,Cruise,5G21A6P0XP4125162,1187.76,0
2023,driverless,Cruise,5G21A6P0XP4125713,1680.43,0
2023,driverless,Cruise,5G21A6P0XP4126926,797.24,0
2023,driverless,Cruise,5G21A6P0XP4127400,1218.11,0
2023,driverless,Cruise,5G21A6P0XP4128613,239.81,0
2023,driverless,Cruise,5G21A6P0XP4128918,917.06,0
2023,driverless,Cruise,5G21A6P0XP4128921,174.63,0
2023,driverless,Cruise,5G21A6P0XP4133021,1636.81,0
2023,driverless,Cruise,5G21A6P0XP4134525,592.81,0
2023,driverless,Cruise,5G21A6P0XP4136324,61.65,0
2023,driverless,Cruise,5G21A6P0XP4137571,765.35,0
2023,driverless,Cruise,5G21A6P0XP4137845,980.24,0
2023,driverless,Cruise,5G21A6P0XP4139286,366.56,0
2023,driverless,Cruise,5G21A6P0XP4139613,1230.64,0
2023,driverless,Cruise,5G21A6P0XP4139904,1523.22,0
2023,driverless,Cruise,5G21A6P0XP4140938,1365.2,0
2023,driverless,Cruise,5G21A6P0XP4140941,813.76,0
2023,driverless,Cruise,5G21A6P0XP4141166,62.46,0
2023,driverless,Cruise,5G21A6P0XP4143578,1263.39,0
2023,driverless,Cruise,5G21A6P0XP4143581,74.56,0
2023,driverless,Cruise,5G21A6P0XP4144245,880.14,0
2023,driverless,Cruise,5G21A6P0XP4145119,1611.69,0
2023,driverless,Cruise,5G21A6P0XP4145122,1877.8,0
2023,driverless,Cruise,5G21A6P0XP4147100,829.79,0
2023,driverless,Cruise,5G21A6P0XP4148604,118.54,0
2023,driverless,Cruise,5G21A6P0XP4154581,359.54,0
2023,driverless,Cruise,5G21A6P0XP4155908,1242.74,0
2023,driverless,Cruise,5G21A6P0XP4155911,1120.72,0
2023,driverless,Cruise,5G21A6P0XP4157366,306.75,0
2023,driverless,Cruise,5G21A6P0XP4157593,150.62,0
2023,driverless,Cruise,5G21A6P0XP4162857,767.68,0
2023,driverless,Cruise,5G21A6P0XP4163930,51.92,0
2023,driverless,Cruise,5G21A6P0XP4169176,73.26,0
2023,driverless,Cruise,5G21A6P0XP4171168,57.29,0
2023,driverless,Cruise,5G21D6SJ2P70031EX,180.1,0
2023,driverless,Cruise,5G21D6SJ3P70005EX,0.0,0
2023,driverless,Cruise,5G21D6SJXP70010EX,0.0,0
2023,driverless,Cruise,5G3LD1SJ2R7100027,0.0,0
2023,driverless,Cruise,5G3LD1SJ2R7100028,0.0,0
2023,driverless,Cruise,5G3LD1SJ4R7100001,71.35,0
2023,driverless,Cruise,5G3LD1SJ5R7100007,0.0,0
2023,driverless,Cruise,5G3LD1SJ8R7100020,0.0,0
2023,driverless,Cruise,5G3LD1SJ9R7100012,0.0,0
2023,driverless,Cruise,5G3LD1SJXR7100021,0.0,0
2023,driverless,Nuro,1N90NUR01KR385014,226.09,0
2023,driverless,Nuro,1N90NUR01KR385028,418.55,0
2023,driverless,Nuro,1N90NUR03KR385015,220.29,0
2023,driverless,Nuro,1N90NUR07KR385017,356.58,0
2023,driverless,Nuro,1N90NUR08KR385012,222.22,0
2023,driverless,Nuro,1N90NUR08KR385026,287.1,0
2023,driverless,Nuro,1N90NUR09KR385018,20.72,0
2023,driverless,Nuro,1N90NUR09KR385021,283.43,0
2023,driverless,Nuro,1N90NUR0XKR385030,208.83,0
2023,driverless,Waymo,2C4RC1K70HR833877,0.0,0
2023,driverless,Waymo,2C4RC1K71HR822208,0.0,0
2023,driverless,Waymo,2C4RC1K73HR786120,0.0,0
2023,driverless,Waymo,2C4RC1K73HR797330,0.0,0
2023,driverless,Waymo,2C4RC1K73HR833808,0.0,0
2023,driverless,Waymo,2C4RC1K74HR797322,0.0,0
2023,driverless,Waymo,2C4RC1K75HR833759,0.0,0
2023,driverless,Waymo,2C4RC1K79HR786123,0.0,0
2023,driverless,Waymo,2C4RC1K79HR827253,0.0,0
2023,driverless,Waymo,2C4RC1K79HR833859,0.0,0
2023,driverless,Waymo,SADHW2S10M1602680,0.0,0
2023,driverless,Waymo,SADHW2S10M1602694,0.0,0
2023,driverless,Waymo,SADHW2S10M1614408,0.0,0
2023,driverless,Waymo,SADHW2S10M1614568,0.0,0
2023,driverless,Waymo,SADHW2S10M1615154,0.0,0
2023,driverless,Waymo,SADHW2S10M1615199,0.0,0
2023,driverless,Waymo,SADHW2S10M1615347,0.0,0
2023,driverless,Waymo,SADHW2S10M1615493,0.0,0
2023,driverless,Waymo,SADHW2S10M1615512,0.0,0
2023,driverless,Waymo,SADHW2S10M1615560,0.0,0
2023,driverless,Waymo,SADHW2S10M1615624,0.0,0
2023,driverless,Waymo,SADHW2S10M1615767,0.0,0
2023,driverless,Waymo,SADHW2S10M1615770,0.0,0
2023,driverless,Waymo,SADHW2S10M1615798,0.0,0
2023,driverless,Waymo,SADHW2S10M1615879,0.0,0
2023,driverless,Waymo,SADHW2S10M1615963,0.0,0
2023,driverless,Waymo,SADHW2S10M1615977,0.0,0
2023,driverless,Waymo,SADHW2S10M1616448,12488.0,0
2023,driverless,Waymo,SADHW2S10M1616501,0.0,0
2023,driverless,Waymo,SADHW2S10M1616577,0.0,0
2023,driverless,Waymo,SADHW2S10M1616613,0.0,0
2023,driverless,Waymo,SADHW2S10M1616644,0.0,0
2023,driverless,Waymo,SADHW2S10M1616692,4634.5,0
2023,driverless,Waymo,SADHW2S10M1616837,0.0,0
2023,driverless,Waymo,SADHW2S10M1616904,16118.4,0
2023,driverless,Waymo,SADHW2S10M1617051,0.0,0
2023,driverless,Waymo,SADHW2S10M1617101,13408.0,0
2023,driverless,Waymo,SADHW2S10M1617177,0.0,0
2023,driverless,Waymo,SADHW2S10M1617227,2992.6,0
2023,driverless,Waymo,SADHW2S10M1617258,0.0,0
2023,driverless,Waymo,SADHW2S10M1617440,0.0,0
2023,driverless,Waymo,SADHW2S10M1617583,2612.0,0
2023,driverless,Waymo,SADHW2S10M1617633,15749.8,0
2023,driverless,Waymo,SADHW2S10M1617647,18896.2,0
2023,driverless,Waymo,SADHW2S11M1602073,0.0,0
2023,driverless,Waymo,SADHW2S11M1602641,0.0,0
2023,driverless,Waymo,SADHW2S11M1602669,0.0,0
2023,driverless,Waymo,SADHW2S11M1602705,0.0,0
2023,driverless,Waymo,SADHW2S11M1606219,0.0,0
2023,driverless,Waymo,SADHW2S11M1614661,0.0,0
2023,driverless,Waymo,SADHW2S11M1614742,0.0,0
2023,driverless,Waymo,SADHW2S11M1614790,0.0,0
2023,driverless,Waymo,SADHW2S11M1614854,0.0,0
2023,driverless,Waymo,SADHW2S11M1614966,0.0,0
2023,driverless,Waymo,SADHW2S11M1615258,0.0,0
2023,driverless,Waymo,SADHW2S11M1615292,0.0,0
2023,driverless,Waymo,SADHW2S11M1615437,0.0,0
2023,driverless,Waymo,SADHW2S11M1615549,31.5,0
2023,driverless,Waymo,SADHW2S11M1615583,0.0,0
2023,driverless,Waymo,SADHW2S11M1615678,0.0,0
2023,driverless,Waymo,SADHW2S11M1615695,0.0,0
2023,driverless,Waymo,SADHW2S11M1615776,0.0,0
2023,driverless,Waymo,SADHW2S11M1615857,353.2,0
2023,driverless,Waymo,SADHW2S11M1616054,0.0,0
2023,driverless,Waymo,SADHW2S11M1616118,0.0,0
2023,driverless,Waymo,SADHW2S11M1616149,11.9,0
2023,driverless,Waymo,SADHW2S11M1616281,0.0,0
2023,driverless,Waymo,SADHW2S11M1616300,0.0,0
2023,driverless,Waymo,SADHW2S11M1616572,22685.4,0
2023,driverless,Waymo,SADHW2S11M1616619,20968.0,0
2023,driverless,Waymo,SADHW2S11M1616698,0.0,0
2023,driverless,Waymo,SADHW2S11M1616748,0.0,0
2023,driverless,Waymo,SADHW2S11M1616779,0.0,0
2023,driverless,Waymo,SADHW2S11M1616880,0.0,0
2023,driverless,Waymo,SADHW2S11M1616992,1065.9,0
2023,driverless,Waymo,SADHW2S11M1617186,15844.1,0
2023,driverless,Waymo,SADHW2S11M1617219,14343.7,0
2023,driverless,Waymo,SADHW2S11M1617298,1232.7,0
2023,driverless,Waymo,SADHW2S11M1617365,15597.0,0
2023,driverless,Waymo,SADHW2S11M1617611,18685.4,0
2023,driverless,Waymo,SADHW2S11M1617625,7308.6,1
2023,driverless,Waymo,SADHW2S11M1617642,0.0,0
2023,driverless,Waymo,SADHW2S11R1632827,0.0,0
2023,driverless,Waymo,SADHW2S12M1602695,0.0,0
2023,driverless,Waymo,SADHW2S12M1602700,0.0,0
2023,driverless,Waymo,SADHW2S12M1606200,0.0,0
2023,driverless,Waymo,SADHW2S12M1614670,0.0,0
2023,driverless,Waymo,SADHW2S12M1614863,0.0,0
2023,driverless,Waymo,SADHW2S12M1614930,0.0,0
2023,driverless,Waymo,SADHW2S12M1614944,0.0,0
2023,driverless,Waymo,SADHW2S12M1615141,0.0,0
2023,driverless,Waymo,SADHW2S12M1615415,0.0,0
2023,driverless,Waymo,SADHW2S12M1615527,3.8,0
2023,driverless,Waymo,SADHW2S12M1615589,0.0,0
2023,driverless,Waymo,SADHW2S12M1615687,2578.5,0
2023,driverless,Waymo,SADHW2S12M1615690,3327.4,0
2023,driverless,Waymo,SADHW2S12M1615706,0.0,0
2023,driverless,Waymo,SADHW2S12M1615754,0.0,0
2023,driverless,Waymo,SADHW2S12M1615849,0.0,0
2023,driverless,Waymo,SADHW2S12M1615897,0.0,0
2023,driverless,Waymo,SADHW2S12M1615947,4937.5,0
2023,driverless,Waymo,SADHW2S12M1616001,6947.8,0
2023,driverless,Waymo,SADHW2S12M1616015,0.0,0
2023,driverless,Waymo,SADHW2S12M1616029,0.0,0
2023,driverless,Waymo,SADHW2S12M1616130,6.1,0
2023,driverless,Waymo,SADHW2S12M1616158,9568.2,0
2023,driverless,Waymo,SADHW2S12M1616239,0.0,0
2023,driverless,Waymo,SADHW2S12M1616385,21945.5,1
2023,driverless,Waymo,SADHW2S12M1616421,0.0,0
2023,driverless,Waymo,SADHW2S12M1616581,0.0,0
2023,driverless,Waymo,SADHW2S12M1616600,6764.4,1
2023,driverless,Waymo,SADHW2S12M1616662,0.0,0
2023,driverless,Waymo,SADHW2S12M1616712,21621.2,1
2023,driverless,Waymo,SADHW2S12M1616726,7634.9,0
2023,driverless,Waymo,SADHW2S12M1616824,3256.9,0
2023,driverless,Waymo,SADHW2S12M1617309,789.9,0
2023,driverless,Waymo,SADHW2S12M1617651,0.0,0
2023,driverless,Waymo,SADHW2S12R1632870,0.0,0
2023,driverless,Waymo,SADHW2S12R1632903,0.0,0
2023,driverless,Waymo,SADHW2S13M1602673,0.0,0
2023,driverless,Waymo,SADHW2S13M1602690,0.0,0
2023,driverless,Waymo,SADHW2S13M1602740,0.0,0
2023,driverless,Waymo,SADHW2S13M1606173,0.0,0
2023,driverless,Waymo,SADHW2S13M1614368,0.0,0
2023,driverless,Waymo,SADHW2S13M1614497,0.0,0
2023,driverless,Waymo,SADHW2S13M1614595,0.0,0
2023,driverless,Waymo,SADHW2S13M1614614,0.0,0
2023,driverless,Waymo,SADHW2S13M1614757,0.0,0
2023,driverless,Waymo,SADHW2S13M1614774,0.0,0
2023,driverless,Waymo,SADHW2S13M1614807,0.0,0
2023,driverless,Waymo,SADHW2S13M1615374,218.4,0
2023,driverless,Waymo,SADHW2S13M1615469,0.0,0
2023,driverless,Waymo,SADHW2S13M1615486,0.0,0
2023,driverless,Waymo,SADHW2S13M1615505,12427.1,2
2023,driverless,Waymo,SADHW2S13M1615519,0.0,0
2023,driverless,Waymo,SADHW2S13M1615665,0.0,0
2023,driverless,Waymo,SADHW2S13M1615729,0.0,0
2023,driverless,Waymo,SADHW2S13M1615732,0.0,0
2023,driverless,Waymo,SADHW2S13M1615780,0.0,0
2023,driverless,Waymo,SADHW2S13M1615813,6167.2,0
2023,driverless,Waymo,SADHW2S13M1615889,0.0,0
2023,driverless,Waymo,SADHW2S13M1616069,0.0,0
2023,driverless,Waymo,SADHW2S13M1616427,0.0,0
2023,driverless,Waymo,SADHW2S13M1616542,8997.1,0
2023,driverless,Waymo,SADHW2S13M1616587,7099.7,0
2023,driverless,Waymo,SADHW2S13M1616928,20688.4,0
2023,driverless,Waymo,SADHW2S13M1617268,0.0,0
2023,driverless,Waymo,SADHW2S13M1617450,1706.1,0
2023,driverless,Waymo,SADHW2S13M1617464,21775.3,0
2023,driverless,Waymo,SADHW2S13M1617528,0.0,0
2023,driverless,Waymo,SADHW2S13R1632814,0.0,0
2023,driverless,Waymo,SADHW2S14M1602343,0.0,0
2023,driverless,Waymo,SADHW2S14M1602682,0.0,0
2023,driverless,Waymo,SADHW2S14M1602696,0.0,0
2023,driverless,Waymo,SADHW2S14M1602701,0.0,0
2023,driverless,Waymo,SADHW2S14M1614346,0.0,0
2023,driverless,Waymo,SADHW2S14M1614542,0.0,0
2023,driverless,Waymo,SADHW2S14M1615190,0.0,0
2023,driverless,Waymo,SADHW2S14M1615271,0.0,0
2023,driverless,Waymo,SADHW2S14M1615383,0.0,0
2023,driverless,Waymo,SADHW2S14M1615447,0.0,0
2023,driverless,Waymo,SADHW2S14M1615478,0.0,0
2023,driverless,Waymo,SADHW2S14M1615643,108.2,0
2023,driverless,Waymo,SADHW2S14M1615674,3.1,0
2023,driverless,Waymo,SADHW2S14M1616033,0.0,0
2023,driverless,Waymo,SADHW2S14M1616307,33.4,0
2023,driverless,Waymo,SADHW2S14M1616341,0.0,0
2023,driverless,Waymo,SADHW2S14M1616517,3881.8,0
2023,driverless,Waymo,SADHW2S14M1616565,4055.0,1
2023,driverless,Waymo,SADHW2S14M1616632,0.0,0
2023,driverless,Waymo,SADHW2S14M1616761,15747.7,0
2023,driverless,Waymo,SADHW2S14M1616985,7819.0,0
2023,driverless,Waymo,SADHW2S14M1617036,0.0,0
2023,driverless,Waymo,SADHW2S14M1617327,0.0,0
2023,driverless,Waymo,SADHW2S14M1617473,25499.7,0
2023,driverless,Waymo,SADHW2S14M1617523,20.2,0
2023,driverless,Waymo,SADHW2S14M1617537,0.0,0
2023,driverless,Waymo,SADHW2S14M1617599,17740.4,0
2023,driverless,Waymo,SADHW2S14M1617604,5586.1,0
2023,driverless,Waymo,SADHW2S14R1632790,0.0,0
2023,driverless,Waymo,SADHW2S14R1632854,0.0,0
2023,driverless,Waymo,SADHW2S15M1602660,0.0,0
2023,driverless,Waymo,SADHW2S15M1602674,0.0,0
2023,driverless,Waymo,SADHW2S15M1602691,0.0,0
2023,driverless,Waymo,SADHW2S15M1605896,0.0,0
2023,driverless,Waymo,SADHW2S15M1606191,0.0,0
2023,driverless,Waymo,SADHW2S15M1614551,0.0,0
2023,driverless,Waymo,SADHW2S15M1615215,0.0,0
2023,driverless,Waymo,SADHW2S15M1615277,21243.3,0
2023,driverless,Waymo,SADHW2S15M1615361,0.0,0
2023,driverless,Waymo,SADHW2S15M1615568,7980.7,0
2023,driverless,Waymo,SADHW2S15M1615599,0.0,0
2023,driverless,Waymo,SADHW2S15M1615635,0.0,0
2023,driverless,Waymo,SADHW2S15M1615716,0.0,0
2023,driverless,Waymo,SADHW2S15M1616008,11247.2,0
2023,driverless,Waymo,SADHW2S15M1616090,0.0,0
2023,driverless,Waymo,SADHW2S15M1616140,19006.9,0
2023,driverless,Waymo,SADHW2S15M1616171,22195.1,1
2023,driverless,Waymo,SADHW2S15M1616218,0.0,0
2023,driverless,Waymo,SADHW2S15M1616333,18110.9,0
2023,driverless,Waymo,SADHW2S15M1616462,9204.2,0
2023,driverless,Waymo,SADHW2S15M1616557,18726.3,0
2023,driverless,Waymo,SADHW2S15M1616638,7684.8,0
2023,driverless,Waymo,SADHW2S15M1616686,0.0,0
2023,driverless,Waymo,SADHW2S15M1616705,5678.3,0
2023,driverless,Waymo,SADHW2S15M1616719,0.0,0
2023,driverless,Waymo,SADHW2S15M1616767,3059.4,0
2023,driverless,Waymo,SADHW2S15M1617109,12342.4,0
2023,driverless,Waymo,SADHW2S15M1617238,24383.6,0
2023,driverless,Waymo,SADHW2S15M1617319,15344.7,0
2023,driverless,Waymo,SADHW2S15M1617403,24688.4,0
2023,driverless,Waymo,SADHW2S15M1617546,18474.8,0
2023,driverless,Waymo,SADHW2S16M1602621,0.0,0
2023,driverless,Waymo,SADHW2S16M1602666,0.0,0
2023,driverless,Waymo,SADHW2S16M1602683,0.0,0
2023,driverless,Waymo,SADHW2S16M1605972,0.0,0
2023,driverless,Waymo,SADHW2S16M1606166,0.0,0
2023,driverless,Waymo,SADHW2S16M1614798,0.0,0
2023,driverless,Waymo,SADHW2S16M1614915,0.0,0
2023,driverless,Waymo,SADHW2S16M1615112,0.0,0
2023,driverless,Waymo,SADHW2S16M1615305,0.0,0
2023,driverless,Waymo,SADHW2S16M1615353,4812.6,0
2023,driverless,Waymo,SADHW2S16M1615465,0.0,0
2023,driverless,Waymo,SADHW2S16M1615482,0.0,0
2023,driverless,Waymo,SADHW2S16M1615501,8022.7,0
2023,driverless,Waymo,SADHW2S16M1615532,0.0,0
2023,driverless,Waymo,SADHW2S16M1615577,0.0,0
2023,driverless,Waymo,SADHW2S16M1615773,20839.2,0
2023,driverless,Waymo,SADHW2S16M1615787,0.0,0
2023,driverless,Waymo,SADHW2S16M1615790,0.0,0
2023,driverless,Waymo,SADHW2S16M1615823,0.0,0
2023,driverless,Waymo,SADHW2S16M1615871,7940.1,0
2023,driverless,Waymo,SADHW2S16M1615904,0.0,0
2023,driverless,Waymo,SADHW2S16M1615952,0.0,0
2023,driverless,Waymo,SADHW2S16M1616051,0.0,0
2023,driverless,Waymo,SADHW2S16M1616325,0.0,0
2023,driverless,Waymo,SADHW2S16M1616471,0.0,0
2023,driverless,Waymo,SADHW2S16M1616549,0.0,0
2023,driverless,Waymo,SADHW2S16M1616650,0.0,0
2023,driverless,Waymo,SADHW2S16M1616860,3304.9,0
2023,driverless,Waymo,SADHW2S16M1616972,2644.7,0
2023,driverless,Waymo,SADHW2S16M1617278,0.0,0
2023,driverless,Waymo,SADHW2S16M1617507,909.2,0
2023,driverless,Waymo,SADHW2S16M1617510,4572.5,0
2023,driverless,Waymo,SADHW2S16M1617541,0.0,0
2023,driverless,Waymo,SADHW2S16M1617555,12876.9,0
2023,driverless,Waymo,SADHW2S16M1617569,16618.2,1
2023,driverless,Waymo,SADHW2S16M1617619,16766.8,0
2023,driverless,Waymo,SADHW2S17M1606225,0.0,0
2023,driverless,Waymo,SADHW2S17M1614633,0.0,0
2023,driverless,Waymo,SADHW2S17M1614647,0.0,0
2023,driverless,Waymo,SADHW2S17M1614678,0.0,0
2023,driverless,Waymo,SADHW2S17M1615040,0.0,0
2023,driverless,Waymo,SADHW2S17M1615393,0.0,0
2023,driverless,Waymo,SADHW2S17M1615605,0.0,0
2023,driverless,Waymo,SADHW2S17M1615619,7213.0,0
2023,driverless,Waymo,SADHW2S17M1615653,0.0,0
2023,driverless,Waymo,SADHW2S17M1615684,0.0,0
2023,driverless,Waymo,SADHW2S17M1615703,0.0,0
2023,driverless,Waymo,SADHW2S17M1615748,0.0,0
2023,driverless,Waymo,SADHW2S17M1615846,8434.1,1
2023,driverless,Waymo,SADHW2S17M1615930,0.0,0
2023,driverless,Waymo,SADHW2S17M1615989,0.0,0
2023,driverless,Waymo,SADHW2S17M1616527,0.0,0
2023,driverless,Waymo,SADHW2S17M1616592,0.0,0
2023,driverless,Waymo,SADHW2S17M1616656,6708.3,0
2023,driverless,Waymo,SADHW2S17M1616740,10956.9,0
2023,driverless,Waymo,SADHW2S17M1616799,0.0,0
2023,driverless,Waymo,SADHW2S17M1616950,3989.7,0
2023,driverless,Waymo,SADHW2S17M1617385,4379.0,0
2023,driverless,Waymo,SADHW2S17M1617595,16772.3,0
2023,driverless,Waymo,SADHW2S18M1602684,0.0,0
2023,driverless,Waymo,SADHW2S18M1602698,0.0,0
2023,driverless,Waymo,SADHW2S18M1606251,0.0,0
2023,driverless,Waymo,SADHW2S18M1614303,0.0,0
2023,driverless,Waymo,SADHW2S18M1614463,0.0,0
2023,driverless,Waymo,SADHW2S18M1614480,0.0,0
2023,driverless,Waymo,SADHW2S18M1614687,0.0,0
2023,driverless,Waymo,SADHW2S18M1614964,0.0,0
2023,driverless,Waymo,SADHW2S18M1615208,0.0,0
2023,driverless,Waymo,SADHW2S18M1615225,80.4,0
2023,driverless,Waymo,SADHW2S18M1615239,0.0,0
2023,driverless,Waymo,SADHW2S18M1615368,0.0,0
2023,driverless,Waymo,SADHW2S18M1615421,0.0,0
2023,driverless,Waymo,SADHW2S18M1615564,0.0,0
2023,driverless,Waymo,SADHW2S18M1615709,8257.4,0
2023,driverless,Waymo,SADHW2S18M1615838,0.0,0
2023,driverless,Waymo,SADHW2S18M1615919,9772.8,0
2023,driverless,Waymo,SADHW2S18M1615922,1628.8,0
2023,driverless,Waymo,SADHW2S18M1615970,10539.0,0
2023,driverless,Waymo,SADHW2S18M1616021,0.0,0
2023,driverless,Waymo,SADHW2S18M1616178,0.0,0
2023,driverless,Waymo,SADHW2S18M1616441,0.0,0
2023,driverless,Waymo,SADHW2S18M1616455,0.0,0
2023,driverless,Waymo,SADHW2S18M1616844,0.0,0
2023,driverless,Waymo,SADHW2S18M1616939,4312.9,0
2023,driverless,Waymo,SADHW2S18M1617007,0.0,0
2023,driverless,Waymo,SADHW2S18M1617024,5023.6,0
2023,driverless,Waymo,SADHW2S18M1617086,0.0,0
2023,driverless,Waymo,SADHW2S18M1617122,0.0,0
2023,driverless,Waymo,SADHW2S18M1617248,3433.0,0
2023,driverless,Waymo,SADHW2S18M1617377,0.0,0
2023,driverless,Waymo,SADHW2S18M1617394,1263.7,0
2023,driverless,Waymo,SADHW2S18M1617430,6913.5,0
2023,driverless,Waymo,SADHW2S18M1617573,0.0,0
2023,driverless,Waymo,SADHW2S18R1632775,0.0,0
2023,driverless,Waymo,SADHW2S18R1632890,0.0,0
2023,driverless,Waymo,SADHW2S19M1602659,0.0,0
2023,driverless,Waymo,SADHW2S19M1602693,0.0,0
2023,driverless,Waymo,SADHW2S19M1614102,0.0,0
2023,driverless,Waymo,SADHW2S19M1614326,0.0,0
2023,driverless,Waymo,SADHW2S19M1614696,0.0,0
2023,driverless,Waymo,SADHW2S19M1615220,0.0,0
2023,driverless,Waymo,SADHW2S19M1615234,0.0,0
2023,driverless,Waymo,SADHW2S19M1615248,0.0,0
2023,driverless,Waymo,SADHW2S19M1615282,6318.4,0
2023,driverless,Waymo,SADHW2S19M1615539,0.0,0
2023,driverless,Waymo,SADHW2S19M1615668,0.0,0
2023,driverless,Waymo,SADHW2S19M1615671,0.0,0
2023,driverless,Waymo,SADHW2S19M1615699,0.0,0
2023,driverless,Waymo,SADHW2S19M1615721,0.0,0
2023,driverless,Waymo,SADHW2S19M1615749,0.0,0
2023,driverless,Waymo,SADHW2S19M1615816,0.0,0
2023,driverless,Waymo,SADHW2S19M1615833,0.0,0
2023,driverless,Waymo,SADHW2S19M1615864,17291.1,0
2023,driverless,Waymo,SADHW2S19M1615914,21701.8,0
2023,driverless,Waymo,SADHW2S19M1616044,0.0,0
2023,driverless,Waymo,SADHW2S19M1616108,0.0,0
2023,driverless,Waymo,SADHW2S19M1616187,0.0,0
2023,driverless,Waymo,SADHW2S19M1616349,0.0,0
2023,driverless,Waymo,SADHW2S19M1616481,0.0,0
2023,driverless,Waymo,SADHW2S19M1616674,19575.5,1
2023,driverless,Waymo,SADHW2S19M1616755,5313.7,0
2023,driverless,Waymo,SADHW2S19M1616853,1247.4,0
2023,driverless,Waymo,SADHW2S19M1616870,23472.3,0
2023,driverless,Waymo,SADHW2S19M1617016,0.0,0
2023,driverless,Waymo,SADHW2S19M1617064,4262.6,0
2023,driverless,Waymo,SADHW2S19M1617078,0.0,0
2023,driverless,Waymo,SADHW2S19M1617288,5371.0,0
2023,driverless,Waymo,SADHW2S19M1617422,0.0,0
2023,driverless,Waymo,SADHW2S19M1617484,0.0,0
2023,driverless,Waymo,SADHW2S19M1617520,2390.3,0
2023,driverless,Waymo,SADHW2S19M1617565,0.0,0
2023,driverless,Waymo,SADHW2S19M1617579,2880.9,0
2023,driverless,Waymo,SADHW2S19M1617615,21027.3,0
2023,driverless,Waymo,SADHW2S1XM1602587,0.0,0
2023,driverless,Waymo,SADHW2S1XM1602637,0.0,0
2023,driverless,Waymo,SADHW2S1XM1602668,0.0,0
2023,driverless,Waymo,SADHW2S1XM1602671,0.0,0
2023,driverless,Waymo,SADHW2S1XM1602685,0.0,0
2023,driverless,Waymo,SADHW2S1XM1602704,0.0,0
2023,driverless,Waymo,SADHW2S1XM1602735,0.0,0
2023,driverless,Waymo,SADHW2S1XM1605876,0.0,0
2023,driverless,Waymo,SADHW2S1XM1606137,0.0,0
2023,driverless,Waymo,SADHW2S1XM1614335,0.0,0
2023,driverless,Waymo,SADHW2S1XM1614447,0.0,0
2023,driverless,Waymo,SADHW2S1XM1614643,0.0,0
2023,driverless,Waymo,SADHW2S1XM1614822,0.0,0
2023,driverless,Waymo,SADHW2S1XM1614870,0.0,0
2023,driverless,Waymo,SADHW2S1XM1614898,0.0,0
2023,driverless,Waymo,SADHW2S1XM1614948,0.0,0
2023,driverless,Waymo,SADHW2S1XM1615176,2172.1,0
2023,driverless,Waymo,SADHW2S1XM1615243,10895.8,0
2023,driverless,Waymo,SADHW2S1XM1615629,0.0,0
2023,driverless,Waymo,SADHW2S1XM1615761,42.6,0
2023,driverless,Waymo,SADHW2S1XM1615937,9665.7,1
2023,driverless,Waymo,SADHW2S1XM1616103,0.0,0
2023,driverless,Waymo,SADHW2S1XM1616232,18783.3,1
2023,driverless,Waymo,SADHW2S1XM1616411,18738.0,1
2023,driverless,Waymo,SADHW2S1XM1616537,12453.8,0
2023,driverless,Waymo,SADHW2S1XM1616733,0.0,0
2023,driverless,Waymo,SADHW2S1XM1616831,0.0,0
2023,driverless,Waymo,SADHW2S1XM1616893,13160.5,0
2023,driverless,Waymo,SADHW2S1XM1616960,0.0,0
2023,driverless,Waymo,SADHW2S1XM1617199,17035.8,0
2023,driverless,Waymo,SADHW2S1XM1617350,4967.1,0
2023,driverless,Waymo,SADHW2S1XM1617414,16719.0,0
2023,driverless,Waymo,SADHW2S1XM1617560,5718.0,0
2023,driverless,Waymo,SADHW2S1XM1617588,23591.2,0
2023,driverless,Waymo,SADHW2S1XM1617638,1793.1,0
2023,driverless,WeRide,1N4AZ1CP3KC301099,3.23,0
2023,driverless,WeRide,1N4AZ1CP4KC303668,20.89,0
2023,driverless,WeRide,1N4AZ1CP5KC307681,26.86,0
2023,driverless,Zoox,~0001,3599.0,0
2023,driverless,Zoox,~0002,5506.0,0
2023,driverless,Zoox,~0003,37.0,0
2023,driverless,Zoox,~0004,2121.0,0
2023,driverless,Zoox,~0005,0.0,0
2023,driverless,Zoox,~0006,0.0,0
2023,safety-driver,Apollo,2C4RC1N71LR252232,2942.0,0
2023,safety-driver,Apollo,2C4RC1N77LR190366,3816.8,1
2023,safety-driver,Apollo,3LN6L2LU4GR629715,4199.3,1
2023,safety-driver,Apollo,3LN6L2LU5GR607996,0.0,0
2023,safety-driver,Apollo,3LN6L5LU1HR627987,0.0,0
2023,safety-driver,Apollo,3LN6L5LU2HR615153,4353.6,1
2023,safety-driver,Apple,2T2BGMCA0GC007400,3939.8,78
2023,safety-driver,Apple,2T2BGMCA0GC007946,11861.6,43
2023,safety-driver,Apple,2T2BGMCA0HC014753,9664.5,86
2023,safety-driver,Apple,2T2BGMCA0HC015899,960.7,6
2023,safety-driver,Apple,2T2BGMCA0HC016082,1832.7,9
2023,safety-driver,Apple,2T2BGMCA0HC019225,10436.6,217
2023,safety-driver,Apple,2T2BGMCA0HC019709,6576.3,31
2023,safety-driver,Apple,2T2BGMCA0HC019919,12560.8,74
2023,safety-driver,Apple,2T2BGMCA0HC019967,3206.8,18
2023,safety-driver,Apple,2T2BGMCA0HC020083,12420.3,56
2023,safety-driver,Apple,2T2BGMCA1GC008135,3632.4,25
2023,safety-driver,Apple,2T2BGMCA1HC014096,825.5,7
2023,safety-driver,Apple,2T2BGMCA1HC016933,284.5,0
2023,safety-driver,Apple,2T2BGMCA2GC003882,13207.6,122
2023,safety-driver,Apple,2T2BGMCA2GC007334,0.0,0
2023,safety-driver,Apple,2T2BGMCA2GC007754,10937.3,86
2023,safety-driver,Apple,2T2BGMCA2GC008418,0.0,0
2023,safety-driver,Apple,2T2BGMCA2HC012521,13177.9,77
2023,safety-driver,Apple,2T2BGMCA2HC019338,5992.4,34
2023,safety-driver,Apple,2T2BGMCA2HC019890,7124.1,89
2023,safety-driver,Apple,2T2BGMCA2HC019968,7764.9,28
2023,safety-driver,Apple,2T2BGMCA2HC020151,443.9,0
2023,safety-driver,Apple,2T2BGMCA3GC007861,11633.3,19
2023,safety-driver,Apple,2T2BGMCA3GC007911,19250.3,119
2023,safety-driver,Apple,2T2BGMCA3HC014584,16965.7,68
2023,safety-driver,Apple,2T2BGMCA3HC020062,3048.5,22
2023,safety-driver,Apple,2T2BGMCA4GC005228,0.0,0
2023,safety-driver,Apple,2T2BGMCA4HC016845,9544.8,36
2023,safety-driver,Apple,2T2BGMCA4HC016912,15310.7,64
2023,safety-driver,Apple,2T2BGMCA4HC019826,13897.6,62
2023,safety-driver,Apple,2T2BGMCA4HC020118,13424.9,105
2023,safety-driver,Apple,2T2BGMCA5GC006145,0.0,0
2023,safety-driver,Apple,2T2BGMCA5HC014389,21543.0,140
2023,safety-driver,Apple,2T2BGMCA5HC019219,0.1,0
2023,safety-driver,Apple,2T2BGMCA5HC019432,16886.9,125
2023,safety-driver,Apple,2T2BGMCA5HC019737,0.0,0
2023,safety-driver,Apple,2T2BGMCA5HC019818,12017.3,124
2023,safety-driver,Apple,2T2BGMCA6GC007983,7772.4,16
2023,safety-driver,Apple,2T2BGMCA6HC016667,2263.7,17
2023,safety-driver,Apple,2T2BGMCA6HC019228,3263.8,35
2023,safety-driver,Apple,2T2BGMCA7GC003781,7184.4,73
2023,safety-driver,Apple,2T2BGMCA7GC007068,13763.5,69
2023,safety-driver,Apple,2T2BGMCA7GC008382,0.0,0
2023,safety-driver,Apple,2T2BGMCA7HC014877,666.6,2
2023,safety-driver,Apple,2T2BGMCA7HC017262,5.6,1
2023,safety-driver,Apple,2T2BGMCA8GC003823,15175.3,158
2023,safety-driver,Apple,2T2BGMCA8GC003871,12782.1,61
2023,safety-driver,Apple,2T2BGMCA8GC007371,5115.4,76
2023,safety-driver,Apple,2T2BGMCA8GC008424,0.1,0
2023,safety-driver,Apple,2T2BGMCA8GC008505,1721.4,48
2023,safety-driver,Apple,2T2BGMCA8HC016136,13078.8,77
2023,safety-driver,Apple,2T2BGMCA8HC017772,585.3,7
2023,safety-driver,Apple,2T2BGMCA8HC019411,0.0,0
2023,safety-driver,Apple,2T2BGMCA8HC019540,12117.9,57
2023,safety-driver,Apple,2T2BGMCA8HC019876,4085.2,45
2023,safety-driver,Apple,2T2BGMCA8HC020137,6044.8,22
2023,safety-driver,Apple,2T2BGMCA9GC007394,2989.5,29
2023,safety-driver,Apple,2T2BGMCA9GC008464,0.0,0
2023,safety-driver,Apple,2T2BGMCA9HC019126,17794.5,185
2023,safety-driver,Apple,2T2BGMCA9HC019305,0.0,0
2023,safety-driver,Apple,2T2BGMCA9HC019532,16351.5,128
2023,safety-driver,Apple,2T2BGMCAXGC006416,4212.8,56
2023,safety-driver,Apple,2T2BGMCAXHC014310,0.0,0
2023,safety-driver,Apple,2T2BGMCAXHC018051,3441.4,12
2023,safety-driver,Apple,2T2BGMCAXHC018082,1415.4,9
2023,safety-driver,Apple,2T2BGMCAXHC019927,5763.7,16
2023,safety-driver,Apple,2T2BGMCAXHC020026,4775.1,25
2023,safety-driver,Aurora,5TDYRKEC7MS056267,700.26,47
2023,safety-driver,AutoX,2C4RC1N70LR289823,5.0,0
2023,safety-driver,AutoX,2C4RC1N70RL235194,0.0,0
2023,safety-driver,AutoX,2C4RC1N71LR235088,8.0,0
2023,safety-driver,AutoX,2C4RC1N71LR235205,0.0,0
2023,safety-driver,AutoX,2C4RC1N72LR235195,0.0,0
2023,safety-driver,AutoX,2C4RC1N72LR235200,0.0,0
2023,safety-driver,AutoX,2C4RC1N72LR287877,22.0,0
2023,safety-driver,AutoX,2C4RC1N72LR287880,0.0,0
2023,safety-driver,AutoX,2C4RC1N72LR289824,42.0,0
2023,safety-driver,AutoX,2C4RC1N73JR229418,0.0,0
2023,safety-driver,AutoX,2C4RC1N73LR235089,0.0,0
2023,safety-driver,AutoX,2C4RC1N73LR235190,0.0,0
2023,safety-driver,AutoX,2C4RC1N73LR235206,0.0,0
2023,safety-driver,AutoX,2C4RC1N73LR235903,0.0,0
2023,safety-driver,AutoX,2C4RC1N74LR235196,0.0,0
2023,safety-driver,AutoX,2C4RC1N74LR235201,0.0,0
2023,safety-driver,AutoX,2C4RC1N74LR287878,2.0,0
2023,safety-driver,AutoX,2C4RC1N74LR287881,3624.0,0
2023,safety-driver,AutoX,2C4RC1N74LR289825,8.0,0
2023,safety-driver,AutoX,2C4RC1N75LR235188,0.0,0
2023,safety-driver,AutoX,2C4RC1N75LR235191,0.0,0
2023,safety-driver,AutoX,2C4RC1N75LR235207,8.0,0
2023,safety-driver,AutoX,2C4RC1N75LR235904,0.0,0
2023,safety-driver,AutoX,2C4RC1N76LR235197,0.0,0
2023,safety-driver,AutoX,2C4RC1N76LR235202,0.0,0
2023,safety-driver,AutoX,2C4RC1N76LR287879,3768.0,0
2023,safety-driver,AutoX,2C4RC1N76LR287882,0.0,0
2023,safety-driver,AutoX,2C4RC1N77LR196426,3.0,0
2023,safety-driver,AutoX,2C4RC1N77LR235189,0.0,0
2023,safety-driver,AutoX,2C4RC1N77LR235192,337.0,0
2023,safety-driver,AutoX,2C4RC1N78LR235198,0.0,0
2023,safety-driver,AutoX,2C4RC1N78LR235203,9.0,0
2023,safety-driver,AutoX,2C4RC1N78LR239994,0.0,0
2023,safety-driver,AutoX,2C4RC1N79LR196427,0.0,0
2023,safety-driver,AutoX,2C4RC1N79LR235193,0.0,0
2023,safety-driver,AutoX,2C4RC1N79LR289822,34.0,0
2023,safety-driver,AutoX,2C4RC1N7XLR235087,0.0,0
2023,safety-driver,AutoX,2C4RC1N7XLR235199,0.0,0
2023,safety-driver,AutoX,2C4RC1N7XLR235204,0.0,0
2023,safety-driver,AutoX,3LN6L5LU1HR637709,0.0,0
2023,safety-driver,AutoX,3LN6L5MU5JR618391,0.0,0
2023,safety-driver,AutoX,3LN6L5MU9JR614778,0.0,0
2023,safety-driver,AutoX,3LN6L5MUXJR626177,0.0,0
2023,safety-driver,AutoX,3NL6L5MU8JR628090,0.0,0
2023,safety-driver,Bosch,WDD2221591A470147,24.32,5
2023,safety-driver,Bosch,WDD2221591A470497,532.88,225
2023,safety-driver,Bosch,WDD2221591A470796,202.11,84
2023,safety-driver,Cruise,5G21A6P00L4100037,3498.55,0
2023,safety-driver,Cruise,5G21A6P00L4100054,0.0,0
2023,safety-driver,Cruise,5G21A6P00L4100068,8562.81,0
2023,safety-driver,Cruise,5G21A6P00L4100085,3685.99,0
2023,safety-driver,Cruise,5G21A6P00L4100135,0.0,0
2023,safety-driver,Cruise,5G21A6P00N4118976,2431.42,0
2023,safety-driver,Cruise,5G21A6P00N4121599,0.0,0
2023,safety-driver,Cruise,5G21A6P00N4121604,0.0,0
2023,safety-driver,Cruise,5G21A6P00N4121618,11051.4,0
2023,safety-driver,Cruise,5G21A6P00N4121621,1940.44,0
2023,safety-driver,Cruise,5G21A6P00N4121635,0.0,0
2023,safety-driver,Cruise,5G21A6P00N4121666,0.0,0
2023,safety-driver,Cruise,5G21A6P00N4121697,0.0,0
2023,safety-driver,Cruise,5G21A6P00N4122106,0.0,0
2023,safety-driver,Cruise,5G21A6P00P4100061,0.0,0
2023,safety-driver,Cruise,5G21A6P00P4100075,719.71,0
2023,safety-driver,Cruise,5G21A6P00P4100092,0.0,0
2023,safety-driver,Cruise,5G21A6P00P4100593,301.58,0
2023,safety-driver,Cruise,5G21A6P00P4104675,229.98,0
2023,safety-driver,Cruise,5G21A6P00P4105356,401.9,0
2023,safety-driver,Cruise,5G21A6P00P4106894,0.0,0
2023,safety-driver,Cruise,5G21A6P00P4108449,1266.18,0
2023,safety-driver,Cruise,5G21A6P00P4109679,138.85,0
2023,safety-driver,Cruise,5G21A6P00P4109682,640.1,0
2023,safety-driver,Cruise,5G21A6P00P4110699,338.53,0
2023,safety-driver,Cruise,5G21A6P00P4110945,201.4,0
2023,safety-driver,Cruise,5G21A6P00P4112808,313.42,0
2023,safety-driver,Cruise,5G21A6P00P4115689,591.5,0
2023,safety-driver,Cruise,5G21A6P00P4116289,710.14,0
2023,safety-driver,Cruise,5G21A6P00P4117409,716.2,0
2023,safety-driver,Cruise,5G21A6P00P4117412,560.8,0
2023,safety-driver,Cruise,5G21A6P00P4117863,227.65,0
2023,safety-driver,Cruise,5G21A6P00P4119581,256.85,0
2023,safety-driver,Cruise,5G21A6P00P4122593,258.06,0
2023,safety-driver,Cruise,5G21A6P00P4122867,468.91,0
2023,safety-driver,Cruise,5G21A6P00P4125459,249.03,0
2023,safety-driver,Cruise,5G21A6P00P4127177,369.99,0
2023,safety-driver,Cruise,5G21A6P00P4127180,205.03,0
2023,safety-driver,Cruise,5G21A6P00P4129995,218.88,0
2023,safety-driver,Cruise,5G21A6P00P4130239,207.69,0
2023,safety-driver,Cruise,5G21A6P00P4131410,1005.15,0
2023,safety-driver,Cruise,5G21A6P00P4133304,595.11,0
2023,safety-driver,Cruise,5G21A6P00P4134274,174.17,0
2023,safety-driver,Cruise,5G21A6P00P4145727,957.82,0
2023,safety-driver,Cruise,5G21A6P00P4145730,0.0,0
2023,safety-driver,Cruise,5G21A6P00P4147106,0.0,0
2023,safety-driver,Cruise,5G21A6P00P4148871,0.0,0
2023,safety-driver,Cruise,5G21A6P00P4150524,0.0,0
2023,safety-driver,Cruise,5G21A6P00P4154167,377.4,0
2023,safety-driver,Cruise,5G21A6P00P4156419,0.0,0
2023,safety-driver,Cruise,5G21A6P00P4159157,0.0,0
2023,safety-driver,Cruise,5G21A6P00P4159403,0.0,0
2023,safety-driver,Cruise,5G21A6P00P4161362,0.0,0
2023,safety-driver,Cruise,5G21A6P00P4169171,0.01,0
2023,safety-driver,Cruise,5G21A6P01L4100046,4585.41,0
2023,safety-driver,Cruise,5G21A6P01L4100161,0.0,0
2023,safety-driver,Cruise,5G21A6P01N4121594,14807.92,0
2023,safety-driver,Cruise,5G21A6P01N4121627,0.0,0
2023,safety-driver,Cruise,5G21A6P01N4121661,0.0,0
2023,safety-driver,Cruise,5G21A6P01N4122101,299.79,0
2023,safety-driver,Cruise,5G21A6P01P4100070,0.0,0
2023,safety-driver,Cruise,5G21A6P01P4100098,0.0,0
2023,safety-driver,Cruise,5G21A6P01P4100117,0.0,0
2023,safety-driver,Cruise,5G21A6P01P4103504,383.87,0
2023,safety-driver,Cruise,5G21A6P01P4106113,0.0,0
2023,safety-driver,Cruise,5G21A6P01P4107939,515.94,0
2023,safety-driver,Cruise,5G21A6P01P4107942,2.44,0
2023,safety-driver,Cruise,5G21A6P01P4110940,792.65,0
2023,safety-driver,Cruise,5G21A6P01P4112199,4774.37,0
2023,safety-driver,Cruise,5G21A6P01P4112493,263.37,0
2023,safety-driver,Cruise,5G21A6P01P4114244,218.18,0
2023,safety-driver,Cruise,5G21A6P01P4114535,9.21,0
2023,safety-driver,Cruise,5G21A6P01P4115684,447.99,0
2023,safety-driver,Cruise,5G21A6P01P4115975,312.15,0
2023,safety-driver,Cruise,5G21A6P01P4117046,315.3,0
2023,safety-driver,Cruise,5G21A6P01P4120349,0.0,0
2023,safety-driver,Cruise,5G21A6P01P4121601,485.96,0
2023,safety-driver,Cruise,5G21A6P01P4122862,260.09,0
2023,safety-driver,Cruise,5G21A6P01P4124305,0.0,0
2023,safety-driver,Cruise,5G21A6P01P4125714,439.12,0
2023,safety-driver,Cruise,5G21A6P01P4126927,277.63,0
2023,safety-driver,Cruise,5G21A6P01P4127396,237.81,0
2023,safety-driver,Cruise,5G21A6P01P4127401,0.0,0
2023,safety-driver,Cruise,5G21A6P01P4128614,239.17,0
2023,safety-driver,Cruise,5G21A6P01P4128919,748.71,0
2023,safety-driver,Cruise,5G21A6P01P4128922,257.03,0
2023,safety-driver,Cruise,5G21A6P01P4130234,233.87,0
2023,safety-driver,Cruise,5G21A6P01P4133022,158.67,0
2023,safety-driver,Cruise,5G21A6P01P4141167,0.0,0
2023,safety-driver,Cruise,5G21A6P01P4149138,0.0,0
2023,safety-driver,Cruise,5G21A6P01P4154582,56.06,0
2023,safety-driver,Cruise,5G21A6P01P4156414,42.53,0
2023,safety-driver,Cruise,5G21A6P01P4157367,0.0,0
2023,safety-driver,Cruise,5G21A6P01P4157370,0.0,0
2023,safety-driver,Cruise,5G21A6P01P4157594,525.5,0
2023,safety-driver,Cruise,5G21A6P01P4178574,0.0,0
2023,safety-driver,Cruise,5G21A6P01P4178963,0.0,0
2023,safety-driver,Cruise,5G21A6P01P4181717,0.0,0
2023,safety-driver,Cruise,5G21A6P02L4100010,10596.46,0
2023,safety-driver,Cruise,5G21A6P02L4100086,11290.78,0
2023,safety-driver,Cruise,5G21A6P02L4100136,9530.56,0
2023,safety-driver,Cruise,5G21A6P02L4110407,0.0,0
2023,safety-driver,Cruise,5G21A6P02N4121085,6800.98,0
2023,safety-driver,Cruise,5G21A6P02N4121605,11381.02,0
2023,safety-driver,Cruise,5G21A6P02N4121619,13097.79,0
2023,safety-driver,Cruise,5G21A6P02N4121622,10861.41,0
2023,safety-driver,Cruise,5G21A6P02N4121653,0.0,0
2023,safety-driver,Cruise,5G21A6P02N4121667,0.0,0
2023,safety-driver,Cruise,5G21A6P02N4121684,483.83,0
2023,safety-driver,Cruise,5G21A6P02N4121698,0.0,0
2023,safety-driver,Cruise,5G21A6P02N4122107,0.0,0
2023,safety-driver,Cruise,5G21A6P02P4100059,0.0,0
2023,safety-driver,Cruise,5G21A6P02P4100076,0.0,0
2023,safety-driver,Cruise,5G21A6P02P4100112,37.49,0
2023,safety-driver,Cruise,5G21A6P02P4100126,0.0,0
2023,safety-driver,Cruise,5G21A6P02P4101681,47.9,0
2023,safety-driver,Cruise,5G21A6P02P4103057,0.0,0
2023,safety-driver,Cruise,5G21A6P02P4103060,0.0,0
2023,safety-driver,Cruise,5G21A6P02P4104676,0.0,0
2023,safety-driver,Cruise,5G21A6P02P4105357,52.58,0
2023,safety-driver,Cruise,5G21A6P02P4106895,5945.77,0
2023,safety-driver,Cruise,5G21A6P02P4109683,442.67,0
2023,safety-driver,Cruise,5G21A6P02P4110946,238.09,0
2023,safety-driver,Cruise,5G21A6P02P4112809,5376.21,0
2023,safety-driver,Cruise,5G21A6P02P4114530,930.05,0
2023,safety-driver,Cruise,5G21A6P02P4117413,407.28,0
2023,safety-driver,Cruise,5G21A6P02P4117864,473.37,0
2023,safety-driver,Cruise,5G21A6P02P4119579,364.44,0
2023,safety-driver,Cruise,5G21A6P02P4119582,191.96,0
2023,safety-driver,Cruise,5G21A6P02P4123194,275.49,0
2023,safety-driver,Cruise,5G21A6P02P4124300,72.7,0
2023,safety-driver,Cruise,5G21A6P02P4127178,208.3,0
2023,safety-driver,Cruise,5G21A6P02P4129996,904.35,0
2023,safety-driver,Cruise,5G21A6P02P4131411,119.79,0
2023,safety-driver,Cruise,5G21A6P02P4133305,5623.95,0
2023,safety-driver,Cruise,5G21A6P02P4134275,286.56,0
2023,safety-driver,Cruise,5G21A6P02P4145728,0.0,0
2023,safety-driver,Cruise,5G21A6P02P4145731,0.0,0
2023,safety-driver,Cruise,5G21A6P02P4152355,0.0,0
2023,safety-driver,Cruise,5G21A6P02P4152517,0.0,0
2023,safety-driver,Cruise,5G21A6P02P4152727,0.0,0
2023,safety-driver,Cruise,5G21A6P02P4152730,59.39,0
2023,safety-driver,Cruise,5G21A6P02P4159158,0.0,0
2023,safety-driver,Cruise,5G21A6P02P4165512,66.48,0
2023,safety-driver,Cruise,5G21A6P02P4169057,250.87,0
2023,safety-driver,Cruise,5G21A6P03L4100016,170.21,0
2023,safety-driver,Cruise,5G21A6P03L4100047,12359.95,0
2023,safety-driver,Cruise,5G21A6P03L4100050,11945.1,0
2023,safety-driver,Cruise,5G21A6P03N4121595,9445.47,0
2023,safety-driver,Cruise,5G21A6P03N4121659,0.0,0
2023,safety-driver,Cruise,5G21A6P03N4122102,0.0,0
2023,safety-driver,Cruise,5G21A6P03P4100054,0.0,0
2023,safety-driver,Cruise,5G21A6P03P4100071,0.0,0
2023,safety-driver,Cruise,5G21A6P03P4100085,0.0,0
2023,safety-driver,Cruise,5G21A6P03P4100104,0.0,0
2023,safety-driver,Cruise,5G21A6P03P4107943,258.52,0
2023,safety-driver,Cruise,5G21A6P03P4108445,97.08,0
2023,safety-driver,Cruise,5G21A6P03P4110700,303.98,0
2023,safety-driver,Cruise,5G21A6P03P4110941,267.8,0
2023,safety-driver,Cruise,5G21A6P03P4114245,307.75,0
2023,safety-driver,Cruise,5G21A6P03P4114536,417.26,0
2023,safety-driver,Cruise,5G21A6P03P4115685,363.12,0
2023,safety-driver,Cruise,5G21A6P03P4115976,345.45,0
2023,safety-driver,Cruise,5G21A6P03P4116285,854.67,0
2023,safety-driver,Cruise,5G21A6P03P4117047,518.85,0
2023,safety-driver,Cruise,5G21A6P03P4117050,477.0,0
2023,safety-driver,Cruise,5G21A6P03P4119915,0.0,0
2023,safety-driver,Cruise,5G21A6P03P4121602,173.16,0
2023,safety-driver,Cruise,5G21A6P03P4122586,349.37,0
2023,safety-driver,Cruise,5G21A6P03P4125164,256.79,0
2023,safety-driver,Cruise,5G21A6P03P4125455,151.78,0
2023,safety-driver,Cruise,5G21A6P03P4125715,277.94,0
2023,safety-driver,Cruise,5G21A6P03P4126928,373.84,0
2023,safety-driver,Cruise,5G21A6P03P4126931,439.23,0
2023,safety-driver,Cruise,5G21A6P03P4127397,227.31,0
2023,safety-driver,Cruise,5G21A6P03P4128615,339.43,0
2023,safety-driver,Cruise,5G21A6P03P4130235,200.68,0
2023,safety-driver,Cruise,5G21A6P03P4134527,540.49,0
2023,safety-driver,Cruise,5G21A6P03P4141171,0.0,0
2023,safety-driver,Cruise,5G21A6P03P4142417,0.0,0
2023,safety-driver,Cruise,5G21A6P03P4144247,0.0,0
2023,safety-driver,Cruise,5G21A6P03P4145124,5.13,0
2023,safety-driver,Cruise,5G21A6P03P4148606,0.0,0
2023,safety-driver,Cruise,5G21A6P03P4149142,0.0,0
2023,safety-driver,Cruise,5G21A6P03P4159153,0.0,0
2023,safety-driver,Cruise,5G21A6P03P4167348,429.76,0
2023,safety-driver,Cruise,5G21A6P04L4100008,11467.18,0
2023,safety-driver,Cruise,5G21A6P04L4100025,8246.47,0
2023,safety-driver,Cruise,5G21A6P04L4100123,8111.81,0
2023,safety-driver,Cruise,5G21A6P04L4100140,9178.27,0
2023,safety-driver,Cruise,5G21A6P04N4113005,0.0,0
2023,safety-driver,Cruise,5G21A6P04N4121086,7815.12,0
2023,safety-driver,Cruise,5G21A6P04N4121606,10951.8,0
2023,safety-driver,Cruise,5G21A6P04N4121623,6302.49,0
2023,safety-driver,Cruise,5G21A6P04N4121637,0.0,0
2023,safety-driver,Cruise,5G21A6P04N4121654,0.0,0
2023,safety-driver,Cruise,5G21A6P04N4121668,1166.74,0
2023,safety-driver,Cruise,5G21A6P04N4122108,0.0,0
2023,safety-driver,Cruise,5G21A6P04P4100094,0.0,0
2023,safety-driver,Cruise,5G21A6P04P4100127,354.74,0
2023,safety-driver,Cruise,5G21A6P04P4100130,228.14,0
2023,safety-driver,Cruise,5G21A6P04P4101679,152.9,0
2023,safety-driver,Cruise,5G21A6P04P4101682,0.0,0
2023,safety-driver,Cruise,5G21A6P04P4104677,0.0,0
2023,safety-driver,Cruise,5G21A6P04P4104680,345.92,0
2023,safety-driver,Cruise,5G21A6P04P4105358,0.0,0
2023,safety-driver,Cruise,5G21A6P04P4106896,619.6,0
2023,safety-driver,Cruise,5G21A6P04P4112200,269.69,0
2023,safety-driver,Cruise,5G21A6P04P4114531,461.55,0
2023,safety-driver,Cruise,5G21A6P04P4115971,248.42,0
2023,safety-driver,Cruise,5G21A6P04P4117414,199.88,0
2023,safety-driver,Cruise,5G21A6P04P4117865,294.96,0
2023,safety-driver,Cruise,5G21A6P04P4119583,205.44,0
2023,safety-driver,Cruise,5G21A6P04P4124301,7089.52,0
2023,safety-driver,Cruise,5G21A6P04P4125710,0.0,0
2023,safety-driver,Cruise,5G21A6P04P4127179,0.0,0
2023,safety-driver,Cruise,5G21A6P04P4128610,0.0,0
2023,safety-driver,Cruise,5G21A6P04P4128915,495.48,0
2023,safety-driver,Cruise,5G21A6P04P4129997,376.8,0
2023,safety-driver,Cruise,5G21A6P04P4131409,255.66,0
2023,safety-driver,Cruise,5G21A6P04P4133306,0.0,0
2023,safety-driver,Cruise,5G21A6P04P4134276,2085.19,0
2023,safety-driver,Cruise,5G21A6P04P4136321,0.0,0
2023,safety-driver,Cruise,5G21A6P04P4159159,0.0,0
2023,safety-driver,Cruise,5G21A6P04P4161087,0.0,0
2023,safety-driver,Cruise,5G21A6P04P4169058,0.01,0
2023,safety-driver,Cruise,5G21A6P04P4169173,79.39,0
2023,safety-driver,Cruise,5G21A6P05L4100003,0.0,0
2023,safety-driver,Cruise,5G21A6P05N4121596,10062.83,0
2023,safety-driver,Cruise,5G21A6P05N4121601,0.0,0
2023,safety-driver,Cruise,5G21A6P05N4121694,0.0,0
2023,safety-driver,Cruise,5G21A6P05N4122098,0.0,0
2023,safety-driver,Cruise,5G21A6P05N4122103,331.29,0
2023,safety-driver,Cruise,5G21A6P05P4100055,685.25,0
2023,safety-driver,Cruise,5G21A6P05P4100105,0.0,0
2023,safety-driver,Cruise,5G21A6P05P4100119,0.0,0
2023,safety-driver,Cruise,5G21A6P05P4100122,0.0,0
2023,safety-driver,Cruise,5G21A6P05P4102131,0.0,0
2023,safety-driver,Cruise,5G21A6P05P4107944,911.92,0
2023,safety-driver,Cruise,5G21A6P05P4108446,321.4,0
2023,safety-driver,Cruise,5G21A6P05P4110696,291.9,0
2023,safety-driver,Cruise,5G21A6P05P4110701,201.06,0
2023,safety-driver,Cruise,5G21A6P05P4110942,326.59,0
2023,safety-driver,Cruise,5G21A6P05P4112805,323.02,0
2023,safety-driver,Cruise,5G21A6P05P4114246,216.84,0
2023,safety-driver,Cruise,5G21A6P05P4114537,7143.19,0
2023,safety-driver,Cruise,5G21A6P05P4115686,415.43,0
2023,safety-driver,Cruise,5G21A6P05P4115977,853.13,0
2023,safety-driver,Cruise,5G21A6P05P4116286,252.95,0
2023,safety-driver,Cruise,5G21A6P05P4117048,356.41,0
2023,safety-driver,Cruise,5G21A6P05P4117051,277.19,0
2023,safety-driver,Cruise,5G21A6P05P4122590,0.0,0
2023,safety-driver,Cruise,5G21A6P05P4122864,236.59,0
2023,safety-driver,Cruise,5G21A6P05P4123190,279.43,0
2023,safety-driver,Cruise,5G21A6P05P4125165,0.0,0
2023,safety-driver,Cruise,5G21A6P05P4126929,244.07,0
2023,safety-driver,Cruise,5G21A6P05P4127174,229.71,0
2023,safety-driver,Cruise,5G21A6P05P4127398,242.84,0
2023,safety-driver,Cruise,5G21A6P05P4130236,302.24,0
2023,safety-driver,Cruise,5G21A6P05P4133024,189.56,0
2023,safety-driver,Cruise,5G21A6P05P4134528,280.88,0
2023,safety-driver,Cruise,5G21A6P05P4137574,0.0,0
2023,safety-driver,Cruise,5G21A6P05P4137848,0.0,0
2023,safety-driver,Cruise,5G21A6P05P4144038,0.0,0
2023,safety-driver,Cruise,5G21A6P05P4147103,0.0,0
2023,safety-driver,Cruise,5G21A6P05P4154164,0.0,0
2023,safety-driver,Cruise,5G21A6P05P4157369,8.12,0
2023,safety-driver,Cruise,5G21A6P05P4159154,0.0,0
2023,safety-driver,Cruise,5G21A6P05P4159672,54.8,0
2023,safety-driver,Cruise,5G21A6P06L4100057,12817.0,0
2023,safety-driver,Cruise,5G21A6P06L4100074,7258.8,0
2023,safety-driver,Cruise,5G21A6P06L4100124,1863.21,0
2023,safety-driver,Cruise,5G21A6P06L4100141,0.0,0
2023,safety-driver,Cruise,5G21A6P06N4121624,248.23,0
2023,safety-driver,Cruise,5G21A6P06N4121638,0.0,0
2023,safety-driver,Cruise,5G21A6P06N4121641,0.0,0
2023,safety-driver,Cruise,5G21A6P06N4121655,0.0,0
2023,safety-driver,Cruise,5G21A6P06N4121672,0.0,0
2023,safety-driver,Cruise,5G21A6P06N4121686,0.0,0
2023,safety-driver,Cruise,5G21A6P06N4122109,476.47,0
2023,safety-driver,Cruise,5G21A6P06P4100064,0.0,0
2023,safety-driver,Cruise,5G21A6P06P4100100,0.0,0
2023,safety-driver,Cruise,5G21A6P06P4101683,0.0,0
2023,safety-driver,Cruise,5G21A6P06P4103059,0.0,0
2023,safety-driver,Cruise,5G21A6P06P4103062,0.0,0
2023,safety-driver,Cruise,5G21A6P06P4104681,0.0,0
2023,safety-driver,Cruise,5G21A6P06P4105359,0.0,0
2023,safety-driver,Cruise,5G21A6P06P4105362,0.0,0
2023,safety-driver,Cruise,5G21A6P06P4106107,0.0,0
2023,safety-driver,Cruise,5G21A6P06P4106897,232.92,0
2023,safety-driver,Cruise,5G21A6P06P4107936,0.0,0
2023,safety-driver,Cruise,5G21A6P06P4112196,266.66,0
2023,safety-driver,Cruise,5G21A6P06P4112201,323.47,0
2023,safety-driver,Cruise,5G21A6P06P4112487,293.19,0
2023,safety-driver,Cruise,5G21A6P06P4112490,18.71,0
2023,safety-driver,Cruise,5G21A6P06P4114241,661.35,0
2023,safety-driver,Cruise,5G21A6P06P4114532,237.84,0
2023,safety-driver,Cruise,5G21A6P06P4115972,207.16,0
2023,safety-driver,Cruise,5G21A6P06P4117415,383.34,0
2023,safety-driver,Cruise,5G21A6P06P4117866,475.41,0
2023,safety-driver,Cruise,5G21A6P06P4119584,231.43,0
2023,safety-driver,Cruise,5G21A6P06P4119911,173.01,0
2023,safety-driver,Cruise,5G21A6P06P4125160,203.77,0
2023,safety-driver,Cruise,5G21A6P06P4125711,0.0,0
2023,safety-driver,Cruise,5G21A6P06P4128611,215.03,0
2023,safety-driver,Cruise,5G21A6P06P4128916,227.1,0
2023,safety-driver,Cruise,5G21A6P06P4129998,107.09,0
2023,safety-driver,Cruise,5G21A6P06P4133307,84.33,0
2023,safety-driver,Cruise,5G21A6P06P4136028,719.63,0
2023,safety-driver,Cruise,5G21A6P06P4139611,0.0,0
2023,safety-driver,Cruise,5G21A6P06P4140936,457.35,0
2023,safety-driver,Cruise,5G21A6P06P4143576,50.74,0
2023,safety-driver,Cruise,5G21A6P06P4145120,0.0,0
2023,safety-driver,Cruise,5G21A6P06P4152357,18.04,0
2023,safety-driver,Cruise,5G21A6P06P4161088,61.66,0
2023,safety-driver,Cruise,5G21A6P06P4161365,0.0,0
2023,safety-driver,Cruise,5G21A6P06P4178571,0.0,0
2023,safety-driver,Cruise,5G21A6P07L4100004,9629.89,0
2023,safety-driver,Cruise,5G21A6P07L4100049,11428.31,0
2023,safety-driver,Cruise,5G21A6P07L4100083,6158.38,0
2023,safety-driver,Cruise,5G21A6P07N4118876,0.01,0
2023,safety-driver,Cruise,5G21A6P07N4121597,3514.48,0
2023,safety-driver,Cruise,5G21A6P07N4121602,8991.68,0
2023,safety-driver,Cruise,5G21A6P07N4121616,12072.4,0
2023,safety-driver,Cruise,5G21A6P07N4121664,0.0,0
2023,safety-driver,Cruise,5G21A6P07N4122099,0.0,0
2023,safety-driver,Cruise,5G21A6P07P4100056,0.0,0
2023,safety-driver,Cruise,5G21A6P07P4100123,0.0,0
2023,safety-driver,Cruise,5G21A6P07P4102129,0.0,0
2023,safety-driver,Cruise,5G21A6P07P4102132,0.0,0
2023,safety-driver,Cruise,5G21A6P07P4103507,950.56,0
2023,safety-driver,Cruise,5G21A6P07P4104673,17.29,0
2023,safety-driver,Cruise,5G21A6P07P4106892,257.15,0
2023,safety-driver,Cruise,5G21A6P07P4107945,378.1,0
2023,safety-driver,Cruise,5G21A6P07P4108447,0.0,0
2023,safety-driver,Cruise,5G21A6P07P4108450,200.64,0
2023,safety-driver,Cruise,5G21A6P07P4109677,245.29,0
2023,safety-driver,Cruise,5G21A6P07P4109680,526.76,0
2023,safety-driver,Cruise,5G21A6P07P4110697,254.39,0
2023,safety-driver,Cruise,5G21A6P07P4110702,353.54,0
2023,safety-driver,Cruise,5G21A6P07P4110943,431.2,0
2023,safety-driver,Cruise,5G21A6P07P4112806,560.83,0
2023,safety-driver,Cruise,5G21A6P07P4114247,751.76,0
2023,safety-driver,Cruise,5G21A6P07P4115687,249.99,0
2023,safety-driver,Cruise,5G21A6P07P4115690,350.27,0
2023,safety-driver,Cruise,5G21A6P07P4116287,0.0,0
2023,safety-driver,Cruise,5G21A6P07P4116290,292.59,0
2023,safety-driver,Cruise,5G21A6P07P4117049,226.89,0
2023,safety-driver,Cruise,5G21A6P07P4117410,241.35,0
2023,safety-driver,Cruise,5G21A6P07P4122591,8161.85,0
2023,safety-driver,Cruise,5G21A6P07P4122865,292.82,0
2023,safety-driver,Cruise,5G21A6P07P4123188,287.29,0
2023,safety-driver,Cruise,5G21A6P07P4125457,360.37,0
2023,safety-driver,Cruise,5G21A6P07P4127175,391.62,0
2023,safety-driver,Cruise,5G21A6P07P4127399,0.0,0
2023,safety-driver,Cruise,5G21A6P07P4133025,7418.34,0
2023,safety-driver,Cruise,5G21A6P07P4133302,707.6,0
2023,safety-driver,Cruise,5G21A6P07P4144039,0.0,0
2023,safety-driver,Cruise,5G21A6P07P4156417,52.43,0
2023,safety-driver,Cruise,5G21A6P07P4167756,286.31,0
2023,safety-driver,Cruise,5G21A6P07P4180412,0.0,0
2023,safety-driver,Cruise,5G21A6P08L4100030,0.0,0
2023,safety-driver,Cruise,5G21A6P08L4100044,4574.36,0
2023,safety-driver,Cruise,5G21A6P08L4100075,8284.6,0
2023,safety-driver,Cruise,5G21A6P08L4100125,10745.75,0
2023,safety-driver,Cruise,5G21A6P08L4100142,8140.54,0
2023,safety-driver,Cruise,5G21A6P08L4100187,13729.93,0
2023,safety-driver,Cruise,5G21A6P08N4121608,0.0,0
2023,safety-driver,Cruise,5G21A6P08N4121625,0.0,0
2023,safety-driver,Cruise,5G21A6P08N4121642,0.0,0
2023,safety-driver,Cruise,5G21A6P08N4121656,0.0,0
2023,safety-driver,Cruise,5G21A6P08N4121673,0.0,0
2023,safety-driver,Cruise,5G21A6P08P4100051,0.0,0
2023,safety-driver,Cruise,5G21A6P08P4100096,0.0,0
2023,safety-driver,Cruise,5G21A6P08P4100115,0.0,0
2023,safety-driver,Cruise,5G21A6P08P4100132,0.0,0
2023,safety-driver,Cruise,5G21A6P08P4102124,0.0,0
2023,safety-driver,Cruise,5G21A6P08P4103502,0.0,0
2023,safety-driver,Cruise,5G21A6P08P4104679,0.0,0
2023,safety-driver,Cruise,5G21A6P08P4105363,215.85,0
2023,safety-driver,Cruise,5G21A6P08P4106108,0.0,0
2023,safety-driver,Cruise,5G21A6P08P4106111,0.0,0
2023,safety-driver,Cruise,5G21A6P08P4106898,394.2,0
2023,safety-driver,Cruise,5G21A6P08P4107937,335.04,0
2023,safety-driver,Cruise,5G21A6P08P4107940,314.08,0
2023,safety-driver,Cruise,5G21A6P08P4112197,311.93,0
2023,safety-driver,Cruise,5G21A6P08P4112202,263.33,0
2023,safety-driver,Cruise,5G21A6P08P4112488,184.58,0
2023,safety-driver,Cruise,5G21A6P08P4112491,493.0,0
2023,safety-driver,Cruise,5G21A6P08P4114242,436.05,0
2023,safety-driver,Cruise,5G21A6P08P4114533,230.71,0
2023,safety-driver,Cruise,5G21A6P08P4117867,286.03,0
2023,safety-driver,Cruise,5G21A6P08P4119909,5005.84,0
2023,safety-driver,Cruise,5G21A6P08P4122860,188.93,0
2023,safety-driver,Cruise,5G21A6P08P4124303,167.34,0
2023,safety-driver,Cruise,5G21A6P08P4125158,252.86,0
2023,safety-driver,Cruise,5G21A6P08P4125712,282.03,0
2023,safety-driver,Cruise,5G21A6P08P4126925,0.0,0
2023,safety-driver,Cruise,5G21A6P08P4128609,315.89,0
2023,safety-driver,Cruise,5G21A6P08P4128612,161.52,0
2023,safety-driver,Cruise,5G21A6P08P4128917,260.4,0
2023,safety-driver,Cruise,5G21A6P08P4128920,0.0,0
2023,safety-driver,Cruise,5G21A6P08P4129999,0.0,0
2023,safety-driver,Cruise,5G21A6P08P4130232,516.95,0
2023,safety-driver,Cruise,5G21A6P08P4133020,329.62,0
2023,safety-driver,Cruise,5G21A6P08P4139612,0.0,0
2023,safety-driver,Cruise,5G21A6P08P4145118,0.0,0
2023,safety-driver,Cruise,5G21A6P09L4100036,0.0,0
2023,safety-driver,Cruise,5G21A6P09L4100070,12029.94,0
2023,safety-driver,Cruise,5G21A6P09L4100117,4716.62,0
2023,safety-driver,Cruise,5G21A6P09L4100134,0.0,0
2023,safety-driver,Cruise,5G21A6P09L4100182,7660.55,0
2023,safety-driver,Cruise,5G21A6P09N4121603,9759.42,0
2023,safety-driver,Cruise,5G21A6P09N4121620,3846.63,0
2023,safety-driver,Cruise,5G21A6P09N4121648,1005.48,0
2023,safety-driver,Cruise,5G21A6P09N4121651,0.0,0
2023,safety-driver,Cruise,5G21A6P09N4121665,0.0,0
2023,safety-driver,Cruise,5G21A6P09N4121679,649.9,0
2023,safety-driver,Cruise,5G21A6P09N4121682,0.0,0
2023,safety-driver,Cruise,5G21A6P09P4100060,704.87,0
2023,safety-driver,Cruise,5G21A6P09P4100074,8588.49,0
2023,safety-driver,Cruise,5G21A6P09P4100110,0.0,0
2023,safety-driver,Cruise,5G21A6P09P4100124,0.0,0
2023,safety-driver,Cruise,5G21A6P09P4103508,0.0,0
2023,safety-driver,Cruise,5G21A6P09P4104674,0.0,0
2023,safety-driver,Cruise,5G21A6P09P4105355,174.96,0
2023,safety-driver,Cruise,5G21A6P09P4106893,53.89,0
2023,safety-driver,Cruise,5G21A6P09P4108448,273.11,0
2023,safety-driver,Cruise,5G21A6P09P4108451,737.55,0
2023,safety-driver,Cruise,5G21A6P09P4109678,250.09,0
2023,safety-driver,Cruise,5G21A6P09P4109681,279.05,0
2023,safety-driver,Cruise,5G21A6P09P4110698,434.42,0
2023,safety-driver,Cruise,5G21A6P09P4110703,202.87,0
2023,safety-driver,Cruise,5G21A6P09P4110944,448.52,0
2023,safety-driver,Cruise,5G21A6P09P4112807,396.68,0
2023,safety-driver,Cruise,5G21A6P09P4112810,266.67,0
2023,safety-driver,Cruise,5G21A6P09P4115688,465.83,0
2023,safety-driver,Cruise,5G21A6P09P4116288,281.16,0
2023,safety-driver,Cruise,5G21A6P09P4117411,245.95,0
2023,safety-driver,Cruise,5G21A6P09P4122589,267.59,0
2023,safety-driver,Cruise,5G21A6P09P4122592,508.73,0
2023,safety-driver,Cruise,5G21A6P09P4122866,218.73,0
2023,safety-driver,Cruise,5G21A6P09P4123192,0.0,0
2023,safety-driver,Cruise,5G21A6P09P4125461,600.94,0
2023,safety-driver,Cruise,5G21A6P09P4127176,386.02,0
2023,safety-driver,Cruise,5G21A6P09P4129994,336.35,0
2023,safety-driver,Cruise,5G21A6P09P4130000,5327.02,0
2023,safety-driver,Cruise,5G21A6P09P4130238,636.53,0
2023,safety-driver,Cruise,5G21A6P09P4133303,222.21,0
2023,safety-driver,Cruise,5G21A6P09P4134273,140.25,0
2023,safety-driver,Cruise,5G21A6P09P4145726,0.0,0
2023,safety-driver,Cruise,5G21A6P09P4150778,0.0,0
2023,safety-driver,Cruise,5G21A6P09P4151042,0.0,0
2023,safety-driver,Cruise,5G21A6P09P4154376,63.7,0
2023,safety-driver,Cruise,5G21A6P09P4157598,112.91,0
2023,safety-driver,Cruise,5G21A6P09P4177219,0.0,0
2023,safety-driver,Cruise,5G21A6P09P4180217,0.0,0
2023,safety-driver,Cruise,5G21A6P09P4180413,0.0,0
2023,safety-driver,Cruise,5G21A6P0XL4100045,8526.31,0
2023,safety-driver,Cruise,5G21A6P0XL4100188,7603.91,0
2023,safety-driver,Cruise,5G21A6P0XN4121609,14406.95,0
2023,safety-driver,Cruise,5G21A6P0XN4121612,0.0,0
2023,safety-driver,Cruise,5G21A6P0XN4121626,0.0,0
2023,safety-driver,Cruise,5G21A6P0XN4121657,463.17,0
2023,safety-driver,Cruise,5G21A6P0XN4122100,0.0,0
2023,safety-driver,Cruise,5G21A6P0XP4100049,741.54,0
2023,safety-driver,Cruise,5G21A6P0XP4100052,0.0,0
2023,safety-driver,Cruise,5G21A6P0XP4100066,0.0,0
2023,safety-driver,Cruise,5G21A6P0XP4100083,389.7,0
2023,safety-driver,Cruise,5G21A6P0XP4100116,0.0,0
2023,safety-driver,Cruise,5G21A6P0XP4100133,0.0,0
2023,safety-driver,Cruise,5G21A6P0XP4102125,0.0,0
2023,safety-driver,Cruise,5G21A6P0XP4105364,2.32,0
2023,safety-driver,Cruise,5G21A6P0XP4106109,0.0,0
2023,safety-driver,Cruise,5G21A6P0XP4106112,511.18,0
2023,safety-driver,Cruise,5G21A6P0XP4107938,206.05,0
2023,safety-driver,Cruise,5G21A6P0XP4107941,0.0,0
2023,safety-driver,Cruise,5G21A6P0XP4112198,425.0,0
2023,safety-driver,Cruise,5G21A6P0XP4112489,212.62,0
2023,safety-driver,Cruise,5G21A6P0XP4112492,304.31,0
2023,safety-driver,Cruise,5G21A6P0XP4114243,369.18,0
2023,safety-driver,Cruise,5G21A6P0XP4114534,282.57,0
2023,safety-driver,Cruise,5G21A6P0XP4115974,271.22,0
2023,safety-driver,Cruise,5G21A6P0XP4117045,225.62,0
2023,safety-driver,Cruise,5G21A6P0XP4117868,235.31,0
2023,safety-driver,Cruise,5G21A6P0XP4119913,213.18,0
2023,safety-driver,Cruise,5G21A6P0XP4120348,203.2,0
2023,safety-driver,Cruise,5G21A6P0XP4120351,362.96,0
2023,safety-driver,Cruise,5G21A6P0XP4122861,233.13,0
2023,safety-driver,Cruise,5G21A6P0XP4124299,380.85,0
2023,safety-driver,Cruise,5G21A6P0XP4124304,0.0,0
2023,safety-driver,Cruise,5G21A6P0XP4125159,0.0,0
2023,safety-driver,Cruise,5G21A6P0XP4125162,513.16,0
2023,safety-driver,Cruise,5G21A6P0XP4125713,0.0,0
2023,safety-driver,Cruise,5G21A6P0XP4127400,256.09,0
2023,safety-driver,Cruise,5G21A6P0XP4128613,0.0,0
2023,safety-driver,Cruise,5G21A6P0XP4128918,269.52,0
2023,safety-driver,Cruise,5G21A6P0XP4128921,654.48,0
2023,safety-driver,Cruise,5G21A6P0XP4130233,5623.95,0
2023,safety-driver,Cruise,5G21A6P0XP4133021,243.45,0
2023,safety-driver,Cruise,5G21A6P0XP4134525,235.53,0
2023,safety-driver,Cruise,5G21A6P0XP4136324,53.82,0
2023,safety-driver,Cruise,5G21A6P0XP4140938,0.0,0
2023,safety-driver,Cruise,5G21A6P0XP4145119,0.0,0
2023,safety-driver,Cruise,5G21A6P0XP4145122,12.69,0
2023,safety-driver,Cruise,5G21A6P0XP4147100,0.0,0
2023,safety-driver,Cruise,5G21A6P0XP4155908,0.0,0
2023,safety-driver,Cruise,5G21A6P0XP4157593,0.0,0
2023,safety-driver,Cruise,5G21A6P0XP4163930,200.13,0
2023,safety-driver,Cruise,5G21A6P0XP4178573,0.0,0
2023,safety-driver,DiDi,3LN6L5LU2HR663008,0.0,0
2023,safety-driver,DiDi,3LN6L5LU5JR619400,0.0,0
2023,safety-driver,DiDi,3LN6L5MU0JR618055,1285.9,0
2023,safety-driver,DiDi,3LN6L5MU1JR609431,1408.7,1
2023,safety-driver,DiDi,3LN6L5MU3JR619538,0.0,0
2023,safety-driver,DiDi,3LN6L5MU4JR608032,0.0,0
2023,safety-driver,DiDi,3LN6L5MU4JR609133,0.0,0
2023,safety-driver,DiDi,3LN6L5MU4JR611142,918.2,0
2023,safety-driver,DiDi,3LN6L5MU5JR618049,79.6,0
2023,safety-driver,DiDi,3LN6L5MU7JR611619,311.7,0
2023,safety-driver,Gatik,52CG2DGA7J0017503,0.0,0
2023,safety-driver,Gatik,NM0GS9F26K1412410,0.0,0
2023,safety-driver,Gatik,NM0LS7F25K1413020,634.0,2
2023,safety-driver,Ghost Autonomy,4T1BF1FK0HU317251,5279.3,60
2023,safety-driver,Ghost Autonomy,4T1BF1FK3HU411088,7935.4,164
2023,safety-driver,Ghost Autonomy,4T1BF1FK3HU693877,11133.3,233
2023,safety-driver,Ghost Autonomy,4T1BF1FK4HU271830,0.0,0
2023,safety-driver,Ghost Autonomy,4T1BF1FK6HU377311,2269.6,21
2023,safety-driver,Ghost Autonomy,4T1BF1FK6HU452251,10403.7,216
2023,safety-driver,Ghost Autonomy,4T1BF1FK6HU734745,820.2,6
2023,safety-driver,Ghost Autonomy,4T1BF1FK7HU356953,34.5,0
2023,safety-driver,Ghost Autonomy,4T1BF1FK7HU433000,8095.0,204
2023,safety-driver,Ghost Autonomy,SALWS2RU6MA760657,3926.7,77
2023,safety-driver,Ghost Autonomy,SALWS2RU9MA749619,2873.1,53
2023,safety-driver,Imagry,KNDCB3LC8J5206489,397.07,61
2023,safety-driver,Imagry,KNDCB3LCOJ5177246,326.49,63
2023,safety-driver,Mercedes-Benz,W1K2230611A011273,0.0,0
2023,safety-driver,Mercedes-Benz,W1K2230611A082681,0.0,0
2023,safety-driver,Mercedes-Benz,W1K2230631A002956,0.0,0
2023,safety-driver,Mercedes-Benz,W1K2230631A014108,0.0,0
2023,safety-driver,Mercedes-Benz,W1K2230631A018149,2040.557562,0
2023,safety-driver,Mercedes-Benz,W1K2230631A026670,0.0,0
2023,safety-driver,Mercedes-Benz,W1K2230631A026690,0.0,0
2023,safety-driver,Mercedes-Benz,W1K2230761A175959,0.0,0
2023,safety-driver,Mercedes-Benz,W1K2231301A013981,2754.012663,0
2023,safety-driver,Mercedes-Benz,W1K2231331A002576,0.0,0
2023,safety-driver,Mercedes-Benz,W1K2231331A002620,0.0,0
2023,safety-driver,Mercedes-Benz,W1K2231601A014020,0.0,0
2023,safety-driver,Mercedes-Benz,W1K2231601A014075,0.0,0
2023,safety-driver,Mercedes-Benz,W1K2231601A026674,0.0,0
2023,safety-driver,Mercedes-Benz,W1K2231601A026688,0.0,0
2023,safety-driver,Mercedes-Benz,W1K2231611A014077,0.0,0
2023,safety-driver,Mercedes-Benz,W1K2231611A026595,0.0,0
2023,safety-driver,Mercedes-Benz,W1K2231611A026672,0.0,0
2023,safety-driver,Mercedes-Benz,W1K2231631A014115,0.0,0
2023,safety-driver,Mercedes-Benz,W1K2231631A014154,0.0,0
2023,safety-driver,Mercedes-Benz,W1K2231631A026703,0.0,0
2023,safety-driver,Mercedes-Benz,W1K2231631A082628,0.0,0
2023,safety-driver,Mercedes-Benz,W1K2231761A013986,1868.630607,0
2023,safety-driver,Mercedes-Benz,W1K2231761A013993,3166.320024,0
2023,safety-driver,Mercedes-Benz,W1K2231761A014087,0.0,0
2023,safety-driver,Mercedes-Benz,W1K2231761A026591,2405.960793,0
2023,safety-driver,Mercedes-Benz,W1K2231761A026613,0.0,0
2023,safety-driver,Mercedes-Benz,W1K2231761A026705,0.0,0
2023,safety-driver,Mercedes-Benz,W1K2231761A039946,3752.422929,0
2023,safety-driver,Mercedes-Benz,W1K2231761A039967,1701.266139,0
2023,safety-driver,Mercedes-Benz,W1K2231761A039969,2801.416077,0
2023,safety-driver,Mercedes-Benz,W1K2231761A140054,0.0,0
2023,safety-driver,Mercedes-Benz,W1K2231761A175964,0.0,0
2023,safety-driver,Mercedes-Benz,W1K2231761A175966,0.0,0
2023,safety-driver,Mercedes-Benz,W1K2231761A175968,0.0,0
2023,safety-driver,Mercedes-Benz,W1K2231761A175969,0.0,0
2023,safety-driver,Mercedes-Benz,W1K2231761A175970,0.0,0
2023,safety-driver,Mercedes-Benz,W1K2231761A175971,0.0,0
2023,safety-driver,Mercedes-Benz,W1K2231761A175979,0.0,0
2023,safety-driver,Mercedes-Benz,W1K2231761A175981,0.0,0
2023,safety-driver,Mercedes-Benz,W1K2231761A175983,0.0,0
2023,safety-driver,Mercedes-Benz,W1K2231761A175986,0.0,0
2023,safety-driver,Mercedes-Benz,W1K2971441A000176,0.0,0
2023,safety-driver,Mercedes-Benz,W1K6G7B4PA103776,384.7110006,0
2023,safety-driver,Mercedes-Benz,W1K6G7GB1MA002478,2060.888481,0
2023,safety-driver,Mercedes-Benz,W1K6G7GB3MA002465,1349.590734,0
2023,safety-driver,Mercedes-Benz,W1K6G7GB3NA054986,294.16,0
2023,safety-driver,Mercedes-Benz,W1K6G7GB3PA139961,1978.383042,0
2023,safety-driver,Mercedes-Benz,W1K6G7GB3RA239903,0.0,0
2023,safety-driver,Mercedes-Benz,W1K6G7GB4PA139967,2869.364034,0
2023,safety-driver,Mercedes-Benz,W1K6G7GB6PA139971,3656.426886,0
2023,safety-driver,Mercedes-Benz,W1K6G7GBXPA139973,3327.108102,0
2023,safety-driver,Mercedes-Benz,W1K6G8CB0PA157118,1407.046275,0
2023,safety-driver,Mercedes-Benz,W1K6G8CB9RA200096,360.4723431,0
2023,safety-driver,Mercedes-Benz,W1K6X7GB9RA203259,482.9086389,0
2023,safety-driver,Mercedes-Benz,W1K6X7KBXPA139964,2293.932393,0
2023,safety-driver,Mercedes-Benz,W1KCG2DB7NA001606,2398.593249,0
2023,safety-driver,Mercedes-Benz,W1KCG2EB7RA035839,0.0,0
2023,safety-driver,Mercedes-Benz,W1KCG2EB8NA003265,132.149,0
2023,safety-driver,Mercedes-Benz,W1KCG4EB0NA001618,2299.986522,0
2023,safety-driver,Mercedes-Benz,W1KCG4EB0PA037277,122.9553,0
2023,safety-driver,Mercedes-Benz,W1KCG4EB1PA025039,2192.29146,0
2023,safety-driver,Mercedes-Benz,W1KCG4EB1PA037790,144.25292,0
2023,safety-driver,Mercedes-Benz,W1KCG4EB2NA000891,930.91,0
2023,safety-driver,Mercedes-Benz,W1KCG4EB4PA019834,727.968,0
2023,safety-driver,Mercedes-Benz,W1KCG4EB5PA037131,126.57672,0
2023,safety-driver,Mercedes-Benz,W1KCG4EB5PA037534,140.98676,0
2023,safety-driver,Mercedes-Benz,W1KCG4EB6PA037252,143.86356,0
2023,safety-driver,Mercedes-Benz,W1KCG4EB6RA042602,0.0,0
2023,safety-driver,Mercedes-Benz,W1KCG4EB9PA037200,206.34592,0
2023,safety-driver,Mercedes-Benz,W1KCG4EB9PA037486,214.8734,0
2023,safety-driver,Mercedes-Benz,W1KCG4EBXPA025072,2638.751958,0
2023,safety-driver,Mercedes-Benz,W1KCG4EBXPA037299,108.22162,0
2023,safety-driver,Mercedes-Benz,W1KCG5FB1PA011680,4297.162887,0
2023,safety-driver,Mercedes-Benz,W1KCG5FB3RA042612,0.0,0
2023,safety-driver,Mercedes-Benz,W1KCG5FB4RA035846,561.2181479,0
2023,safety-driver,Mercedes-Benz,WDD2221591A470238,0.0,0
2023,safety-driver,Mercedes-Benz,WDD2221591A470500,0.0,0
2023,safety-driver,Mercedes-Benz,WDD2221591A524707,0.0,0
2023,safety-driver,Motional,KMHKM4AE0M1P98011,618.3,47
2023,safety-driver,Motional,KMHKM4AE2M1P98012,3032.68,135
2023,safety-driver,Motional,KMHKM4AE3M1P98004,751.6,79
2023,safety-driver,Motional,KMHKM4AE6M1P98014,716.13,36
2023,safety-driver,Motional,KMHKM4AE6M1P98031,724.48,19
2023,safety-driver,Motional,KMHKM4AE8M1P98001,3263.52,76
2023,safety-driver,Motional,KMHKM4AE8M1P98029,2463.66,106
2023,safety-driver,Motional,KMHKM4AEXM1P98002,3357.66,73
2023,safety-driver,Motional,KMHKM4AEXM1P98016,1275.91,22
2023,safety-driver,Motional,KMHKW3AA6L1T98017,10.24,0
2023,safety-driver,Nissan,1N4AZ1CP7KC308251,2105.0,8
2023,safety-driver,Nissan,1N4AZ1CP9KC308252,2235.0,5
2023,safety-driver,Nissan,1N4BZ0CP6GC302978,485.0,4
2023,safety-driver,Nissan,1N4BZ0CP6GC311826,0.0,0
2023,safety-driver,Nuro,JTDKAMFU0N3164068,0.03,0
2023,safety-driver,Nuro,JTDKAMFU0N3164734,1293.68,1
2023,safety-driver,Nuro,JTDKAMFU0N3171571,0.0,0
2023,safety-driver,Nuro,JTDKAMFU0N3181520,2272.2,0
2023,safety-driver,Nuro,JTDKAMFU1N3162717,67.41,0
2023,safety-driver,Nuro,JTDKAMFU1N3171403,111.87,0
2023,safety-driver,Nuro,JTDKAMFU1N3171501,1383.63,0
2023,safety-driver,Nuro,JTDKAMFU1N3171806,93.83,0
2023,safety-driver,Nuro,JTDKAMFU1N3171854,2738.21,0
2023,safety-driver,Nuro,JTDKAMFU1N3181977,1782.17,0
2023,safety-driver,Nuro,JTDKAMFU2M3147612,447.74,0
2023,safety-driver,Nuro,JTDKAMFU2N3158983,0.0,0
2023,safety-driver,Nuro,JTDKAMFU2N3161852,130.05,0
2023,safety-driver,Nuro,JTDKAMFU2N3162094,13.13,0
2023,safety-driver,Nuro,JTDKAMFU2N3165528,325.67,0
2023,safety-driver,Nuro,JTDKAMFU2N3171636,148.97,0
2023,safety-driver,Nuro,JTDKAMFU2N3171877,1463.0,2
2023,safety-driver,Nuro,JTDKAMFU2N3182359,2031.99,1
2023,safety-driver,Nuro,JTDKAMFU2N3182393,1081.68,1
2023,safety-driver,Nuro,JTDKAMFU2N3182670,24.09,0
2023,safety-driver,Nuro,JTDKAMFU2N3182684,713.65,0
2023,safety-driver,Nuro,JTDKAMFU3M3147327,2.5,0
2023,safety-driver,Nuro,JTDKAMFU3M3152916,0.0,0
2023,safety-driver,Nuro,JTDKAMFU3N3171676,2319.41,3
2023,safety-driver,Nuro,JTDKAMFU3N3171757,2333.75,2
2023,safety-driver,Nuro,JTDKAMFU3N3182354,198.4,0
2023,safety-driver,Nuro,JTDKAMFU4N3163358,590.58,0
2023,safety-driver,Nuro,JTDKAMFU4N3165403,177.08,0
2023,safety-driver,Nuro,JTDKAMFU4N3171444,311.93,0
2023,safety-driver,Nuro,JTDKAMFU4N3171458,155.71,0
2023,safety-driver,Nuro,JTDKAMFU4N3171749,2229.62,1
2023,safety-driver,Nuro,JTDKAMFU4N3171864,2021.59,2
2023,safety-driver,Nuro,JTDKAMFU4N3182136,2653.65,2
2023,safety-driver,Nuro,JTDKAMFU4N3182332,3060.93,5
2023,safety-driver,Nuro,JTDKAMFU5N3157648,0.0,0
2023,safety-driver,Nuro,JTDKAMFU5N3158542,0.0,0
2023,safety-driver,Nuro,JTDKAMFU5N3171601,2004.53,1
2023,safety-driver,Nuro,JTDKAMFU5N3171713,1902.84,2
2023,safety-driver,Nuro,JTDKAMFU5N3182159,2715.47,0
2023,safety-driver,Nuro,JTDKAMFU6M3142641,629.74,0
2023,safety-driver,Nuro,JTDKAMFU6N3171896,13.3,0
2023,safety-driver,Nuro,JTDKAMFU6N3182106,11.49,0
2023,safety-driver,Nuro,JTDKAMFU7N3158400,2593.24,0
2023,safety-driver,Nuro,JTDKAMFU7N3158817,0.84,0
2023,safety-driver,Nuro,JTDKAMFU7N3159045,0.0,0
2023,safety-driver,Nuro,JTDKAMFU7N3159613,113.45,0
2023,safety-driver,Nuro,JTDKAMFU7N3162012,5.34,0
2023,safety-driver,Nuro,JTDKAMFU7N3164231,2889.74,4
2023,safety-driver,Nuro,JTDKAMFU7N3171843,1297.18,0
2023,safety-driver,Nuro,JTDKAMFU7N3171888,33.07,0
2023,safety-driver,Nuro,JTDKAMFU8N3164805,124.4,0
2023,safety-driver,Nuro,JTDKAMFU8N3171530,170.43,1
2023,safety-driver,Nuro,JTDKAMFU8N3181510,64.4,0
2023,safety-driver,Nuro,JTDKAMFU8N3181524,86.15,0
2023,safety-driver,Nuro,JTDKAMFU8N3182186,1147.63,0
2023,safety-driver,Nuro,JTDKAMFU8N3182236,1778.0,1
2023,safety-driver,Nuro,JTDKAMFU9M3135330,3.27,0
2023,safety-driver,Nuro,JTDKAMFU9N3155515,17.35,0
2023,safety-driver,Nuro,JTDKAMFU9N3157877,0.0,0
2023,safety-driver,Nuro,JTDKAMFU9N3158897,0.0,0
2023,safety-driver,Nuro,JTDKAMFU9N3161475,0.01,0
2023,safety-driver,Nuro,JTDKAMFU9N3162125,0.0,0
2023,safety-driver,Nuro,JTDKAMFU9N3163727,0.02,0
2023,safety-driver,Nuro,JTDKAMFU9N3164294,55.77,0
2023,safety-driver,Nuro,JTDKAMFU9N3167356,108.93,0
2023,safety-driver,Nuro,JTDKAMFU9N3171469,394.6,0
2023,safety-driver,Nuro,JTDKAMFU9N3171486,50.78,0
2023,safety-driver,Nuro,JTDKAMFU9N3171729,2354.38,3
2023,safety-driver,Nuro,JTDKAMFU9N3171908,83.62,0
2023,safety-driver,Nuro,JTDKAMFUXM3145297,28.69,0
2023,safety-driver,Nuro,JTDKAMFUXN3154213,0.0,0
2023,safety-driver,Nuro,JTDKAMFUXN3158634,0.17,0
2023,safety-driver,Nuro,JTDKAMFUXN3163039,14.31,0
2023,safety-driver,Nuro,JTDKAMFUXN3164594,1945.25,5
2023,safety-driver,Nuro,JTDKAMFUXN3170606,54.05,0
2023,safety-driver,Nuro,JTDKAMFUXN3171562,1999.38,1
2023,safety-driver,Nuro,JTDKAMFUXN3171593,1835.24,1
2023,safety-driver,Nuro,JTDKAMFUXN3171772,144.8,0
2023,safety-driver,Nuro,JTDKAMFUXN3182366,1792.15,1
2023,safety-driver,Nuro,JTDKN3DP0C3001431,4692.24,2
2023,safety-driver,Nuro,JTDKN3DP2C3004167,480.14,0
2023,safety-driver,Nuro,JTDKN3DP2C3011362,4681.07,1
2023,safety-driver,Nuro,JTDKN3DP3C3011760,2063.65,0
2023,safety-driver,Nuro,JTDKN3DP3C3020295,3647.12,1
2023,safety-driver,Nuro,JTDKN3DP3D3041696,839.33,0
2023,safety-driver,Nuro,JTDKN3DP3E3057513,0.0,0
2023,safety-driver,Nuro,JTDKN3DP4F3074838,2641.17,0
2023,safety-driver,Nuro,JTDKN3DP5D3048682,2464.88,0
2023,safety-driver,Nuro,JTDKN3DP6D3042602,1029.29,0
2023,safety-driver,Nuro,JTDKN3DP6D3042633,3291.82,0
2023,safety-driver,Nuro,JTDKN3DP8C3004514,3511.09,2
2023,safety-driver,Nuro,JTDKN3DP8D3041242,5559.72,0
2023,safety-driver,Nuro,JTDKN3DP9C3015182,291.81,0
2023,safety-driver,Nuro,JTDKN3DP9C3027896,0.0,0
2023,safety-driver,Nuro,JTDKN3DPXE3050185,4362.65,0
2023,safety-driver,Nuro,JTDKN3DPXF3070616,3812.97,1
2023,safety-driver,Nuro,JTDKN3DU7E0376646,0.0,0
2023,safety-driver,Nuro,JTDKN3DUXD1621299,0.0,0
2023,safety-driver,Qualcomm,3LN6L5LU0HR663007,540.0,37
2023,safety-driver,Qualcomm,3LN6L5LU8KR632742,141.0,9
2023,safety-driver,Qualcomm,3LN6L5LU9HR650658,2182.0,110
2023,safety-driver,Qualcomm,3LN6L5MU1JR627234,578.0,18
2023,safety-driver,Qualcomm,5LM5J9XC9NGL15992,396.0,23
2023,safety-driver,Valeo,1V2NR2CA2JC509341,104.0,21
2023,safety-driver,Waymo,2C4RC1K70HR797365,0.0,0
2023,safety-driver,Waymo,2C4RC1K70HR833877,0.0,0
2023,safety-driver,Waymo,2C4RC1K71HR797293,0.0,0
2023,safety-driver,Waymo,2C4RC1K71HR822208,0.0,0
2023,safety-driver,Waymo,2C4RC1K71HR833838,0.0,0
2023,safety-driver,Waymo,2C4RC1K73HR786120,0.0,0
2023,safety-driver,Waymo,2C4RC1K73HR797294,0.0,0
2023,safety-driver,Waymo,2C4RC1K73HR797330,0.0,0
2023,safety-driver,Waymo,2C4RC1K73HR797389,0.0,0
2023,safety-driver,Waymo,2C4RC1K73HR822193,0.0,0
2023,safety-driver,Waymo,2C4RC1K73HR833808,0.0,0
2023,safety-driver,Waymo,2C4RC1K74HR797322,0.0,0
2023,safety-driver,Waymo,2C4RC1K74HR797398,0.0,0
2023,safety-driver,Waymo,2C4RC1K74HR805516,0.0,0
2023,safety-driver,Waymo,2C4RC1K75HR534644,0.0,0
2023,safety-driver,Waymo,2C4RC1K75HR827265,0.0,0
2023,safety-driver,Waymo,2C4RC1K75HR833759,0.0,0
2023,safety-driver,Waymo,2C4RC1K77HR805512,0.0,0
2023,safety-driver,Waymo,2C4RC1K78HR797355,0.0,0
2023,safety-driver,Waymo,2C4RC1K78HR805518,0.0,0
2023,safety-driver,Waymo,2C4RC1K78HR824232,0.0,0
2023,safety-driver,Waymo,2C4RC1K79HR786123,0.0,0
2023,safety-driver,Waymo,2C4RC1K79HR797378,0.0,0
2023,safety-driver,Waymo,2C4RC1K79HR827253,0.0,0
2023,safety-driver,Waymo,2C4RC1K79HR833859,0.0,0
2023,safety-driver,Waymo,2C4RC1K7XHR797308,0.0,0
2023,safety-driver,Waymo,2C4RC1K7XHR833756,0.0,0
2023,safety-driver,Waymo,SADHW2S10M1602680,2214.7,0
2023,safety-driver,Waymo,SADHW2S10M1602694,5234.5,0
2023,safety-driver,Waymo,SADHW2S10M1614232,0.0,0
2023,safety-driver,Waymo,SADHW2S10M1614408,20666.3,1
2023,safety-driver,Waymo,SADHW2S10M1614568,26932.8,1
2023,safety-driver,Waymo,SADHW2S10M1615154,11279.1,0
2023,safety-driver,Waymo,SADHW2S10M1615199,21318.8,2
2023,safety-driver,Waymo,SADHW2S10M1615347,267.1,0
2023,safety-driver,Waymo,SADHW2S10M1615493,9869.9,0
2023,safety-driver,Waymo,SADHW2S10M1615512,0.0,0
2023,safety-driver,Waymo,SADHW2S10M1615560,3559.2,0
2023,safety-driver,Waymo,SADHW2S10M1615624,11375.8,3
2023,safety-driver,Waymo,SADHW2S10M1615753,0.0,0
2023,safety-driver,Waymo,SADHW2S10M1615767,11399.3,0
2023,safety-driver,Waymo,SADHW2S10M1615770,7160.0,0
2023,safety-driver,Waymo,SADHW2S10M1615798,16499.5,0
2023,safety-driver,Waymo,SADHW2S10M1615879,0.0,0
2023,safety-driver,Waymo,SADHW2S10M1615963,5281.7,0
2023,safety-driver,Waymo,SADHW2S10M1615977,12935.1,2
2023,safety-driver,Waymo,SADHW2S10M1616367,0.0,0
2023,safety-driver,Waymo,SADHW2S10M1616448,5101.0,0
2023,safety-driver,Waymo,SADHW2S10M1616501,6988.5,2
2023,safety-driver,Waymo,SADHW2S10M1616577,0.0,0
2023,safety-driver,Waymo,SADHW2S10M1616613,6732.3,2
2023,safety-driver,Waymo,SADHW2S10M1616644,7974.3,2
2023,safety-driver,Waymo,SADHW2S10M1616692,13859.5,1
2023,safety-driver,Waymo,SADHW2S10M1616837,4240.1,0
2023,safety-driver,Waymo,SADHW2S10M1616904,3973.3,0
2023,safety-driver,Waymo,SADHW2S10M1617051,7313.9,0
2023,safety-driver,Waymo,SADHW2S10M1617101,5488.7,0
2023,safety-driver,Waymo,SADHW2S10M1617177,9404.8,1
2023,safety-driver,Waymo,SADHW2S10M1617227,12427.2,0
2023,safety-driver,Waymo,SADHW2S10M1617258,0.0,0
2023,safety-driver,Waymo,SADHW2S10M1617440,7009.8,0
2023,safety-driver,Waymo,SADHW2S10M1617583,17019.9,1
2023,safety-driver,Waymo,SADHW2S10M1617633,13840.5,0
2023,safety-driver,Waymo,SADHW2S10M1617647,2190.7,1
2023,safety-driver,Waymo,SADHW2S11M1602073,0.0,0
2023,safety-driver,Waymo,SADHW2S11M1602610,0.0,0
2023,safety-driver,Waymo,SADHW2S11M1602641,1588.1,0
2023,safety-driver,Waymo,SADHW2S11M1602669,5165.4,0
2023,safety-driver,Waymo,SADHW2S11M1602686,24668.8,0
2023,safety-driver,Waymo,SADHW2S11M1602705,7449.2,0
2023,safety-driver,Waymo,SADHW2S11M1606219,14228.8,0
2023,safety-driver,Waymo,SADHW2S11M1614093,0.0,0
2023,safety-driver,Waymo,SADHW2S11M1614398,0.0,0
2023,safety-driver,Waymo,SADHW2S11M1614577,0.0,0
2023,safety-driver,Waymo,SADHW2S11M1614661,25396.1,3
2023,safety-driver,Waymo,SADHW2S11M1614742,25712.5,1
2023,safety-driver,Waymo,SADHW2S11M1614790,5501.4,0
2023,safety-driver,Waymo,SADHW2S11M1614854,2132.8,0
2023,safety-driver,Waymo,SADHW2S11M1614966,5003.8,0
2023,safety-driver,Waymo,SADHW2S11M1615129,1778.7,0
2023,safety-driver,Waymo,SADHW2S11M1615258,6303.8,0
2023,safety-driver,Waymo,SADHW2S11M1615292,0.0,0
2023,safety-driver,Waymo,SADHW2S11M1615437,0.0,0
2023,safety-driver,Waymo,SADHW2S11M1615454,344.1,0
2023,safety-driver,Waymo,SADHW2S11M1615549,17188.9,1
2023,safety-driver,Waymo,SADHW2S11M1615583,9684.4,2
2023,safety-driver,Waymo,SADHW2S11M1615678,7914.0,1
2023,safety-driver,Waymo,SADHW2S11M1615695,11163.5,0
2023,safety-driver,Waymo,SADHW2S11M1615776,986.4,0
2023,safety-driver,Waymo,SADHW2S11M1615857,17662.1,2
2023,safety-driver,Waymo,SADHW2S11M1616054,34784.6,0
2023,safety-driver,Waymo,SADHW2S11M1616118,2403.4,0
2023,safety-driver,Waymo,SADHW2S11M1616149,16968.7,0
2023,safety-driver,Waymo,SADHW2S11M1616281,11724.1,1
2023,safety-driver,Waymo,SADHW2S11M1616300,29572.3,1
2023,safety-driver,Waymo,SADHW2S11M1616572,608.9,0
2023,safety-driver,Waymo,SADHW2S11M1616619,428.2,0
2023,safety-driver,Waymo,SADHW2S11M1616698,10046.0,3
2023,safety-driver,Waymo,SADHW2S11M1616748,6652.6,1
2023,safety-driver,Waymo,SADHW2S11M1616779,7317.8,0
2023,safety-driver,Waymo,SADHW2S11M1616880,7292.1,2
2023,safety-driver,Waymo,SADHW2S11M1616992,12429.0,1
2023,safety-driver,Waymo,SADHW2S11M1617186,5270.0,0
2023,safety-driver,Waymo,SADHW2S11M1617219,3118.3,0
2023,safety-driver,Waymo,SADHW2S11M1617298,5920.6,0
2023,safety-driver,Waymo,SADHW2S11M1617365,73.2,0
2023,safety-driver,Waymo,SADHW2S11M1617611,11341.3,0
2023,safety-driver,Waymo,SADHW2S11M1617625,9101.7,1
2023,safety-driver,Waymo,SADHW2S11M1617642,0.0,0
2023,safety-driver,Waymo,SADHW2S11R1632827,1602.8,0
2023,safety-driver,Waymo,SADHW2S12M1602681,0.0,0
2023,safety-driver,Waymo,SADHW2S12M1602695,6216.8,0
2023,safety-driver,Waymo,SADHW2S12M1602700,13312.3,0
2023,safety-driver,Waymo,SADHW2S12M1606200,4028.6,0
2023,safety-driver,Waymo,SADHW2S12M1614314,0.0,0
2023,safety-driver,Waymo,SADHW2S12M1614586,0.0,0
2023,safety-driver,Waymo,SADHW2S12M1614670,5776.0,0
2023,safety-driver,Waymo,SADHW2S12M1614863,13561.2,0
2023,safety-driver,Waymo,SADHW2S12M1614930,12451.6,1
2023,safety-driver,Waymo,SADHW2S12M1614944,22856.2,0
2023,safety-driver,Waymo,SADHW2S12M1615141,302.3,0
2023,safety-driver,Waymo,SADHW2S12M1615415,0.0,0
2023,safety-driver,Waymo,SADHW2S12M1615527,12646.1,0
2023,safety-driver,Waymo,SADHW2S12M1615589,10044.8,0
2023,safety-driver,Waymo,SADHW2S12M1615687,11187.7,0
2023,safety-driver,Waymo,SADHW2S12M1615690,21986.7,2
2023,safety-driver,Waymo,SADHW2S12M1615706,4575.4,0
2023,safety-driver,Waymo,SADHW2S12M1615754,99.4,0
2023,safety-driver,Waymo,SADHW2S12M1615849,1690.4,0
2023,safety-driver,Waymo,SADHW2S12M1615897,6924.9,1
2023,safety-driver,Waymo,SADHW2S12M1615947,13951.7,0
2023,safety-driver,Waymo,SADHW2S12M1616001,13856.1,2
2023,safety-driver,Waymo,SADHW2S12M1616015,2534.7,0
2023,safety-driver,Waymo,SADHW2S12M1616029,11659.0,1
2023,safety-driver,Waymo,SADHW2S12M1616130,8832.3,0
2023,safety-driver,Waymo,SADHW2S12M1616158,12056.6,0
2023,safety-driver,Waymo,SADHW2S12M1616208,0.0,0
2023,safety-driver,Waymo,SADHW2S12M1616239,3384.8,0
2023,safety-driver,Waymo,SADHW2S12M1616385,45.7,0
2023,safety-driver,Waymo,SADHW2S12M1616421,8367.6,0
2023,safety-driver,Waymo,SADHW2S12M1616581,36674.2,2
2023,safety-driver,Waymo,SADHW2S12M1616600,12365.5,2
2023,safety-driver,Waymo,SADHW2S12M1616662,2780.6,0
2023,safety-driver,Waymo,SADHW2S12M1616712,44.6,0
2023,safety-driver,Waymo,SADHW2S12M1616726,10748.3,0
2023,safety-driver,Waymo,SADHW2S12M1616824,17881.6,2
2023,safety-driver,Waymo,SADHW2S12M1617309,20841.2,1
2023,safety-driver,Waymo,SADHW2S12M1617651,175.6,0
2023,safety-driver,Waymo,SADHW2S12R1632870,0.0,0
2023,safety-driver,Waymo,SADHW2S12R1632903,0.0,0
2023,safety-driver,Waymo,SADHW2S13M1602673,7917.5,0
2023,safety-driver,Waymo,SADHW2S13M1602690,6366.6,1
2023,safety-driver,Waymo,SADHW2S13M1602740,12546.3,1
2023,safety-driver,Waymo,SADHW2S13M1606173,11718.5,0
2023,safety-driver,Waymo,SADHW2S13M1614080,0.0,0
2023,safety-driver,Waymo,SADHW2S13M1614368,4057.4,0
2023,safety-driver,Waymo,SADHW2S13M1614418,0.0,0
2023,safety-driver,Waymo,SADHW2S13M1614497,24300.9,1
2023,safety-driver,Waymo,SADHW2S13M1614595,20094.7,0
2023,safety-driver,Waymo,SADHW2S13M1614614,24368.3,1
2023,safety-driver,Waymo,SADHW2S13M1614757,4502.1,0
2023,safety-driver,Waymo,SADHW2S13M1614774,6212.0,0
2023,safety-driver,Waymo,SADHW2S13M1614807,5422.6,0
2023,safety-driver,Waymo,SADHW2S13M1615374,17332.3,1
2023,safety-driver,Waymo,SADHW2S13M1615469,16678.4,1
2023,safety-driver,Waymo,SADHW2S13M1615486,7958.1,1
2023,safety-driver,Waymo,SADHW2S13M1615505,2945.2,1
2023,safety-driver,Waymo,SADHW2S13M1615519,10533.3,2
2023,safety-driver,Waymo,SADHW2S13M1615665,32105.0,0
2023,safety-driver,Waymo,SADHW2S13M1615729,0.0,0
2023,safety-driver,Waymo,SADHW2S13M1615732,11742.2,0
2023,safety-driver,Waymo,SADHW2S13M1615780,31482.3,0
2023,safety-driver,Waymo,SADHW2S13M1615813,15592.1,1
2023,safety-driver,Waymo,SADHW2S13M1615889,20338.7,0
2023,safety-driver,Waymo,SADHW2S13M1616069,0.0,0
2023,safety-driver,Waymo,SADHW2S13M1616427,35986.2,1
2023,safety-driver,Waymo,SADHW2S13M1616542,12034.0,1
2023,safety-driver,Waymo,SADHW2S13M1616587,12998.2,1
2023,safety-driver,Waymo,SADHW2S13M1616668,0.0,0
2023,safety-driver,Waymo,SADHW2S13M1616928,2623.0,0
2023,safety-driver,Waymo,SADHW2S13M1617268,8857.1,0
2023,safety-driver,Waymo,SADHW2S13M1617450,2257.2,0
2023,safety-driver,Waymo,SADHW2S13M1617464,112.6,0
2023,safety-driver,Waymo,SADHW2S13M1617528,6676.3,1
2023,safety-driver,Waymo,SADHW2S13R1632814,0.0,0
2023,safety-driver,Waymo,SADHW2S14M1602343,8667.6,0
2023,safety-driver,Waymo,SADHW2S14M1602584,0.0,0
2023,safety-driver,Waymo,SADHW2S14M1602665,0.0,0
2023,safety-driver,Waymo,SADHW2S14M1602682,10494.9,0
2023,safety-driver,Waymo,SADHW2S14M1602696,7089.0,0
2023,safety-driver,Waymo,SADHW2S14M1602701,8400.7,0
2023,safety-driver,Waymo,SADHW2S14M1614346,2895.3,0
2023,safety-driver,Waymo,SADHW2S14M1614542,11685.7,0
2023,safety-driver,Waymo,SADHW2S14M1615190,8319.6,1
2023,safety-driver,Waymo,SADHW2S14M1615271,0.0,0
2023,safety-driver,Waymo,SADHW2S14M1615383,13435.9,2
2023,safety-driver,Waymo,SADHW2S14M1615447,2692.7,0
2023,safety-driver,Waymo,SADHW2S14M1615478,9293.6,1
2023,safety-driver,Waymo,SADHW2S14M1615643,10586.4,0
2023,safety-driver,Waymo,SADHW2S14M1615674,15000.3,0
2023,safety-driver,Waymo,SADHW2S14M1615738,0.0,0
2023,safety-driver,Waymo,SADHW2S14M1615996,0.0,0
2023,safety-driver,Waymo,SADHW2S14M1616033,11656.6,0
2023,safety-driver,Waymo,SADHW2S14M1616307,16184.5,0
2023,safety-driver,Waymo,SADHW2S14M1616341,8680.0,1
2023,safety-driver,Waymo,SADHW2S14M1616517,17669.0,1
2023,safety-driver,Waymo,SADHW2S14M1616565,12963.9,2
2023,safety-driver,Waymo,SADHW2S14M1616632,0.0,0
2023,safety-driver,Waymo,SADHW2S14M1616680,0.0,0
2023,safety-driver,Waymo,SADHW2S14M1616761,347.1,0
2023,safety-driver,Waymo,SADHW2S14M1616985,13189.2,1
2023,safety-driver,Waymo,SADHW2S14M1617036,5490.2,0
2023,safety-driver,Waymo,SADHW2S14M1617327,11450.7,1
2023,safety-driver,Waymo,SADHW2S14M1617473,60.4,0
2023,safety-driver,Waymo,SADHW2S14M1617523,34572.1,0
2023,safety-driver,Waymo,SADHW2S14M1617537,6952.5,0
2023,safety-driver,Waymo,SADHW2S14M1617599,1067.4,0
2023,safety-driver,Waymo,SADHW2S14M1617604,14268.9,2
2023,safety-driver,Waymo,SADHW2S14R1632790,0.0,0
2023,safety-driver,Waymo,SADHW2S14R1632854,217.5,0
2023,safety-driver,Waymo,SADHW2S15M1602660,11956.9,1
2023,safety-driver,Waymo,SADHW2S15M1602674,13026.8,1
2023,safety-driver,Waymo,SADHW2S15M1602691,14147.8,0
2023,safety-driver,Waymo,SADHW2S15M1605896,13026.3,0
2023,safety-driver,Waymo,SADHW2S15M1606191,10436.5,0
2023,safety-driver,Waymo,SADHW2S15M1614551,27821.0,1
2023,safety-driver,Waymo,SADHW2S15M1615215,1685.0,0
2023,safety-driver,Waymo,SADHW2S15M1615277,836.0,0
2023,safety-driver,Waymo,SADHW2S15M1615361,18147.7,0
2023,safety-driver,Waymo,SADHW2S15M1615568,14093.6,0
2023,safety-driver,Waymo,SADHW2S15M1615599,8393.7,0
2023,safety-driver,Waymo,SADHW2S15M1615635,1377.4,0
2023,safety-driver,Waymo,SADHW2S15M1615716,28750.9,1
2023,safety-driver,Waymo,SADHW2S15M1616008,12463.2,1
2023,safety-driver,Waymo,SADHW2S15M1616090,4614.1,2
2023,safety-driver,Waymo,SADHW2S15M1616140,1964.8,0
2023,safety-driver,Waymo,SADHW2S15M1616171,2221.9,0
2023,safety-driver,Waymo,SADHW2S15M1616218,0.0,0
2023,safety-driver,Waymo,SADHW2S15M1616333,9399.4,1
2023,safety-driver,Waymo,SADHW2S15M1616462,9606.5,1
2023,safety-driver,Waymo,SADHW2S15M1616557,3668.6,0
2023,safety-driver,Waymo,SADHW2S15M1616638,11439.0,1
2023,safety-driver,Waymo,SADHW2S15M1616686,17961.1,2
2023,safety-driver,Waymo,SADHW2S15M1616705,12082.6,2
2023,safety-driver,Waymo,SADHW2S15M1616719,9818.9,0
2023,safety-driver,Waymo,SADHW2S15M1616767,15627.2,2
2023,safety-driver,Waymo,SADHW2S15M1617109,11103.2,0
2023,safety-driver,Waymo,SADHW2S15M1617238,0.0,0
2023,safety-driver,Waymo,SADHW2S15M1617319,12676.7,1
2023,safety-driver,Waymo,SADHW2S15M1617403,171.1,0
2023,safety-driver,Waymo,SADHW2S15M1617546,2344.3,0
2023,safety-driver,Waymo,SADHW2S16M1601985,2542.8,0
2023,safety-driver,Waymo,SADHW2S16M1602067,0.0,0
2023,safety-driver,Waymo,SADHW2S16M1602618,0.0,0
2023,safety-driver,Waymo,SADHW2S16M1602621,16598.6,4
2023,safety-driver,Waymo,SADHW2S16M1602666,0.0,0
2023,safety-driver,Waymo,SADHW2S16M1602683,12550.2,0
2023,safety-driver,Waymo,SADHW2S16M1602697,0.0,0
2023,safety-driver,Waymo,SADHW2S16M1605972,13429.7,1
2023,safety-driver,Waymo,SADHW2S16M1606166,4980.7,0
2023,safety-driver,Waymo,SADHW2S16M1614087,0.0,0
2023,safety-driver,Waymo,SADHW2S16M1614798,23274.9,1
2023,safety-driver,Waymo,SADHW2S16M1614915,23850.4,0
2023,safety-driver,Waymo,SADHW2S16M1615112,24578.3,2
2023,safety-driver,Waymo,SADHW2S16M1615305,3558.5,0
2023,safety-driver,Waymo,SADHW2S16M1615353,3803.3,0
2023,safety-driver,Waymo,SADHW2S16M1615465,29411.7,3
2023,safety-driver,Waymo,SADHW2S16M1615482,16267.2,3
2023,safety-driver,Waymo,SADHW2S16M1615501,19831.4,2
2023,safety-driver,Waymo,SADHW2S16M1615532,0.0,0
2023,safety-driver,Waymo,SADHW2S16M1615577,29065.0,2
2023,safety-driver,Waymo,SADHW2S16M1615711,0.0,0
2023,safety-driver,Waymo,SADHW2S16M1615742,0.0,0
2023,safety-driver,Waymo,SADHW2S16M1615773,1383.0,0
2023,safety-driver,Waymo,SADHW2S16M1615787,11745.1,0
2023,safety-driver,Waymo,SADHW2S16M1615790,8746.3,1
2023,safety-driver,Waymo,SADHW2S16M1615823,0.0,0
2023,safety-driver,Waymo,SADHW2S16M1615871,10086.2,2
2023,safety-driver,Waymo,SADHW2S16M1615904,34928.3,1
2023,safety-driver,Waymo,SADHW2S16M1615952,16398.4,0
2023,safety-driver,Waymo,SADHW2S16M1616051,1701.6,0
2023,safety-driver,Waymo,SADHW2S16M1616261,0.0,0
2023,safety-driver,Waymo,SADHW2S16M1616325,5170.4,1
2023,safety-driver,Waymo,SADHW2S16M1616471,0.0,0
2023,safety-driver,Waymo,SADHW2S16M1616549,6372.6,1
2023,safety-driver,Waymo,SADHW2S16M1616650,0.0,0
2023,safety-driver,Waymo,SADHW2S16M1616860,19234.2,1
2023,safety-driver,Waymo,SADHW2S16M1616972,4797.4,0
2023,safety-driver,Waymo,SADHW2S16M1617278,155.9,0
2023,safety-driver,Waymo,SADHW2S16M1617507,14115.5,3
2023,safety-driver,Waymo,SADHW2S16M1617510,12926.9,0
2023,safety-driver,Waymo,SADHW2S16M1617541,4763.7,0
2023,safety-driver,Waymo,SADHW2S16M1617555,5312.6,0
2023,safety-driver,Waymo,SADHW2S16M1617569,11053.8,0
2023,safety-driver,Waymo,SADHW2S16M1617619,3604.5,0
2023,safety-driver,Waymo,SADHW2S17M1602689,24424.0,0
2023,safety-driver,Waymo,SADHW2S17M1606225,9316.9,0
2023,safety-driver,Waymo,SADHW2S17M1614633,10838.0,0
2023,safety-driver,Waymo,SADHW2S17M1614647,30263.4,0
2023,safety-driver,Waymo,SADHW2S17M1614678,27088.1,1
2023,safety-driver,Waymo,SADHW2S17M1615040,4161.6,0
2023,safety-driver,Waymo,SADHW2S17M1615393,0.0,0
2023,safety-driver,Waymo,SADHW2S17M1615555,0.0,0
2023,safety-driver,Waymo,SADHW2S17M1615605,25155.1,0
2023,safety-driver,Waymo,SADHW2S17M1615619,5175.6,1
2023,safety-driver,Waymo,SADHW2S17M1615653,0.0,0
2023,safety-driver,Waymo,SADHW2S17M1615684,5957.5,1
2023,safety-driver,Waymo,SADHW2S17M1615703,0.0,0
2023,safety-driver,Waymo,SADHW2S17M1615748,29590.9,0
2023,safety-driver,Waymo,SADHW2S17M1615846,5576.3,0
2023,safety-driver,Waymo,SADHW2S17M1615930,0.0,0
2023,safety-driver,Waymo,SADHW2S17M1615989,14293.7,1
2023,safety-driver,Waymo,SADHW2S17M1616527,7219.2,1
2023,safety-driver,Waymo,SADHW2S17M1616592,7003.0,1
2023,safety-driver,Waymo,SADHW2S17M1616656,9951.6,1
2023,safety-driver,Waymo,SADHW2S17M1616740,8973.6,0
2023,safety-driver,Waymo,SADHW2S17M1616799,30815.2,3
2023,safety-driver,Waymo,SADHW2S17M1616950,375.3,0
2023,safety-driver,Waymo,SADHW2S17M1617385,16399.6,0
2023,safety-driver,Waymo,SADHW2S17M1617595,10012.5,2
2023,safety-driver,Waymo,SADHW2S18M1602670,0.0,0
2023,safety-driver,Waymo,SADHW2S18M1602684,6692.9,2
2023,safety-driver,Waymo,SADHW2S18M1602698,11200.9,1
2023,safety-driver,Waymo,SADHW2S18M1606251,7914.3,1
2023,safety-driver,Waymo,SADHW2S18M1614303,65.5,0
2023,safety-driver,Waymo,SADHW2S18M1614463,14444.7,0
2023,safety-driver,Waymo,SADHW2S18M1614480,11812.1,0
2023,safety-driver,Waymo,SADHW2S18M1614687,14124.7,0
2023,safety-driver,Waymo,SADHW2S18M1614964,15523.5,1
2023,safety-driver,Waymo,SADHW2S18M1615208,0.0,0
2023,safety-driver,Waymo,SADHW2S18M1615225,20752.4,2
2023,safety-driver,Waymo,SADHW2S18M1615239,0.0,0
2023,safety-driver,Waymo,SADHW2S18M1615368,10138.4,0
2023,safety-driver,Waymo,SADHW2S18M1615421,6741.4,0
2023,safety-driver,Waymo,SADHW2S18M1615497,7078.5,0
2023,safety-driver,Waymo,SADHW2S18M1615564,12827.6,1
2023,safety-driver,Waymo,SADHW2S18M1615709,14824.9,1
2023,safety-driver,Waymo,SADHW2S18M1615838,21198.7,1
2023,safety-driver,Waymo,SADHW2S18M1615886,0.0,0
2023,safety-driver,Waymo,SADHW2S18M1615919,10756.9,0
2023,safety-driver,Waymo,SADHW2S18M1615922,6164.7,0
2023,safety-driver,Waymo,SADHW2S18M1615970,10504.3,1
2023,safety-driver,Waymo,SADHW2S18M1616021,34524.1,1
2023,safety-driver,Waymo,SADHW2S18M1616178,0.0,0
2023,safety-driver,Waymo,SADHW2S18M1616441,25.0,0
2023,safety-driver,Waymo,SADHW2S18M1616455,8177.8,0
2023,safety-driver,Waymo,SADHW2S18M1616844,16389.2,0
2023,safety-driver,Waymo,SADHW2S18M1616939,14626.2,4
2023,safety-driver,Waymo,SADHW2S18M1617007,32159.9,5
2023,safety-driver,Waymo,SADHW2S18M1617024,15351.9,1
2023,safety-driver,Waymo,SADHW2S18M1617086,4156.9,0
2023,safety-driver,Waymo,SADHW2S18M1617122,8062.5,1
2023,safety-driver,Waymo,SADHW2S18M1617248,12762.5,4
2023,safety-driver,Waymo,SADHW2S18M1617377,22112.5,0
2023,safety-driver,Waymo,SADHW2S18M1617394,17227.9,0
2023,safety-driver,Waymo,SADHW2S18M1617430,11614.3,1
2023,safety-driver,Waymo,SADHW2S18M1617573,121.7,0
2023,safety-driver,Waymo,SADHW2S18R1632775,0.0,0
2023,safety-driver,Waymo,SADHW2S18R1632890,0.0,0
2023,safety-driver,Waymo,SADHW2S19M1602645,0.0,0
2023,safety-driver,Waymo,SADHW2S19M1602659,17452.7,0
2023,safety-driver,Waymo,SADHW2S19M1602662,0.0,0
2023,safety-driver,Waymo,SADHW2S19M1602693,11413.4,0
2023,safety-driver,Waymo,SADHW2S19M1614102,7249.0,0
2023,safety-driver,Waymo,SADHW2S19M1614326,4817.6,0
2023,safety-driver,Waymo,SADHW2S19M1614696,9811.2,2
2023,safety-driver,Waymo,SADHW2S19M1615220,0.0,0
2023,safety-driver,Waymo,SADHW2S19M1615234,0.0,0
2023,safety-driver,Waymo,SADHW2S19M1615248,5731.4,0
2023,safety-driver,Waymo,SADHW2S19M1615282,14522.6,3
2023,safety-driver,Waymo,SADHW2S19M1615539,1741.6,0
2023,safety-driver,Waymo,SADHW2S19M1615668,13580.9,1
2023,safety-driver,Waymo,SADHW2S19M1615671,6398.1,0
2023,safety-driver,Waymo,SADHW2S19M1615699,18255.4,0
2023,safety-driver,Waymo,SADHW2S19M1615721,7870.3,1
2023,safety-driver,Waymo,SADHW2S19M1615749,23408.3,2
2023,safety-driver,Waymo,SADHW2S19M1615816,27678.9,1
2023,safety-driver,Waymo,SADHW2S19M1615833,427.4,0
2023,safety-driver,Waymo,SADHW2S19M1615864,12099.1,1
2023,safety-driver,Waymo,SADHW2S19M1615914,907.8,0
2023,safety-driver,Waymo,SADHW2S19M1616044,13784.4,1
2023,safety-driver,Waymo,SADHW2S19M1616108,6722.6,2
2023,safety-driver,Waymo,SADHW2S19M1616187,10213.6,2
2023,safety-driver,Waymo,SADHW2S19M1616349,6760.3,1
2023,safety-driver,Waymo,SADHW2S19M1616481,19586.0,0
2023,safety-driver,Waymo,SADHW2S19M1616674,2847.1,1
2023,safety-driver,Waymo,SADHW2S19M1616755,16150.8,2
2023,safety-driver,Waymo,SADHW2S19M1616786,0.0,0
2023,safety-driver,Waymo,SADHW2S19M1616805,0.0,0
2023,safety-driver,Waymo,SADHW2S19M1616853,18312.6,1
2023,safety-driver,Waymo,SADHW2S19M1616870,0.0,0
2023,safety-driver,Waymo,SADHW2S19M1617016,17067.1,2
2023,safety-driver,Waymo,SADHW2S19M1617064,16722.8,2
2023,safety-driver,Waymo,SADHW2S19M1617078,16025.9,1
2023,safety-driver,Waymo,SADHW2S19M1617288,12749.7,1
2023,safety-driver,Waymo,SADHW2S19M1617422,81.9,0
2023,safety-driver,Waymo,SADHW2S19M1617484,7545.8,0
2023,safety-driver,Waymo,SADHW2S19M1617520,13982.4,0
2023,safety-driver,Waymo,SADHW2S19M1617565,19431.6,2
2023,safety-driver,Waymo,SADHW2S19M1617579,10045.0,1
2023,safety-driver,Waymo,SADHW2S19M1617615,1435.0,0
2023,safety-driver,Waymo,SADHW2S1XM1602587,18364.1,0
2023,safety-driver,Waymo,SADHW2S1XM1602637,7887.4,0
2023,safety-driver,Waymo,SADHW2S1XM1602668,2772.7,0
2023,safety-driver,Waymo,SADHW2S1XM1602671,10469.9,2
2023,safety-driver,Waymo,SADHW2S1XM1602685,18116.1,0
2023,safety-driver,Waymo,SADHW2S1XM1602704,10254.2,1
2023,safety-driver,Waymo,SADHW2S1XM1602735,4830.4,0
2023,safety-driver,Waymo,SADHW2S1XM1605876,9763.4,0
2023,safety-driver,Waymo,SADHW2S1XM1606137,14066.9,1
2023,safety-driver,Waymo,SADHW2S1XM1614335,5214.4,0
2023,safety-driver,Waymo,SADHW2S1XM1614447,27246.4,1
2023,safety-driver,Waymo,SADHW2S1XM1614643,974.3,0
2023,safety-driver,Waymo,SADHW2S1XM1614822,3788.4,0
2023,safety-driver,Waymo,SADHW2S1XM1614870,4764.1,0
2023,safety-driver,Waymo,SADHW2S1XM1614898,20376.1,2
2023,safety-driver,Waymo,SADHW2S1XM1614948,2751.1,0
2023,safety-driver,Waymo,SADHW2S1XM1615176,96.0,0
2023,safety-driver,Waymo,SADHW2S1XM1615243,5540.8,0
2023,safety-driver,Waymo,SADHW2S1XM1615629,2978.9,0
2023,safety-driver,Waymo,SADHW2S1XM1615713,0.0,0
2023,safety-driver,Waymo,SADHW2S1XM1615727,0.0,0
2023,safety-driver,Waymo,SADHW2S1XM1615761,20169.6,0
2023,safety-driver,Waymo,SADHW2S1XM1615937,4968.2,2
2023,safety-driver,Waymo,SADHW2S1XM1616103,8541.1,0
2023,safety-driver,Waymo,SADHW2S1XM1616232,2114.5,0
2023,safety-driver,Waymo,SADHW2S1XM1616411,100.6,0
2023,safety-driver,Waymo,SADHW2S1XM1616537,4648.2,0
2023,safety-driver,Waymo,SADHW2S1XM1616733,6513.2,0
2023,safety-driver,Waymo,SADHW2S1XM1616831,0.0,0
2023,safety-driver,Waymo,SADHW2S1XM1616893,725.1,0
2023,safety-driver,Waymo,SADHW2S1XM1616960,14226.4,2
2023,safety-driver,Waymo,SADHW2S1XM1617199,4965.5,0
2023,safety-driver,Waymo,SADHW2S1XM1617350,7007.6,0
2023,safety-driver,Waymo,SADHW2S1XM1617414,4927.3,1
2023,safety-driver,Waymo,SADHW2S1XM1617560,15172.3,3
2023,safety-driver,Waymo,SADHW2S1XM1617588,0.0,0
2023,safety-driver,Waymo,SADHW2S1XM1617638,13987.7,2
2023,safety-driver,WeRide,1N4AZ1CP0KC303358,0.0,0
2023,safety-driver,WeRide,1N4AZ1CP2KC305130,0.0,0
2023,safety-driver,WeRide,1N4AZ1CP2KC305743,971.92,0
2023,safety-driver,WeRide,1N4AZ1CP3KC301099,2166.76,0
2023,safety-driver,WeRide,1N4AZ1CP4KC303668,2633.68,0
2023,safety-driver,WeRide,1N4AZ1CP4KC305551,1784.75,0
2023,safety-driver,WeRide,1N4AZ1CP5JC315505,0.0,0
2023,safety-driver,WeRide,1N4AZ1CP5KC307681,1308.09,0
2023,safety-driver,WeRide,1N4AZ1CP6KC305048,1673.05,0
2023,safety-driver,WeRide,1N4CZ1CV1PC550208,8868.37,0
2023,safety-driver,WeRide,1N4CZ1CV3PC550100,6748.57,1
2023,safety-driver,WeRide,1N4CZ1CV5PC551541,4187.73,0
2023,safety-driver,WeRide,1N4CZ1CV8PC550139,5275.06,0
2023,safety-driver,WeRide,1NSCZ1CV2PC550346,6763.31,1
2023,safety-driver,Woven by Toyota,JTHBYLFF2J5002592,21.0,0
2023,safety-driver,Woven by Toyota,JTHBYLFF2J5002995,52.0,0
2023,safety-driver,Woven by Toyota,JTHBYLFF6J5002613,247.0,3
2023,safety-driver,Woven by Toyota,JTHBYLFF6J5002983,636.0,4
2023,safety-driver,Woven by Toyota,JTHCYLFF0J5001364,972.0,12
2023,safety-driver,Woven by Toyota,JTHCYLFF0K5001429,95.0,1
2023,safety-driver,Woven by Toyota,JTHCYLFF0K5001446,64.0,1
2023,safety-driver,Woven by Toyota,JTHCYLFF5J5000369,816.0,14
2023,safety-driver,Woven by Toyota,JTHCYLFF9J5001363,618.0,4
2023,safety-driver,Woven by Toyota,JTHCYLFFXJ5001291,619.0,3
2023,safety-driver,Woven by Toyota,JTHCYLFFXK5001437,54.0,0
2023,safety-driver,Zoox,~0015,957.8,0
2023,safety-driver,Zoox,~0098,0.0,0
2023,safety-driver,Zoox,~0103,9303.1,0
2023,safety-driver,Zoox,~0184,0.0,0
2023,safety-driver,Zoox,~0187,4875.2,0
2023,safety-driver,Zoox,~0224,22956.2,0
2023,safety-driver,Zoox,~0245,9557.1,0
2023,safety-driver,Zoox,~0268,0.0,0
2023,safety-driver,Zoox,~0376,15104.1,0
2023,safety-driver,Zoox,~0384,8018.4,0
2023,safety-driver,Zoox,~0431,386.8,0
2023,safety-driver,Zoox,~0453,12234.5,0
2023,safety-driver,Zoox,~0471,5065.5,0
2023,safety-driver,Zoox,~0496,13960.0,0
2023,safety-driver,Zoox,~0588,88.2,0
2023,safety-driver,Zoox,~0658,0.0,0
2023,safety-driver,Zoox,~0868,0.0,0
2023,safety-driver,Zoox,~0876,172.3,0
2023,safety-driver,Zoox,~0962,129.7,0
2023,safety-driver,Zoox,~0971,0.0,0
2023,safety-driver,Zoox,~1043,0.0,0
2023,safety-driver,Zoox,~1078,0.0,0
2023,safety-driver,Zoox,~1098,0.0,0
2023,safety-driver,Zoox,~1135,0.0,0
2023,safety-driver,Zoox,~1277,10991.1,0
2023,safety-driver,Zoox,~1299,0.0,0
2023,safety-driver,Zoox,~1472,82.1,0
2023,safety-driver,Zoox,~1535,6556.2,0
2023,safety-driver,Zoox,~1556,149.7,0
2023,safety-driver,Zoox,~1558,8491.8,0
2023,safety-driver,Zoox,~1616,9270.9,0
2023,safety-driver,Zoox,~1619,139.6,0
2023,safety-driver,Zoox,~1655,0.0,0
2023,safety-driver,Zoox,~1660,5.9,0
2023,safety-driver,Zoox,~1708,5447.5,0
2023,safety-driver,Zoox,~1713,0.0,0
2023,safety-driver,Zoox,~1720,0.0,0
2023,safety-driver,Zoox,~1771,0.0,0
2023,safety-driver,Zoox,~1836,184.8,0
2023,safety-driver,Zoox,~2004,22.5,0
2023,safety-driver,Zoox,~2021,60.5,0
2023,safety-driver,Zoox,~2083,64.5,0
2023,safety-driver,Zoox,~2171,3.8,0
2023,safety-driver,Zoox,~2212,0.0,0
2023,safety-driver,Zoox,~2351,0.0,0
2023,safety-driver,Zoox,~2354,117.4,0
2023,safety-driver,Zoox,~2438,6384.1,0
2023,safety-driver,Zoox,~2511,359.4,0
2023,safety-driver,Zoox,~2530,7376.8,0
2023,safety-driver,Zoox,~2538,5.1,0
2023,safety-driver,Zoox,~2583,95.9,0
2023,safety-driver,Zoox,~2615,239.5,0
2023,safety-driver,Zoox,~2656,186.1,0
2023,safety-driver,Zoox,~2657,95.2,0
2023,safety-driver,Zoox,~2698,14531.7,1
2023,safety-driver,Zoox,~2699,9610.0,0
2023,safety-driver,Zoox,~2783,0.0,0
2023,safety-driver,Zoox,~2856,0.0,0
2023,safety-driver,Zoox,~2865,0.0,0
2023,safety-driver,Zoox,~2872,6546.9,0
2023,safety-driver,Zoox,~2895,0.0,0
2023,safety-driver,Zoox,~2917,28.0,0
2023,safety-driver,Zoox,~2949,4611.9,0
2023,safety-driver,Zoox,~3084,3409.2,0
2023,safety-driver,Zoox,~3090,0.0,0
2023,safety-driver,Zoox,~3139,65.7,0
2023,safety-driver,Zoox,~3225,6279.4,0
2023,safety-driver,Zoox,~3315,68.1,0
2023,safety-driver,Zoox,~3480,0.0,0
2023,safety-driver,Zoox,~3489,0.0,0
2023,safety-driver,Zoox,~3645,0.0,0
2023,safety-driver,Zoox,~3710,1068.3,0
2023,safety-driver,Zoox,~3726,908.6,0
2023,safety-driver,Zoox,~3761,0.0,0
2023,safety-driver,Zoox,~3786,0.0,0
2023,safety-driver,Zoox,~3800,0.0,0
2023,safety-driver,Zoox,~3824,28.7,0
2023,safety-driver,Zoox,~3833,6303.1,0
2023,safety-driver,Zoox,~3847,0.0,0
2023,safety-driver,Zoox,~3863,1176.9,0
2023,safety-driver,Zoox,~3875,0.0,0
2023,safety-driver,Zoox,~3880,6934.1,0
2023,safety-driver,Zoox,~3889,0.0,0
2023,safety-driver,Zoox,~3905,0.0,0
2023,safety-driver,Zoox,~3907,4672.7,0
2023,safety-driver,Zoox,~3957,8177.3,0
2023,safety-driver,Zoox,~3971,0.0,0
2023,safety-driver,Zoox,~3994,0.0,0
2023,safety-driver,Zoox,~4071,15.8,0
2023,safety-driver,Zoox,~4153,0.0,0
2023,safety-driver,Zoox,~4157,118.5,0
2023,safety-driver,Zoox,~4330,0.0,0
2023,safety-driver,Zoox,~4358,7400.8,0
2023,safety-driver,Zoox,~4366,1215.0,0
2023,safety-driver,Zoox,~4386,7369.1,0
2023,safety-driver,Zoox,~4395,3934.9,0
2023,safety-driver,Zoox,~4430,0.0,0
2023,safety-driver,Zoox,~4431,93.0,0
2023,safety-driver,Zoox,~4457,2399.6,0
2023,safety-driver,Zoox,~4462,5085.8,0
2023,safety-driver,Zoox,~4503,698.5,0
2023,safety-driver,Zoox,~4515,0.0,0
2023,safety-driver,Zoox,~4530,0.0,0
2023,safety-driver,Zoox,~4557,0.0,0
2023,safety-driver,Zoox,~4592,0.0,0
2023,safety-driver,Zoox,~4600,0.0,0
2023,safety-driver,Zoox,~4622,0.0,0
2023,safety-driver,Zoox,~4626,0.0,0
2023,safety-driver,Zoox,~4680,319.8,0
2023,safety-driver,Zoox,~4696,506.4,0
2023,safety-driver,Zoox,~4748,0.0,0
2023,safety-driver,Zoox,~4787,0.0,0
2023,safety-driver,Zoox,~4795,5271.6,0
2023,safety-driver,Zoox,~4801,0.0,0
2023,safety-driver,Zoox,~4810,1417.2,0
2023,safety-driver,Zoox,~4873,991.1,0
2023,safety-driver,Zoox,~4880,0.0,0
2023,safety-driver,Zoox,~4894,0.0,0
2023,safety-driver,Zoox,~4903,0.0,0
2023,safety-driver,Zoox,~4960,8446.8,0
2023,safety-driver,Zoox,~4961,10427.0,0
2023,safety-driver,Zoox,~4963,0.0,0
2023,safety-driver,Zoox,~5009,0.0,0
2023,safety-driver,Zoox,~5016,2232.4,0
2023,safety-driver,Zoox,~5023,0.0,0
2023,safety-driver,Zoox,~5032,0.0,0
2023,safety-driver,Zoox,~5071,0.0,0
2023,safety-driver,Zoox,~5151,0.0,0
2023,safety-driver,Zoox,~5163,0.0,0
2023,safety-driver,Zoox,~5195,3554.3,0
2023,safety-driver,Zoox,~5200,8867.5,0
2023,safety-driver,Zoox,~5225,3961.1,0
2023,safety-driver,Zoox,~5257,119.0,0
2023,safety-driver,Zoox,~5267,0.0,0
2023,safety-driver,Zoox,~5294,464.1,0
2023,safety-driver,Zoox,~5299,0.0,0
2023,safety-driver,Zoox,~5336,455.8,0
2023,safety-driver,Zoox,~5349,0.0,0
2023,safety-driver,Zoox,~5363,0.2,0
2023,safety-driver,Zoox,~5396,0.0,0
2023,safety-driver,Zoox,~5424,0.0,0
2023,safety-driver,Zoox,~5502,3704.3,0
2023,safety-driver,Zoox,~5504,13215.2,0
2023,safety-driver,Zoox,~5522,0.0,0
2023,safety-driver,Zoox,~5578,730.8,0
2023,safety-driver,Zoox,~5596,0.0,0
2023,safety-driver,Zoox,~5605,6720.2,0
2023,safety-driver,Zoox,~5631,0.0,0
2023,safety-driver,Zoox,~5632,569.7,0
2023,safety-driver,Zoox,~5678,10524.9,0
2023,safety-driver,Zoox,~5713,344.5,0
2023,safety-driver,Zoox,~5743,10643.1,0
2023,safety-driver,Zoox,~5773,67.0,0
2023,safety-driver,Zoox,~5840,0.0,0
2023,safety-driver,Zoox,~5860,4436.9,0
2023,safety-driver,Zoox,~5903,5226.6,0
2023,safety-driver,Zoox,~5934,0.0,0
2023,safety-driver,Zoox,~5942,3024.0,0
2023,safety-driver,Zoox,~5966,1351.2,0
2023,safety-driver,Zoox,~5981,27.3,0
2023,safety-driver,Zoox,~6088,0.0,0
2023,safety-driver,Zoox,~6099,0.0,0
2023,safety-driver,Zoox,~6110,10943.7,0
2023,safety-driver,Zoox,~6116,0.0,0
2023,safety-driver,Zoox,~6137,0.0,0
2023,safety-driver,Zoox,~6144,3469.9,0
2023,safety-driver,Zoox,~6168,14078.0,0
2023,safety-driver,Zoox,~6183,0.0,0
2023,safety-driver,Zoox,~6229,10157.0,0
2023,safety-driver,Zoox,~6248,0.0,0
2023,safety-driver,Zoox,~6302,0.0,0
2023,safety-driver,Zoox,~6309,0.0,0
2023,safety-driver,Zoox,~6312,0.0,0
2023,safety-driver,Zoox,~6321,6314.4,0
2023,safety-driver,Zoox,~6427,6190.4,0
2023,safety-driver,Zoox,~6471,0.0,0
2023,safety-driver,Zoox,~6513,572.8,0
2023,safety-driver,Zoox,~6522,5854.9,0
2023,safety-driver,Zoox,~6566,0.0,0
2023,safety-driver,Zoox,~6573,0.0,0
2023,safety-driver,Zoox,~6584,0.0,0
2023,safety-driver,Zoox,~6594,1323.8,0
2023,safety-driver,Zoox,~6607,0.0,0
2023,safety-driver,Zoox,~6624,0.0,0
2023,safety-driver,Zoox,~6641,167.2,0
2023,safety-driver,Zoox,~6649,7606.5,0
2023,safety-driver,Zoox,~6652,7654.4,0
2023,safety-driver,Zoox,~6725,1433.4,0
2023,safety-driver,Zoox,~6810,0.0,0
2023,safety-driver,Zoox,~6814,222.3,0
2023,safety-driver,Zoox,~6826,0.0,0
2023,safety-driver,Zoox,~6839,0.0,0
2023,safety-driver,Zoox,~6888,0.0,0
2023,safety-driver,Zoox,~6954,2222.2,0
2023,safety-driver,Zoox,~6969,0.0,0
2023,safety-driver,Zoox,~7014,0.0,0
2023,safety-driver,Zoox,~7061,0.0,0
2023,safety-driver,Zoox,~7100,0.0,0
2023,safety-driver,Zoox,~7108,0.0,0
2023,safety-driver,Zoox,~7155,427.3,0
2023,safety-driver,Zoox,~7179,9095.6,0
2023,safety-driver,Zoox,~7186,8554.1,0
2023,safety-driver,Zoox,~7211,0.0,0
2023,safety-driver,Zoox,~7215,10312.5,0
2023,safety-driver,Zoox,~7228,4952.2,0
2023,safety-driver,Zoox,~7236,9578.9,0
2023,safety-driver,Zoox,~7360,0.0,0
2023,safety-driver,Zoox,~7379,3886.9,0
2023,safety-driver,Zoox,~7397,0.0,0
2023,safety-driver,Zoox,~7413,16261.3,0
2023,safety-driver,Zoox,~7527,10646.9,0
2023,safety-driver,Zoox,~7543,8585.0,0
2023,safety-driver,Zoox,~7580,0.0,0
2023,safety-driver,Zoox,~7587,0.0,0
2023,safety-driver,Zoox,~7590,0.0,0
2023,safety-driver,Zoox,~7602,2784.7,0
2023,safety-driver,Zoox,~7625,2832.0,0
2023,safety-driver,Zoox,~7662,84.1,0
2023,safety-driver,Zoox,~7665,10177.7,0
2023,safety-driver,Zoox,~7667,986.5,0
2023,safety-driver,Zoox,~7693,0.0,0
2023,safety-driver,Zoox,~7703,0.0,0
2023,safety-driver,Zoox,~7746,8320.5,0
2023,safety-driver,Zoox,~7763,1473.6,0
2023,safety-driver,Zoox,~7797,0.0,0
2023,safety-driver,Zoox,~7818,17051.1,0
2023,safety-driver,Zoox,~7839,8998.8,0
2023,safety-driver,Zoox,~7858,555.5,0
2023,safety-driver,Zoox,~7880,97.3,0
2023,safety-driver,Zoox,~7946,3566.5,0
2023,safety-driver,Zoox,~8120,0.0,0
2023,safety-driver,Zoox,~8132,0.0,0
2023,safety-driver,Zoox,~8138,223.7,0
2023,safety-driver,Zoox,~8251,0.0,0
2023,safety-driver,Zoox,~8312,14180.2,1
2023,safety-driver,Zoox,~8372,6434.4,0
2023,safety-driver,Zoox,~8451,0.0,0
2023,safety-driver,Zoox,~8456,4556.4,0
2023,safety-driver,Zoox,~8468,0.0,0
2023,safety-driver,Zoox,~8508,0.0,0
2023,safety-driver,Zoox,~8510,0.0,0
2023,safety-driver,Zoox,~8530,0.0,0
2023,safety-driver,Zoox,~8545,1662.9,0
2023,safety-driver,Zoox,~8547,0.0,0
2023,safety-driver,Zoox,~8641,0.0,0
2023,safety-driver,Zoox,~8642,1419.1,0
2023,safety-driver,Zoox,~8747,0.0,0
2023,safety-driver,Zoox,~8790,0.0,0
2023,safety-driver,Zoox,~8791,0.0,0
2023,safety-driver,Zoox,~8805,4596.9,0
2023,safety-driver,Zoox,~8916,0.0,0
2023,safety-driver,Zoox,~8944,80.3,0
2023,safety-driver,Zoox,~8948,5270.8,1
2023,safety-driver,Zoox,~8953,12135.9,0
2023,safety-driver,Zoox,~9086,5024.7,1
2023,safety-driver,Zoox,~9098,0.0,0
2023,safety-driver,Zoox,~9121,0.0,0
2023,safety-driver,Zoox,~9130,4458.1,0
2023,safety-driver,Zoox,~9142,12984.4,0
2023,safety-driver,Zoox,~9188,0.0,0
2023,safety-driver,Zoox,~9205,0.0,0
2023,safety-driver,Zoox,~9210,0.0,0
2023,safety-driver,Zoox,~9290,0.0,0
2023,safety-driver,Zoox,~9345,0.0,0
2023,safety-driver,Zoox,~9386,0.0,0
2023,safety-driver,Zoox,~9390,0.0,0
2023,safety-driver,Zoox,~9437,5684.8,0
2023,safety-driver,Zoox,~9454,3475.2,0
2023,safety-driver,Zoox,~9493,2518.7,0
2023,safety-driver,Zoox,~9501,20194.2,0
2023,safety-driver,Zoox,~9609,0.0,0
2023,safety-driver,Zoox,~9639,0.0,0
2023,safety-driver,Zoox,~9725,3030.7,0
2023,safety-driver,Zoox,~9729,0.0,0
2023,safety-driver,Zoox,~9740,278.7,0
2023,safety-driver,Zoox,~9765,0.0,0
2023,safety-driver,Zoox,~9781,8239.9,0
2023,safety-driver,Zoox,~9819,1206.1,0
2023,safety-driver,Zoox,~9851,0.0,0
2023,safety-driver,Zoox,~9908,3071.5,0
2023,safety-driver,Zoox,~9989,2730.7,0
2023,safety-driver,aiMotive,4T1B21HK3KU514477,9627.74,443
2023,safety-driver,aiMotive,4T1B21HK6KU514747,5248.67,265
2024,driverless,Nuro,10051,0.0,0
2024,driverless,Nuro,10053,0.0,0
2024,driverless,Nuro,10054,0.0,0
2024,driverless,Nuro,10056,55.30560011,0
2024,driverless,Nuro,10057,0.0,0
2024,driverless,Nuro,10058,0.0,0
2024,driverless,Nuro,10061,5.6,0
2024,driverless,Nuro,10062,0.0,0
2024,driverless,Nuro,1N90NUR01KR385014,39.05443248,0
2024,driverless,Nuro,1N90NUR01KR385028,31.90074564,0
2024,driverless,Nuro,1N90NUR03KR385015,25.12488573,0
2024,driverless,Nuro,1N90NUR07KR385017,0.0,0
2024,driverless,Nuro,1N90NUR08KR385012,0.0,0
2024,driverless,Nuro,1N90NUR08KR385026,0.0,0
2024,driverless,Nuro,1N90NUR09KR385018,0.0,0
2024,driverless,Nuro,1N90NUR09KR385021,0.0,0
2024,driverless,Nuro,1N90NUR0XKR385030,12.09993816,0
2024,driverless,Waymo,SADHW2S10M1602680,0.0,0
2024,driverless,Waymo,SADHW2S10M1602694,0.0,0
2024,driverless,Waymo,SADHW2S10M1614232,0.0,0
2024,driverless,Waymo,SADHW2S10M1614408,0.0,0
2024,driverless,Waymo,SADHW2S10M1614506,362.6,0
2024,driverless,Waymo,SADHW2S10M1614568,0.0,0
2024,driverless,Waymo,SADHW2S10M1615199,0.0,0
2024,driverless,Waymo,SADHW2S10M1615347,0.0,0
2024,driverless,Waymo,SADHW2S10M1615493,473.4,0
2024,driverless,Waymo,SADHW2S10M1615512,0.0,0
2024,driverless,Waymo,SADHW2S10M1615560,0.0,0
2024,driverless,Waymo,SADHW2S10M1615753,0.0,0
2024,driverless,Waymo,SADHW2S10M1615770,0.0,0
2024,driverless,Waymo,SADHW2S10M1615798,200.9,0
2024,driverless,Waymo,SADHW2S10M1615977,399.2,0
2024,driverless,Waymo,SADHW2S10M1616448,344.4,0
2024,driverless,Waymo,SADHW2S10M1616692,509.4,0
2024,driverless,Waymo,SADHW2S10M1616904,468.1,0
2024,driverless,Waymo,SADHW2S10M1617051,223.3,0
2024,driverless,Waymo,SADHW2S10M1617101,233.8,0
2024,driverless,Waymo,SADHW2S10M1617177,207.5,0
2024,driverless,Waymo,SADHW2S10M1617227,520.4,1
2024,driverless,Waymo,SADHW2S10M1617583,588.7,0
2024,driverless,Waymo,SADHW2S10M1617633,221.7,0
2024,driverless,Waymo,SADHW2S10M1617647,343.0,0
2024,driverless,Waymo,SADHW2S10R1634133,409.0,0
2024,driverless,Waymo,SADHW2S10R1634472,440.3,0
2024,driverless,Waymo,SADHW2S10R1634665,0.0,0
2024,driverless,Waymo,SADHW2S10R1634875,486.4,0
2024,driverless,Waymo,SADHW2S10R1634911,153.0,0
2024,driverless,Waymo,SADHW2S10R1634939,300.8,0
2024,driverless,Waymo,SADHW2S10R1634987,246.6,0
2024,driverless,Waymo,SADHW2S10R1635038,301.1,0
2024,driverless,Waymo,SADHW2S10R1635170,131.2,0
2024,driverless,Waymo,SADHW2S10R1635203,74.1,0
2024,driverless,Waymo,SADHW2S10R1635217,217.3,0
2024,driverless,Waymo,SADHW2S10R1635248,258.7,0
2024,driverless,Waymo,SADHW2S10R1635282,233.0,0
2024,driverless,Waymo,SADHW2S10R1635296,213.0,0
2024,driverless,Waymo,SADHW2S10R1635346,161.9,0
2024,driverless,Waymo,SADHW2S10R1635475,368.8,1
2024,driverless,Waymo,SADHW2S10R1635511,113.6,0
2024,driverless,Waymo,SADHW2S10R1635539,149.7,0
2024,driverless,Waymo,SADHW2S10R1635542,560.1,0
2024,driverless,Waymo,SADHW2S10R1635573,142.6,0
2024,driverless,Waymo,SADHW2S10R1635606,246.7,0
2024,driverless,Waymo,SADHW2S10R1635637,16549.6,0
2024,driverless,Waymo,SADHW2S10R1635640,157.9,0
2024,driverless,Waymo,SADHW2S10R1635671,4089.2,0
2024,driverless,Waymo,SADHW2S10R1635749,189.7,0
2024,driverless,Waymo,SADHW2S10R1635766,219.7,0
2024,driverless,Waymo,SADHW2S10R1635783,341.8,0
2024,driverless,Waymo,SADHW2S10R1635802,236.3,0
2024,driverless,Waymo,SADHW2S10R1635895,146.0,0
2024,driverless,Waymo,SADHW2S10R1636092,152.5,0
2024,driverless,Waymo,SADHW2S10R1636321,8528.0,1
2024,driverless,Waymo,SADHW2S10R1636352,39.8,0
2024,driverless,Waymo,SADHW2S10R1636383,93.9,0
2024,driverless,Waymo,SADHW2S10R1636416,307.7,0
2024,driverless,Waymo,SADHW2S10R1636500,71.6,0
2024,driverless,Waymo,SADHW2S10R1636545,159.4,0
2024,driverless,Waymo,SADHW2S10R1636562,185.8,0
2024,driverless,Waymo,SADHW2S10R1636626,93.7,0
2024,driverless,Waymo,SADHW2S10R1636660,51.0,0
2024,driverless,Waymo,SADHW2S10R1636724,136.4,0
2024,driverless,Waymo,SADHW2S10R1636741,0.0,0
2024,driverless,Waymo,SADHW2S10R1636755,94.1,0
2024,driverless,Waymo,SADHW2S10R1636805,43.5,0
2024,driverless,Waymo,SADHW2S10R1636836,64.2,0
2024,driverless,Waymo,SADHW2S10R1636853,64.4,0
2024,driverless,Waymo,SADHW2S10R1637033,24.5,0
2024,driverless,Waymo,SADHW2S10R1637064,0.0,0
2024,driverless,Waymo,SADHW2S10R1637131,40.6,0
2024,driverless,Waymo,SADHW2S10R1637159,10.3,0
2024,driverless,Waymo,SADHW2S10R1637176,18.4,0
2024,driverless,Waymo,SADHW2S10R1637209,143.1,0
2024,driverless,Waymo,SADHW2S10R1637467,44.2,0
2024,driverless,Waymo,SADHW2S10R1637470,1.8,0
2024,driverless,Waymo,SADHW2S10R1637596,44.9,0
2024,driverless,Waymo,SADHW2S10R1637663,45.5,0
2024,driverless,Waymo,SADHW2S10R1637758,26.5,0
2024,driverless,Waymo,SADHW2S10R1637873,0.0,0
2024,driverless,Waymo,SADHW2S10R1638005,0.0,0
2024,driverless,Waymo,SADHW2S11M1602073,0.0,0
2024,driverless,Waymo,SADHW2S11M1602641,0.0,0
2024,driverless,Waymo,SADHW2S11M1602669,0.0,0
2024,driverless,Waymo,SADHW2S11M1602686,0.0,0
2024,driverless,Waymo,SADHW2S11M1602705,0.0,0
2024,driverless,Waymo,SADHW2S11M1606219,0.0,0
2024,driverless,Waymo,SADHW2S11M1614093,0.0,0
2024,driverless,Waymo,SADHW2S11M1614577,0.0,0
2024,driverless,Waymo,SADHW2S11M1614661,0.0,0
2024,driverless,Waymo,SADHW2S11M1614742,0.0,0
2024,driverless,Waymo,SADHW2S11M1614790,0.0,0
2024,driverless,Waymo,SADHW2S11M1614854,1858.0,0
2024,driverless,Waymo,SADHW2S11M1614966,0.0,0
2024,driverless,Waymo,SADHW2S11M1615129,0.0,0
2024,driverless,Waymo,SADHW2S11M1615292,0.0,0
2024,driverless,Waymo,SADHW2S11M1615437,0.0,0
2024,driverless,Waymo,SADHW2S11M1615454,0.0,0
2024,driverless,Waymo,SADHW2S11M1615549,218.5,0
2024,driverless,Waymo,SADHW2S11M1615776,0.0,0
2024,driverless,Waymo,SADHW2S11M1615857,560.9,0
2024,driverless,Waymo,SADHW2S11M1616054,0.0,0
2024,driverless,Waymo,SADHW2S11M1616118,0.0,0
2024,driverless,Waymo,SADHW2S11M1616149,521.9,0
2024,driverless,Waymo,SADHW2S11M1616300,0.0,0
2024,driverless,Waymo,SADHW2S11M1616572,548.2,0
2024,driverless,Waymo,SADHW2S11M1616619,183.2,0
2024,driverless,Waymo,SADHW2S11M1616992,162.4,0
2024,driverless,Waymo,SADHW2S11M1617186,214.9,0
2024,driverless,Waymo,SADHW2S11M1617219,472.0,0
2024,driverless,Waymo,SADHW2S11M1617298,182.1,0
2024,driverless,Waymo,SADHW2S11M1617365,20220.1,0
2024,driverless,Waymo,SADHW2S11M1617611,180.9,0
2024,driverless,Waymo,SADHW2S11M1617625,349.4,0
2024,driverless,Waymo,SADHW2S11R1632827,0.0,0
2024,driverless,Waymo,SADHW2S11R1634044,447.3,0
2024,driverless,Waymo,SADHW2S11R1634075,4243.5,0
2024,driverless,Waymo,SADHW2S11R1634125,280.5,0
2024,driverless,Waymo,SADHW2S11R1634464,390.9,0
2024,driverless,Waymo,SADHW2S11R1634495,1776.0,0
2024,driverless,Waymo,SADHW2S11R1634500,637.3,0
2024,driverless,Waymo,SADHW2S11R1634612,0.0,0
2024,driverless,Waymo,SADHW2S11R1634643,337.0,0
2024,driverless,Waymo,SADHW2S11R1634674,374.8,0
2024,driverless,Waymo,SADHW2S11R1634724,0.0,0
2024,driverless,Waymo,SADHW2S11R1634870,233.9,0
2024,driverless,Waymo,SADHW2S11R1634903,400.6,0
2024,driverless,Waymo,SADHW2S11R1634917,228.9,0
2024,driverless,Waymo,SADHW2S11R1634951,148.9,0
2024,driverless,Waymo,SADHW2S11R1635033,424.5,0
2024,driverless,Waymo,SADHW2S11R1635095,415.6,0
2024,driverless,Waymo,SADHW2S11R1635114,570.2,0
2024,driverless,Waymo,SADHW2S11R1635131,321.3,0
2024,driverless,Waymo,SADHW2S11R1635243,164.2,0
2024,driverless,Waymo,SADHW2S11R1635274,235.1,0
2024,driverless,Waymo,SADHW2S11R1635310,194.2,0
2024,driverless,Waymo,SADHW2S11R1635324,202.3,0
2024,driverless,Waymo,SADHW2S11R1635369,304.1,0
2024,driverless,Waymo,SADHW2S11R1635372,407.8,0
2024,driverless,Waymo,SADHW2S11R1635419,128.4,0
2024,driverless,Waymo,SADHW2S11R1635503,154.3,0
2024,driverless,Waymo,SADHW2S11R1635582,175.5,0
2024,driverless,Waymo,SADHW2S11R1635646,234.8,0
2024,driverless,Waymo,SADHW2S11R1635808,127.2,0
2024,driverless,Waymo,SADHW2S11R1635811,125.9,0
2024,driverless,Waymo,SADHW2S11R1635968,132.5,0
2024,driverless,Waymo,SADHW2S11R1635999,124.4,0
2024,driverless,Waymo,SADHW2S11R1636084,223.7,0
2024,driverless,Waymo,SADHW2S11R1636103,164.5,0
2024,driverless,Waymo,SADHW2S11R1636327,60.1,0
2024,driverless,Waymo,SADHW2S11R1636389,220.9,0
2024,driverless,Waymo,SADHW2S11R1636392,35.3,0
2024,driverless,Waymo,SADHW2S11R1636439,0.0,0
2024,driverless,Waymo,SADHW2S11R1636621,98.1,0
2024,driverless,Waymo,SADHW2S11R1636652,108.5,0
2024,driverless,Waymo,SADHW2S11R1636666,90.5,0
2024,driverless,Waymo,SADHW2S11R1636702,79.4,0
2024,driverless,Waymo,SADHW2S11R1636862,0.0,0
2024,driverless,Waymo,SADHW2S11R1637008,145.2,0
2024,driverless,Waymo,SADHW2S11R1637039,0.0,0
2024,driverless,Waymo,SADHW2S11R1637087,23.3,0
2024,driverless,Waymo,SADHW2S11R1637090,0.0,0
2024,driverless,Waymo,SADHW2S11R1637123,0.0,0
2024,driverless,Waymo,SADHW2S11R1637185,0.0,0
2024,driverless,Waymo,SADHW2S11R1637350,800.3,1
2024,driverless,Waymo,SADHW2S11R1637560,295.1,0
2024,driverless,Waymo,SADHW2S11R1637610,123.4,0
2024,driverless,Waymo,SADHW2S11R1637736,221.4,0
2024,driverless,Waymo,SADHW2S11R1637848,21.7,0
2024,driverless,Waymo,SADHW2S11R1637896,25.1,0
2024,driverless,Waymo,SADHW2S12M1602695,0.0,0
2024,driverless,Waymo,SADHW2S12M1602700,0.0,0
2024,driverless,Waymo,SADHW2S12M1606200,0.0,0
2024,driverless,Waymo,SADHW2S12M1614314,0.0,0
2024,driverless,Waymo,SADHW2S12M1614586,0.0,0
2024,driverless,Waymo,SADHW2S12M1614670,0.0,0
2024,driverless,Waymo,SADHW2S12M1614863,0.0,0
2024,driverless,Waymo,SADHW2S12M1614930,0.0,0
2024,driverless,Waymo,SADHW2S12M1614944,0.0,0
2024,driverless,Waymo,SADHW2S12M1615141,0.0,0
2024,driverless,Waymo,SADHW2S12M1615415,0.0,0
2024,driverless,Waymo,SADHW2S12M1615527,455.6,0
2024,driverless,Waymo,SADHW2S12M1615589,422.8,0
2024,driverless,Waymo,SADHW2S12M1615687,393.5,0
2024,driverless,Waymo,SADHW2S12M1615690,477.3,0
2024,driverless,Waymo,SADHW2S12M1615754,0.0,0
2024,driverless,Waymo,SADHW2S12M1615849,0.0,0
2024,driverless,Waymo,SADHW2S12M1615947,454.6,0
2024,driverless,Waymo,SADHW2S12M1616001,317.7,0
2024,driverless,Waymo,SADHW2S12M1616015,0.0,0
2024,driverless,Waymo,SADHW2S12M1616130,579.6,1
2024,driverless,Waymo,SADHW2S12M1616158,572.0,0
2024,driverless,Waymo,SADHW2S12M1616208,0.0,0
2024,driverless,Waymo,SADHW2S12M1616385,440.3,1
2024,driverless,Waymo,SADHW2S12M1616421,311.4,0
2024,driverless,Waymo,SADHW2S12M1616581,236.7,0
2024,driverless,Waymo,SADHW2S12M1616600,1699.5,0
2024,driverless,Waymo,SADHW2S12M1616712,198.0,0
2024,driverless,Waymo,SADHW2S12M1616726,576.7,0
2024,driverless,Waymo,SADHW2S12M1616824,185.5,0
2024,driverless,Waymo,SADHW2S12M1617309,297.6,0
2024,driverless,Waymo,SADHW2S12R1632870,0.0,0
2024,driverless,Waymo,SADHW2S12R1632903,0.0,0
2024,driverless,Waymo,SADHW2S12R1634117,8921.3,0
2024,driverless,Waymo,SADHW2S12R1634392,1928.3,0
2024,driverless,Waymo,SADHW2S12R1634487,0.0,0
2024,driverless,Waymo,SADHW2S12R1634585,0.0,0
2024,driverless,Waymo,SADHW2S12R1634604,529.1,0
2024,driverless,Waymo,SADHW2S12R1634649,0.0,0
2024,driverless,Waymo,SADHW2S12R1634778,370.9,0
2024,driverless,Waymo,SADHW2S12R1634859,320.5,0
2024,driverless,Waymo,SADHW2S12R1634943,512.6,0
2024,driverless,Waymo,SADHW2S12R1635025,230.3,0
2024,driverless,Waymo,SADHW2S12R1635042,189.7,0
2024,driverless,Waymo,SADHW2S12R1635087,335.6,0
2024,driverless,Waymo,SADHW2S12R1635123,231.6,0
2024,driverless,Waymo,SADHW2S12R1635199,135.2,0
2024,driverless,Waymo,SADHW2S12R1635221,280.7,0
2024,driverless,Waymo,SADHW2S12R1635302,184.5,1
2024,driverless,Waymo,SADHW2S12R1635333,204.2,0
2024,driverless,Waymo,SADHW2S12R1635364,221.5,0
2024,driverless,Waymo,SADHW2S12R1635610,132.6,0
2024,driverless,Waymo,SADHW2S12R1635705,513.9,0
2024,driverless,Waymo,SADHW2S12R1635719,499.5,0
2024,driverless,Waymo,SADHW2S12R1635722,459.7,0
2024,driverless,Waymo,SADHW2S12R1635736,193.5,0
2024,driverless,Waymo,SADHW2S12R1635753,1835.2,0
2024,driverless,Waymo,SADHW2S12R1635834,242.9,0
2024,driverless,Waymo,SADHW2S12R1635848,144.7,1
2024,driverless,Waymo,SADHW2S12R1635851,488.2,0
2024,driverless,Waymo,SADHW2S12R1635865,323.3,0
2024,driverless,Waymo,SADHW2S12R1635882,173.9,0
2024,driverless,Waymo,SADHW2S12R1635929,267.7,0
2024,driverless,Waymo,SADHW2S12R1635994,2294.8,0
2024,driverless,Waymo,SADHW2S12R1636112,115.9,0
2024,driverless,Waymo,SADHW2S12R1636126,138.5,0
2024,driverless,Waymo,SADHW2S12R1636398,182.0,0
2024,driverless,Waymo,SADHW2S12R1636434,0.0,0
2024,driverless,Waymo,SADHW2S12R1636515,83.1,0
2024,driverless,Waymo,SADHW2S12R1636529,77.6,0
2024,driverless,Waymo,SADHW2S12R1636532,0.0,0
2024,driverless,Waymo,SADHW2S12R1636563,109.5,0
2024,driverless,Waymo,SADHW2S12R1636577,70.7,0
2024,driverless,Waymo,SADHW2S12R1636630,132.8,0
2024,driverless,Waymo,SADHW2S12R1636644,166.6,0
2024,driverless,Waymo,SADHW2S12R1636689,135.8,0
2024,driverless,Waymo,SADHW2S12R1636692,116.3,0
2024,driverless,Waymo,SADHW2S12R1636756,0.0,0
2024,driverless,Waymo,SADHW2S12R1636773,212.3,0
2024,driverless,Waymo,SADHW2S12R1636787,0.0,0
2024,driverless,Waymo,SADHW2S12R1636790,47.1,0
2024,driverless,Waymo,SADHW2S12R1636823,104.3,0
2024,driverless,Waymo,SADHW2S12R1636871,149.4,0
2024,driverless,Waymo,SADHW2S12R1636885,40.1,0
2024,driverless,Waymo,SADHW2S12R1636899,0.0,0
2024,driverless,Waymo,SADHW2S12R1636918,0.0,0
2024,driverless,Waymo,SADHW2S12R1636935,114.9,0
2024,driverless,Waymo,SADHW2S12R1637096,11.8,0
2024,driverless,Waymo,SADHW2S12R1637115,24.2,0
2024,driverless,Waymo,SADHW2S12R1637275,71.8,0
2024,driverless,Waymo,SADHW2S12R1637339,112.9,0
2024,driverless,Waymo,SADHW2S12R1637342,43.2,0
2024,driverless,Waymo,SADHW2S12R1637356,35.3,0
2024,driverless,Waymo,SADHW2S12R1637597,124.6,0
2024,driverless,Waymo,SADHW2S12R1637616,47.2,0
2024,driverless,Waymo,SADHW2S12R1637826,0.0,0
2024,driverless,Waymo,SADHW2S12R1637888,16.3,0
2024,driverless,Waymo,SADHW2S12R1637907,41.0,0
2024,driverless,Waymo,SADHW2S12R1638085,0.0,0
2024,driverless,Waymo,SADHW2S13M1602673,0.0,0
2024,driverless,Waymo,SADHW2S13M1602690,0.0,0
2024,driverless,Waymo,SADHW2S13M1602740,0.0,0
2024,driverless,Waymo,SADHW2S13M1606173,0.0,0
2024,driverless,Waymo,SADHW2S13M1614080,0.0,0
2024,driverless,Waymo,SADHW2S13M1614368,0.0,0
2024,driverless,Waymo,SADHW2S13M1614418,256.7,0
2024,driverless,Waymo,SADHW2S13M1614497,0.0,0
2024,driverless,Waymo,SADHW2S13M1614595,0.0,0
2024,driverless,Waymo,SADHW2S13M1614614,1290.8,0
2024,driverless,Waymo,SADHW2S13M1614757,394.2,0
2024,driverless,Waymo,SADHW2S13M1614774,0.0,0
2024,driverless,Waymo,SADHW2S13M1614807,0.0,0
2024,driverless,Waymo,SADHW2S13M1615374,464.2,0
2024,driverless,Waymo,SADHW2S13M1615469,639.6,0
2024,driverless,Waymo,SADHW2S13M1615505,19728.7,0
2024,driverless,Waymo,SADHW2S13M1615665,0.0,0
2024,driverless,Waymo,SADHW2S13M1615780,0.0,0
2024,driverless,Waymo,SADHW2S13M1615813,21852.2,2
2024,driverless,Waymo,SADHW2S13M1616427,221.6,0
2024,driverless,Waymo,SADHW2S13M1616542,433.6,1
2024,driverless,Waymo,SADHW2S13M1616587,432.5,0
2024,driverless,Waymo,SADHW2S13M1616668,0.0,0
2024,driverless,Waymo,SADHW2S13M1616928,18945.1,0
2024,driverless,Waymo,SADHW2S13M1617450,226.4,0
2024,driverless,Waymo,SADHW2S13M1617464,308.0,0
2024,driverless,Waymo,SADHW2S13M1617528,170.8,0
2024,driverless,Waymo,SADHW2S13R1632814,0.0,0
2024,driverless,Waymo,SADHW2S13R1634059,874.8,0
2024,driverless,Waymo,SADHW2S13R1634109,487.2,0
2024,driverless,Waymo,SADHW2S13R1634143,224.0,0
2024,driverless,Waymo,SADHW2S13R1634532,328.3,0
2024,driverless,Waymo,SADHW2S13R1634594,0.0,0
2024,driverless,Waymo,SADHW2S13R1634692,371.2,0
2024,driverless,Waymo,SADHW2S13R1634806,244.5,0
2024,driverless,Waymo,SADHW2S13R1634921,36.8,0
2024,driverless,Waymo,SADHW2S13R1634949,399.6,0
2024,driverless,Waymo,SADHW2S13R1634966,158.4,0
2024,driverless,Waymo,SADHW2S13R1634983,265.0,0
2024,driverless,Waymo,SADHW2S13R1635101,643.6,0
2024,driverless,Waymo,SADHW2S13R1635258,190.7,0
2024,driverless,Waymo,SADHW2S13R1635292,180.8,0
2024,driverless,Waymo,SADHW2S13R1635339,0.0,0
2024,driverless,Waymo,SADHW2S13R1635471,292.9,0
2024,driverless,Waymo,SADHW2S13R1635499,559.0,0
2024,driverless,Waymo,SADHW2S13R1635535,233.0,0
2024,driverless,Waymo,SADHW2S13R1635566,148.8,0
2024,driverless,Waymo,SADHW2S13R1635602,660.9,0
2024,driverless,Waymo,SADHW2S13R1635650,151.8,0
2024,driverless,Waymo,SADHW2S13R1635664,349.8,0
2024,driverless,Waymo,SADHW2S13R1635678,191.6,0
2024,driverless,Waymo,SADHW2S13R1635681,199.7,0
2024,driverless,Waymo,SADHW2S13R1635695,50.3,0
2024,driverless,Waymo,SADHW2S13R1635759,296.4,1
2024,driverless,Waymo,SADHW2S13R1635776,642.6,0
2024,driverless,Waymo,SADHW2S13R1635955,136.2,0
2024,driverless,Waymo,SADHW2S13R1635986,190.8,0
2024,driverless,Waymo,SADHW2S13R1636054,173.8,0
2024,driverless,Waymo,SADHW2S13R1636068,133.2,0
2024,driverless,Waymo,SADHW2S13R1636099,84.1,0
2024,driverless,Waymo,SADHW2S13R1636121,168.9,0
2024,driverless,Waymo,SADHW2S13R1636345,27.7,0
2024,driverless,Waymo,SADHW2S13R1636359,0.0,0
2024,driverless,Waymo,SADHW2S13R1636362,73.8,0
2024,driverless,Waymo,SADHW2S13R1636474,58.0,0
2024,driverless,Waymo,SADHW2S13R1636507,210.8,0
2024,driverless,Waymo,SADHW2S13R1636541,51.2,0
2024,driverless,Waymo,SADHW2S13R1636586,0.0,0
2024,driverless,Waymo,SADHW2S13R1636698,0.0,0
2024,driverless,Waymo,SADHW2S13R1636720,111.4,0
2024,driverless,Waymo,SADHW2S13R1636734,0.0,0
2024,driverless,Waymo,SADHW2S13R1636748,159.2,0
2024,driverless,Waymo,SADHW2S13R1636779,0.0,0
2024,driverless,Waymo,SADHW2S13R1636782,100.9,0
2024,driverless,Waymo,SADHW2S13R1636796,161.3,0
2024,driverless,Waymo,SADHW2S13R1636815,75.6,0
2024,driverless,Waymo,SADHW2S13R1636829,116.4,0
2024,driverless,Waymo,SADHW2S13R1636832,217.8,0
2024,driverless,Waymo,SADHW2S13R1636880,60.4,0
2024,driverless,Waymo,SADHW2S13R1636894,80.5,0
2024,driverless,Waymo,SADHW2S13R1636927,78.5,0
2024,driverless,Waymo,SADHW2S13R1636944,33.5,0
2024,driverless,Waymo,SADHW2S13R1636961,185.1,0
2024,driverless,Waymo,SADHW2S13R1636975,10.3,0
2024,driverless,Waymo,SADHW2S13R1637107,11.6,0
2024,driverless,Waymo,SADHW2S13R1637141,0.0,0
2024,driverless,Waymo,SADHW2S13R1637222,87.3,0
2024,driverless,Waymo,SADHW2S13R1637253,0.0,0
2024,driverless,Waymo,SADHW2S13R1637267,8.8,0
2024,driverless,Waymo,SADHW2S13R1637270,38.1,0
2024,driverless,Waymo,SADHW2S13R1637284,42.0,0
2024,driverless,Waymo,SADHW2S13R1637298,113.4,0
2024,driverless,Waymo,SADHW2S13R1637334,50.3,0
2024,driverless,Waymo,SADHW2S13R1637608,19.7,0
2024,driverless,Waymo,SADHW2S13R1637771,30.9,0
2024,driverless,Waymo,SADHW2S13R1637852,114.2,0
2024,driverless,Waymo,SADHW2S13R1637866,62.6,0
2024,driverless,Waymo,SADHW2S13R1638063,0.0,0
2024,driverless,Waymo,SADHW2S14M1602343,0.0,0
2024,driverless,Waymo,SADHW2S14M1602682,0.0,0
2024,driverless,Waymo,SADHW2S14M1614346,0.0,0
2024,driverless,Waymo,SADHW2S14M1614542,0.0,0
2024,driverless,Waymo,SADHW2S14M1615190,202.6,0
2024,driverless,Waymo,SADHW2S14M1615271,0.0,0
2024,driverless,Waymo,SADHW2S14M1615447,0.0,0
2024,driverless,Waymo,SADHW2S14M1615478,0.0,0
2024,driverless,Waymo,SADHW2S14M1615643,520.4,0
2024,driverless,Waymo,SADHW2S14M1615674,702.0,0
2024,driverless,Waymo,SADHW2S14M1615738,0.0,0
2024,driverless,Waymo,SADHW2S14M1615996,0.0,0
2024,driverless,Waymo,SADHW2S14M1616033,328.5,0
2024,driverless,Waymo,SADHW2S14M1616307,484.4,0
2024,driverless,Waymo,SADHW2S14M1616517,136.4,0
2024,driverless,Waymo,SADHW2S14M1616565,468.2,0
2024,driverless,Waymo,SADHW2S14M1616761,20321.9,1
2024,driverless,Waymo,SADHW2S14M1616985,390.4,0
2024,driverless,Waymo,SADHW2S14M1617036,0.0,0
2024,driverless,Waymo,SADHW2S14M1617327,388.4,0
2024,driverless,Waymo,SADHW2S14M1617473,510.4,0
2024,driverless,Waymo,SADHW2S14M1617523,256.8,0
2024,driverless,Waymo,SADHW2S14M1617537,0.0,0
2024,driverless,Waymo,SADHW2S14M1617599,281.3,0
2024,driverless,Waymo,SADHW2S14M1617604,203.0,0
2024,driverless,Waymo,SADHW2S14R1632790,0.0,0
2024,driverless,Waymo,SADHW2S14R1632854,0.0,0
2024,driverless,Waymo,SADHW2S14R1634068,519.1,0
2024,driverless,Waymo,SADHW2S14R1634121,0.0,0
2024,driverless,Waymo,SADHW2S14R1634491,10866.2,0
2024,driverless,Waymo,SADHW2S14R1634524,3114.3,0
2024,driverless,Waymo,SADHW2S14R1634619,0.0,0
2024,driverless,Waymo,SADHW2S14R1634622,285.4,0
2024,driverless,Waymo,SADHW2S14R1634894,237.4,0
2024,driverless,Waymo,SADHW2S14R1634913,437.2,0
2024,driverless,Waymo,SADHW2S14R1634927,300.3,0
2024,driverless,Waymo,SADHW2S14R1634961,373.0,0
2024,driverless,Waymo,SADHW2S14R1634975,388.6,0
2024,driverless,Waymo,SADHW2S14R1635009,1011.4,0
2024,driverless,Waymo,SADHW2S14R1635091,512.9,0
2024,driverless,Waymo,SADHW2S14R1635110,666.7,0
2024,driverless,Waymo,SADHW2S14R1635253,361.2,0
2024,driverless,Waymo,SADHW2S14R1635267,182.8,0
2024,driverless,Waymo,SADHW2S14R1635284,181.7,0
2024,driverless,Waymo,SADHW2S14R1635379,483.9,0
2024,driverless,Waymo,SADHW2S14R1635401,188.5,0
2024,driverless,Waymo,SADHW2S14R1635429,159.0,0
2024,driverless,Waymo,SADHW2S14R1635527,431.7,0
2024,driverless,Waymo,SADHW2S14R1635558,144.6,0
2024,driverless,Waymo,SADHW2S14R1635589,1908.2,0
2024,driverless,Waymo,SADHW2S14R1635799,34.9,0
2024,driverless,Waymo,SADHW2S14R1635818,105.7,0
2024,driverless,Waymo,SADHW2S14R1635821,115.8,0
2024,driverless,Waymo,SADHW2S14R1635902,103.7,0
2024,driverless,Waymo,SADHW2S14R1635916,146.2,0
2024,driverless,Waymo,SADHW2S14R1635947,128.6,0
2024,driverless,Waymo,SADHW2S14R1635964,276.7,0
2024,driverless,Waymo,SADHW2S14R1635978,96.2,0
2024,driverless,Waymo,SADHW2S14R1636015,187.4,0
2024,driverless,Waymo,SADHW2S14R1636063,188.4,0
2024,driverless,Waymo,SADHW2S14R1636080,83.7,0
2024,driverless,Waymo,SADHW2S14R1636144,316.4,0
2024,driverless,Waymo,SADHW2S14R1636306,0.0,0
2024,driverless,Waymo,SADHW2S14R1636368,0.0,0
2024,driverless,Waymo,SADHW2S14R1636371,64.3,0
2024,driverless,Waymo,SADHW2S14R1636404,75.5,0
2024,driverless,Waymo,SADHW2S14R1636449,307.3,0
2024,driverless,Waymo,SADHW2S14R1636466,0.0,0
2024,driverless,Waymo,SADHW2S14R1636497,0.0,0
2024,driverless,Waymo,SADHW2S14R1636533,78.2,0
2024,driverless,Waymo,SADHW2S14R1636614,45.3,0
2024,driverless,Waymo,SADHW2S14R1636676,150.2,0
2024,driverless,Waymo,SADHW2S14R1636807,55.3,0
2024,driverless,Waymo,SADHW2S14R1636841,32.6,0
2024,driverless,Waymo,SADHW2S14R1636855,6.7,0
2024,driverless,Waymo,SADHW2S14R1636967,21.6,0
2024,driverless,Waymo,SADHW2S14R1636984,97.3,0
2024,driverless,Waymo,SADHW2S14R1637021,19.6,0
2024,driverless,Waymo,SADHW2S14R1637102,99.9,0
2024,driverless,Waymo,SADHW2S14R1637147,56.3,0
2024,driverless,Waymo,SADHW2S14R1637150,133.8,0
2024,driverless,Waymo,SADHW2S14R1637200,66.0,0
2024,driverless,Waymo,SADHW2S14R1637228,97.9,0
2024,driverless,Waymo,SADHW2S14R1637231,37.4,0
2024,driverless,Waymo,SADHW2S14R1637259,0.0,0
2024,driverless,Waymo,SADHW2S14R1637309,0.0,0
2024,driverless,Waymo,SADHW2S14R1637326,0.0,0
2024,driverless,Waymo,SADHW2S14R1637746,32.9,0
2024,driverless,Waymo,SADHW2S14R1637875,0.0,0
2024,driverless,Waymo,SADHW2S14R1639707,0.0,0
2024,driverless,Waymo,SADHW2S15M1602660,0.0,0
2024,driverless,Waymo,SADHW2S15M1602674,0.0,0
2024,driverless,Waymo,SADHW2S15M1602691,0.0,0
2024,driverless,Waymo,SADHW2S15M1605896,0.0,0
2024,driverless,Waymo,SADHW2S15M1606191,0.0,0
2024,driverless,Waymo,SADHW2S15M1614551,0.0,0
2024,driverless,Waymo,SADHW2S15M1615277,177.7,0
2024,driverless,Waymo,SADHW2S15M1615568,20900.4,0
2024,driverless,Waymo,SADHW2S15M1615599,288.4,0
2024,driverless,Waymo,SADHW2S15M1615635,0.0,0
2024,driverless,Waymo,SADHW2S15M1615716,143.3,0
2024,driverless,Waymo,SADHW2S15M1616008,378.6,0
2024,driverless,Waymo,SADHW2S15M1616140,412.8,0
2024,driverless,Waymo,SADHW2S15M1616171,484.6,0
2024,driverless,Waymo,SADHW2S15M1616333,215.9,0
2024,driverless,Waymo,SADHW2S15M1616462,212.1,0
2024,driverless,Waymo,SADHW2S15M1616557,381.5,0
2024,driverless,Waymo,SADHW2S15M1616638,422.4,0
2024,driverless,Waymo,SADHW2S15M1616686,207.4,0
2024,driverless,Waymo,SADHW2S15M1616705,282.6,0
2024,driverless,Waymo,SADHW2S15M1616767,223.4,0
2024,driverless,Waymo,SADHW2S15M1617109,271.8,0
2024,driverless,Waymo,SADHW2S15M1617238,190.9,1
2024,driverless,Waymo,SADHW2S15M1617319,489.6,0
2024,driverless,Waymo,SADHW2S15M1617403,169.0,0
2024,driverless,Waymo,SADHW2S15M1617515,159.2,0
2024,driverless,Waymo,SADHW2S15M1617546,309.4,0
2024,driverless,Waymo,SADHW2S15R1634094,391.8,0
2024,driverless,Waymo,SADHW2S15R1634385,622.2,0
2024,driverless,Waymo,SADHW2S15R1634399,326.8,0
2024,driverless,Waymo,SADHW2S15R1634421,282.8,0
2024,driverless,Waymo,SADHW2S15R1634435,515.9,0
2024,driverless,Waymo,SADHW2S15R1634516,1163.4,0
2024,driverless,Waymo,SADHW2S15R1634564,1705.2,0
2024,driverless,Waymo,SADHW2S15R1634709,420.3,0
2024,driverless,Waymo,SADHW2S15R1634712,398.2,0
2024,driverless,Waymo,SADHW2S15R1634757,453.1,0
2024,driverless,Waymo,SADHW2S15R1634774,372.4,0
2024,driverless,Waymo,SADHW2S15R1634791,433.8,0
2024,driverless,Waymo,SADHW2S15R1634824,233.1,0
2024,driverless,Waymo,SADHW2S15R1634838,297.7,0
2024,driverless,Waymo,SADHW2S15R1634855,264.1,0
2024,driverless,Waymo,SADHW2S15R1634886,225.2,0
2024,driverless,Waymo,SADHW2S15R1634905,280.2,0
2024,driverless,Waymo,SADHW2S15R1634919,330.6,0
2024,driverless,Waymo,SADHW2S15R1634953,456.6,0
2024,driverless,Waymo,SADHW2S15R1634970,145.1,0
2024,driverless,Waymo,SADHW2S15R1635021,211.5,0
2024,driverless,Waymo,SADHW2S15R1635066,248.2,0
2024,driverless,Waymo,SADHW2S15R1635083,283.4,0
2024,driverless,Waymo,SADHW2S15R1635178,517.1,0
2024,driverless,Waymo,SADHW2S15R1635195,263.5,0
2024,driverless,Waymo,SADHW2S15R1635262,278.5,0
2024,driverless,Waymo,SADHW2S15R1635276,152.9,0
2024,driverless,Waymo,SADHW2S15R1635343,176.9,0
2024,driverless,Waymo,SADHW2S15R1635357,192.1,0
2024,driverless,Waymo,SADHW2S15R1635410,160.3,0
2024,driverless,Waymo,SADHW2S15R1635486,123.7,0
2024,driverless,Waymo,SADHW2S15R1635519,136.9,0
2024,driverless,Waymo,SADHW2S15R1635598,239.3,0
2024,driverless,Waymo,SADHW2S15R1635634,133.4,0
2024,driverless,Waymo,SADHW2S15R1635715,1673.5,0
2024,driverless,Waymo,SADHW2S15R1635729,170.6,0
2024,driverless,Waymo,SADHW2S15R1635732,255.9,0
2024,driverless,Waymo,SADHW2S15R1635746,137.6,0
2024,driverless,Waymo,SADHW2S15R1635763,1344.5,0
2024,driverless,Waymo,SADHW2S15R1635780,246.9,0
2024,driverless,Waymo,SADHW2S15R1635827,128.6,0
2024,driverless,Waymo,SADHW2S15R1635875,160.7,0
2024,driverless,Waymo,SADHW2S15R1635889,137.1,0
2024,driverless,Waymo,SADHW2S15R1635892,144.0,0
2024,driverless,Waymo,SADHW2S15R1635908,117.2,0
2024,driverless,Waymo,SADHW2S15R1635939,125.7,0
2024,driverless,Waymo,SADHW2S15R1635973,164.1,0
2024,driverless,Waymo,SADHW2S15R1635990,2611.2,0
2024,driverless,Waymo,SADHW2S15R1636007,107.8,0
2024,driverless,Waymo,SADHW2S15R1636010,99.7,0
2024,driverless,Waymo,SADHW2S15R1636024,118.0,0
2024,driverless,Waymo,SADHW2S15R1636038,0.0,0
2024,driverless,Waymo,SADHW2S15R1636072,157.7,0
2024,driverless,Waymo,SADHW2S15R1636136,111.1,0
2024,driverless,Waymo,SADHW2S15R1636377,605.4,0
2024,driverless,Waymo,SADHW2S15R1636380,106.9,0
2024,driverless,Waymo,SADHW2S15R1636444,21.5,0
2024,driverless,Waymo,SADHW2S15R1636461,101.3,0
2024,driverless,Waymo,SADHW2S15R1636511,148.8,0
2024,driverless,Waymo,SADHW2S15R1636525,63.8,0
2024,driverless,Waymo,SADHW2S15R1636539,239.9,0
2024,driverless,Waymo,SADHW2S15R1636590,0.0,0
2024,driverless,Waymo,SADHW2S15R1636606,27.2,0
2024,driverless,Waymo,SADHW2S15R1636637,22.4,0
2024,driverless,Waymo,SADHW2S15R1636640,10.8,0
2024,driverless,Waymo,SADHW2S15R1636749,984.9,0
2024,driverless,Waymo,SADHW2S15R1636752,121.0,0
2024,driverless,Waymo,SADHW2S15R1636766,0.0,0
2024,driverless,Waymo,SADHW2S15R1636802,151.9,0
2024,driverless,Waymo,SADHW2S15R1636850,0.0,0
2024,driverless,Waymo,SADHW2S15R1636864,41.4,0
2024,driverless,Waymo,SADHW2S15R1636878,30.9,0
2024,driverless,Waymo,SADHW2S15R1636959,16.6,0
2024,driverless,Waymo,SADHW2S15R1636993,0.0,0
2024,driverless,Waymo,SADHW2S15R1637027,25.6,0
2024,driverless,Waymo,SADHW2S15R1637030,109.2,0
2024,driverless,Waymo,SADHW2S15R1637044,41.5,0
2024,driverless,Waymo,SADHW2S15R1637674,29.1,0
2024,driverless,Waymo,SADHW2S15R1637741,49.6,0
2024,driverless,Waymo,SADHW2S15R1637769,0.0,0
2024,driverless,Waymo,SADHW2S15R1637819,3.3,0
2024,driverless,Waymo,SADHW2S15R1637903,9.7,0
2024,driverless,Waymo,SADHW2S15R1638131,0.0,0
2024,driverless,Waymo,SADHW2S15R1639781,18.5,0
2024,driverless,Waymo,SADHW2S16M1602067,0.0,0
2024,driverless,Waymo,SADHW2S16M1602621,0.0,0
2024,driverless,Waymo,SADHW2S16M1602666,0.0,0
2024,driverless,Waymo,SADHW2S16M1602683,0.0,0
2024,driverless,Waymo,SADHW2S16M1605972,0.0,0
2024,driverless,Waymo,SADHW2S16M1606166,0.0,0
2024,driverless,Waymo,SADHW2S16M1614087,0.0,0
2024,driverless,Waymo,SADHW2S16M1614798,0.0,0
2024,driverless,Waymo,SADHW2S16M1614915,0.0,0
2024,driverless,Waymo,SADHW2S16M1615112,0.0,0
2024,driverless,Waymo,SADHW2S16M1615305,0.0,0
2024,driverless,Waymo,SADHW2S16M1615353,684.8,0
2024,driverless,Waymo,SADHW2S16M1615465,0.0,0
2024,driverless,Waymo,SADHW2S16M1615501,15628.0,0
2024,driverless,Waymo,SADHW2S16M1615577,616.2,0
2024,driverless,Waymo,SADHW2S16M1615742,0.0,0
2024,driverless,Waymo,SADHW2S16M1615773,517.2,0
2024,driverless,Waymo,SADHW2S16M1615823,0.0,0
2024,driverless,Waymo,SADHW2S16M1615871,510.9,0
2024,driverless,Waymo,SADHW2S16M1615904,0.0,0
2024,driverless,Waymo,SADHW2S16M1615952,481.4,0
2024,driverless,Waymo,SADHW2S16M1616051,0.0,0
2024,driverless,Waymo,SADHW2S16M1616261,0.0,0
2024,driverless,Waymo,SADHW2S16M1616549,320.0,0
2024,driverless,Waymo,SADHW2S16M1616860,233.9,0
2024,driverless,Waymo,SADHW2S16M1616972,591.2,0
2024,driverless,Waymo,SADHW2S16M1617507,1120.7,0
2024,driverless,Waymo,SADHW2S16M1617510,277.7,0
2024,driverless,Waymo,SADHW2S16M1617555,1405.6,0
2024,driverless,Waymo,SADHW2S16M1617569,221.2,0
2024,driverless,Waymo,SADHW2S16M1617619,437.7,0
2024,driverless,Waymo,SADHW2S16R1634072,452.2,0
2024,driverless,Waymo,SADHW2S16R1634136,166.3,0
2024,driverless,Waymo,SADHW2S16R1634413,543.6,0
2024,driverless,Waymo,SADHW2S16R1634508,242.2,0
2024,driverless,Waymo,SADHW2S16R1634749,252.0,0
2024,driverless,Waymo,SADHW2S16R1634783,358.4,0
2024,driverless,Waymo,SADHW2S16R1634802,244.4,0
2024,driverless,Waymo,SADHW2S16R1634816,329.1,0
2024,driverless,Waymo,SADHW2S16R1634833,264.1,0
2024,driverless,Waymo,SADHW2S16R1634931,5716.8,0
2024,driverless,Waymo,SADHW2S16R1634945,274.0,0
2024,driverless,Waymo,SADHW2S16R1634959,304.3,1
2024,driverless,Waymo,SADHW2S16R1634993,381.3,0
2024,driverless,Waymo,SADHW2S16R1635058,378.7,0
2024,driverless,Waymo,SADHW2S16R1635139,490.8,0
2024,driverless,Waymo,SADHW2S16R1635156,268.2,0
2024,driverless,Waymo,SADHW2S16R1635187,245.1,0
2024,driverless,Waymo,SADHW2S16R1635318,429.4,0
2024,driverless,Waymo,SADHW2S16R1635321,165.6,0
2024,driverless,Waymo,SADHW2S16R1635349,167.7,0
2024,driverless,Waymo,SADHW2S16R1635478,174.5,0
2024,driverless,Waymo,SADHW2S16R1635495,316.1,0
2024,driverless,Waymo,SADHW2S16R1635531,233.5,0
2024,driverless,Waymo,SADHW2S16R1635562,125.9,0
2024,driverless,Waymo,SADHW2S16R1635626,114.5,0
2024,driverless,Waymo,SADHW2S16R1635643,145.1,0
2024,driverless,Waymo,SADHW2S16R1635657,230.7,0
2024,driverless,Waymo,SADHW2S16R1635674,191.2,0
2024,driverless,Waymo,SADHW2S16R1635688,148.2,0
2024,driverless,Waymo,SADHW2S16R1635691,150.8,0
2024,driverless,Waymo,SADHW2S16R1635769,161.8,0
2024,driverless,Waymo,SADHW2S16R1635772,180.6,0
2024,driverless,Waymo,SADHW2S16R1635805,98.7,0
2024,driverless,Waymo,SADHW2S16R1635920,269.6,0
2024,driverless,Waymo,SADHW2S16R1635951,64.4,0
2024,driverless,Waymo,SADHW2S16R1635982,167.0,0
2024,driverless,Waymo,SADHW2S16R1636095,202.8,0
2024,driverless,Waymo,SADHW2S16R1636131,82.3,0
2024,driverless,Waymo,SADHW2S16R1636386,155.3,0
2024,driverless,Waymo,SADHW2S16R1636419,407.7,0
2024,driverless,Waymo,SADHW2S16R1636422,134.8,0
2024,driverless,Waymo,SADHW2S16R1636503,63.4,0
2024,driverless,Waymo,SADHW2S16R1636579,250.0,0
2024,driverless,Waymo,SADHW2S16R1636582,73.5,0
2024,driverless,Waymo,SADHW2S16R1636663,103.0,0
2024,driverless,Waymo,SADHW2S16R1636713,103.3,0
2024,driverless,Waymo,SADHW2S16R1636727,103.8,0
2024,driverless,Waymo,SADHW2S16R1636811,131.4,0
2024,driverless,Waymo,SADHW2S16R1636825,112.0,0
2024,driverless,Waymo,SADHW2S16R1636887,44.9,0
2024,driverless,Waymo,SADHW2S16R1637005,5.7,0
2024,driverless,Waymo,SADHW2S16R1637053,41.3,0
2024,driverless,Waymo,SADHW2S16R1637067,25.7,0
2024,driverless,Waymo,SADHW2S16R1637070,0.0,0
2024,driverless,Waymo,SADHW2S16R1637084,52.9,0
2024,driverless,Waymo,SADHW2S16R1637165,0.0,0
2024,driverless,Waymo,SADHW2S16R1637375,26.0,0
2024,driverless,Waymo,SADHW2S16R1637568,58.3,0
2024,driverless,Waymo,SADHW2S16R1637649,175.4,0
2024,driverless,Waymo,SADHW2S16R1637716,47.6,1
2024,driverless,Waymo,SADHW2S16R1637764,796.8,0
2024,driverless,Waymo,SADHW2S16R1637859,0.0,0
2024,driverless,Waymo,SADHW2S16R1637893,0.0,0
2024,driverless,Waymo,SADHW2S16R1637912,0.0,0
2024,driverless,Waymo,SADHW2S16R1638087,0.0,0
2024,driverless,Waymo,SADHW2S16R1639823,34.0,0
2024,driverless,Waymo,SADHW2S17M1602689,0.0,0
2024,driverless,Waymo,SADHW2S17M1606225,0.0,0
2024,driverless,Waymo,SADHW2S17M1614633,0.0,0
2024,driverless,Waymo,SADHW2S17M1614647,5056.1,1
2024,driverless,Waymo,SADHW2S17M1614678,0.0,0
2024,driverless,Waymo,SADHW2S17M1615040,0.0,0
2024,driverless,Waymo,SADHW2S17M1615393,240.5,0
2024,driverless,Waymo,SADHW2S17M1615555,0.0,0
2024,driverless,Waymo,SADHW2S17M1615605,566.0,0
2024,driverless,Waymo,SADHW2S17M1615619,481.9,0
2024,driverless,Waymo,SADHW2S17M1615653,0.0,0
2024,driverless,Waymo,SADHW2S17M1615703,0.0,0
2024,driverless,Waymo,SADHW2S17M1615748,0.0,0
2024,driverless,Waymo,SADHW2S17M1615846,438.5,0
2024,driverless,Waymo,SADHW2S17M1615930,0.0,0
2024,driverless,Waymo,SADHW2S17M1616592,215.1,0
2024,driverless,Waymo,SADHW2S17M1616656,529.7,0
2024,driverless,Waymo,SADHW2S17M1616740,338.9,0
2024,driverless,Waymo,SADHW2S17M1616799,533.1,0
2024,driverless,Waymo,SADHW2S17M1616818,221.9,0
2024,driverless,Waymo,SADHW2S17M1617385,223.7,0
2024,driverless,Waymo,SADHW2S17M1617595,399.8,0
2024,driverless,Waymo,SADHW2S17R1634047,388.3,0
2024,driverless,Waymo,SADHW2S17R1634064,382.9,1
2024,driverless,Waymo,SADHW2S17R1634520,348.3,0
2024,driverless,Waymo,SADHW2S17R1634579,229.1,0
2024,driverless,Waymo,SADHW2S17R1634582,0.0,0
2024,driverless,Waymo,SADHW2S17R1634629,265.4,0
2024,driverless,Waymo,SADHW2S17R1634632,371.5,0
2024,driverless,Waymo,SADHW2S17R1634680,216.7,0
2024,driverless,Waymo,SADHW2S17R1634811,0.0,0
2024,driverless,Waymo,SADHW2S17R1634890,427.1,0
2024,driverless,Waymo,SADHW2S17R1634937,320.0,1
2024,driverless,Waymo,SADHW2S17R1635005,352.8,0
2024,driverless,Waymo,SADHW2S17R1635148,341.3,0
2024,driverless,Waymo,SADHW2S17R1635165,0.0,0
2024,driverless,Waymo,SADHW2S17R1635182,284.6,0
2024,driverless,Waymo,SADHW2S17R1635229,324.4,0
2024,driverless,Waymo,SADHW2S17R1635294,299.4,0
2024,driverless,Waymo,SADHW2S17R1635313,229.1,0
2024,driverless,Waymo,SADHW2S17R1635327,213.4,0
2024,driverless,Waymo,SADHW2S17R1635361,359.2,0
2024,driverless,Waymo,SADHW2S17R1635375,727.1,0
2024,driverless,Waymo,SADHW2S17R1635523,11286.5,0
2024,driverless,Waymo,SADHW2S17R1635554,187.7,0
2024,driverless,Waymo,SADHW2S17R1635618,118.5,0
2024,driverless,Waymo,SADHW2S17R1635702,167.2,0
2024,driverless,Waymo,SADHW2S17R1635814,374.0,0
2024,driverless,Waymo,SADHW2S17R1635831,127.0,0
2024,driverless,Waymo,SADHW2S17R1635845,110.1,0
2024,driverless,Waymo,SADHW2S17R1635859,227.1,0
2024,driverless,Waymo,SADHW2S17R1635862,117.4,0
2024,driverless,Waymo,SADHW2S17R1635912,144.6,0
2024,driverless,Waymo,SADHW2S17R1635943,229.3,0
2024,driverless,Waymo,SADHW2S17R1636140,278.1,0
2024,driverless,Waymo,SADHW2S17R1636395,0.0,0
2024,driverless,Waymo,SADHW2S17R1636428,54.8,0
2024,driverless,Waymo,SADHW2S17R1636557,624.4,0
2024,driverless,Waymo,SADHW2S17R1636591,26.9,0
2024,driverless,Waymo,SADHW2S17R1636610,0.0,0
2024,driverless,Waymo,SADHW2S17R1636669,142.2,0
2024,driverless,Waymo,SADHW2S17R1636705,27.2,0
2024,driverless,Waymo,SADHW2S17R1636736,244.8,0
2024,driverless,Waymo,SADHW2S17R1636767,81.2,0
2024,driverless,Waymo,SADHW2S17R1636770,193.4,0
2024,driverless,Waymo,SADHW2S17R1636848,8.9,0
2024,driverless,Waymo,SADHW2S17R1636896,0.0,0
2024,driverless,Waymo,SADHW2S17R1636901,70.6,0
2024,driverless,Waymo,SADHW2S17R1636929,161.6,0
2024,driverless,Waymo,SADHW2S17R1636932,31.3,0
2024,driverless,Waymo,SADHW2S17R1637000,33.1,0
2024,driverless,Waymo,SADHW2S17R1637059,33.8,0
2024,driverless,Waymo,SADHW2S17R1637062,0.0,0
2024,driverless,Waymo,SADHW2S17R1637076,0.0,0
2024,driverless,Waymo,SADHW2S17R1637093,37.4,0
2024,driverless,Waymo,SADHW2S17R1637336,0.0,0
2024,driverless,Waymo,SADHW2S17R1637353,0.0,0
2024,driverless,Waymo,SADHW2S17R1637384,82.4,0
2024,driverless,Waymo,SADHW2S17R1637661,151.5,0
2024,driverless,Waymo,SADHW2S17R1637725,40.4,0
2024,driverless,Waymo,SADHW2S17R1637773,34.2,0
2024,driverless,Waymo,SADHW2S17R1637868,75.8,0
2024,driverless,Waymo,SADHW2S18M1602698,0.0,0
2024,driverless,Waymo,SADHW2S18M1606251,0.0,0
2024,driverless,Waymo,SADHW2S18M1614303,0.0,0
2024,driverless,Waymo,SADHW2S18M1614463,0.0,0
2024,driverless,Waymo,SADHW2S18M1614964,0.0,0
2024,driverless,Waymo,SADHW2S18M1615225,742.9,0
2024,driverless,Waymo,SADHW2S18M1615239,0.0,0
2024,driverless,Waymo,SADHW2S18M1615368,0.0,0
2024,driverless,Waymo,SADHW2S18M1615497,394.8,0
2024,driverless,Waymo,SADHW2S18M1615709,16939.5,0
2024,driverless,Waymo,SADHW2S18M1615838,395.4,0
2024,driverless,Waymo,SADHW2S18M1615886,279.7,0
2024,driverless,Waymo,SADHW2S18M1615919,450.2,0
2024,driverless,Waymo,SADHW2S18M1615922,571.6,0
2024,driverless,Waymo,SADHW2S18M1615970,1288.8,0
2024,driverless,Waymo,SADHW2S18M1616021,0.0,0
2024,driverless,Waymo,SADHW2S18M1616178,0.0,0
2024,driverless,Waymo,SADHW2S18M1616455,257.0,0
2024,driverless,Waymo,SADHW2S18M1616844,252.9,0
2024,driverless,Waymo,SADHW2S18M1616939,159.8,0
2024,driverless,Waymo,SADHW2S18M1617007,164.2,0
2024,driverless,Waymo,SADHW2S18M1617024,271.0,0
2024,driverless,Waymo,SADHW2S18M1617086,292.7,0
2024,driverless,Waymo,SADHW2S18M1617122,0.0,0
2024,driverless,Waymo,SADHW2S18M1617248,82.5,0
2024,driverless,Waymo,SADHW2S18M1617394,194.8,0
2024,driverless,Waymo,SADHW2S18M1617430,135.6,0
2024,driverless,Waymo,SADHW2S18R1632775,0.0,0
2024,driverless,Waymo,SADHW2S18R1632890,0.0,0
2024,driverless,Waymo,SADHW2S18R1634090,9247.7,0
2024,driverless,Waymo,SADHW2S18R1634378,248.4,0
2024,driverless,Waymo,SADHW2S18R1634428,218.3,0
2024,driverless,Waymo,SADHW2S18R1634574,3216.1,0
2024,driverless,Waymo,SADHW2S18R1634588,0.0,0
2024,driverless,Waymo,SADHW2S18R1634591,262.9,0
2024,driverless,Waymo,SADHW2S18R1634705,386.5,0
2024,driverless,Waymo,SADHW2S18R1634722,151.6,0
2024,driverless,Waymo,SADHW2S18R1634753,355.1,0
2024,driverless,Waymo,SADHW2S18R1634767,249.6,0
2024,driverless,Waymo,SADHW2S18R1634820,248.6,0
2024,driverless,Waymo,SADHW2S18R1634879,301.4,0
2024,driverless,Waymo,SADHW2S18R1634915,300.8,0
2024,driverless,Waymo,SADHW2S18R1634980,395.0,0
2024,driverless,Waymo,SADHW2S18R1635174,268.5,0
2024,driverless,Waymo,SADHW2S18R1635191,244.3,0
2024,driverless,Waymo,SADHW2S18R1635207,170.3,0
2024,driverless,Waymo,SADHW2S18R1635238,244.2,0
2024,driverless,Waymo,SADHW2S18R1635286,219.7,0
2024,driverless,Waymo,SADHW2S18R1635336,187.4,0
2024,driverless,Waymo,SADHW2S18R1635384,209.5,0
2024,driverless,Waymo,SADHW2S18R1635448,70.3,0
2024,driverless,Waymo,SADHW2S18R1635546,259.9,0
2024,driverless,Waymo,SADHW2S18R1635594,916.8,0
2024,driverless,Waymo,SADHW2S18R1635630,214.0,0
2024,driverless,Waymo,SADHW2S18R1635661,152.3,0
2024,driverless,Waymo,SADHW2S18R1635739,160.0,0
2024,driverless,Waymo,SADHW2S18R1635756,327.6,0
2024,driverless,Waymo,SADHW2S18R1635787,277.0,0
2024,driverless,Waymo,SADHW2S18R1635837,81.9,0
2024,driverless,Waymo,SADHW2S18R1635885,82.0,0
2024,driverless,Waymo,SADHW2S18R1635899,135.6,0
2024,driverless,Waymo,SADHW2S18R1636003,257.9,0
2024,driverless,Waymo,SADHW2S18R1636020,155.4,0
2024,driverless,Waymo,SADHW2S18R1636339,0.0,0
2024,driverless,Waymo,SADHW2S18R1636454,75.3,0
2024,driverless,Waymo,SADHW2S18R1636518,96.6,0
2024,driverless,Waymo,SADHW2S18R1636549,125.0,0
2024,driverless,Waymo,SADHW2S18R1636552,67.2,0
2024,driverless,Waymo,SADHW2S18R1636597,68.9,0
2024,driverless,Waymo,SADHW2S18R1636602,84.0,0
2024,driverless,Waymo,SADHW2S18R1636633,0.0,0
2024,driverless,Waymo,SADHW2S18R1636695,0.0,0
2024,driverless,Waymo,SADHW2S18R1636731,62.0,0
2024,driverless,Waymo,SADHW2S18R1636759,0.0,0
2024,driverless,Waymo,SADHW2S18R1636762,37.9,0
2024,driverless,Waymo,SADHW2S18R1636776,54.6,0
2024,driverless,Waymo,SADHW2S18R1636809,27.3,0
2024,driverless,Waymo,SADHW2S18R1636843,0.0,0
2024,driverless,Waymo,SADHW2S18R1636857,12.8,0
2024,driverless,Waymo,SADHW2S18R1637250,1.5,0
2024,driverless,Waymo,SADHW2S18R1637264,0.0,0
2024,driverless,Waymo,SADHW2S18R1637278,23.1,0
2024,driverless,Waymo,SADHW2S18R1637281,5.4,0
2024,driverless,Waymo,SADHW2S18R1637331,9.8,0
2024,driverless,Waymo,SADHW2S18R1637359,69.8,0
2024,driverless,Waymo,SADHW2S18R1637362,27.1,0
2024,driverless,Waymo,SADHW2S18R1637393,0.9,0
2024,driverless,Waymo,SADHW2S18R1637703,164.4,0
2024,driverless,Waymo,SADHW2S18R1637734,0.0,0
2024,driverless,Waymo,SADHW2S18R1637927,0.0,0
2024,driverless,Waymo,SADHW2S18R1639855,0.0,0
2024,driverless,Waymo,SADHW2S18R1639922,35.6,0
2024,driverless,Waymo,SADHW2S19M1602659,0.0,0
2024,driverless,Waymo,SADHW2S19M1602662,0.0,0
2024,driverless,Waymo,SADHW2S19M1602693,0.0,0
2024,driverless,Waymo,SADHW2S19M1614102,0.0,0
2024,driverless,Waymo,SADHW2S19M1614326,0.0,0
2024,driverless,Waymo,SADHW2S19M1614357,0.0,0
2024,driverless,Waymo,SADHW2S19M1615234,0.0,0
2024,driverless,Waymo,SADHW2S19M1615282,18680.3,0
2024,driverless,Waymo,SADHW2S19M1615539,0.0,0
2024,driverless,Waymo,SADHW2S19M1615699,359.6,0
2024,driverless,Waymo,SADHW2S19M1615721,304.5,0
2024,driverless,Waymo,SADHW2S19M1615749,0.0,0
2024,driverless,Waymo,SADHW2S19M1615816,0.0,0
2024,driverless,Waymo,SADHW2S19M1615833,0.0,0
2024,driverless,Waymo,SADHW2S19M1615864,184.3,0
2024,driverless,Waymo,SADHW2S19M1615914,0.0,0
2024,driverless,Waymo,SADHW2S19M1616044,506.8,0
2024,driverless,Waymo,SADHW2S19M1616108,143.9,0
2024,driverless,Waymo,SADHW2S19M1616481,231.4,0
2024,driverless,Waymo,SADHW2S19M1616674,19150.4,0
2024,driverless,Waymo,SADHW2S19M1616755,360.0,0
2024,driverless,Waymo,SADHW2S19M1616853,632.8,0
2024,driverless,Waymo,SADHW2S19M1616870,236.4,0
2024,driverless,Waymo,SADHW2S19M1617016,270.9,0
2024,driverless,Waymo,SADHW2S19M1617064,105.5,0
2024,driverless,Waymo,SADHW2S19M1617288,208.5,0
2024,driverless,Waymo,SADHW2S19M1617484,0.0,0
2024,driverless,Waymo,SADHW2S19M1617520,267.1,0
2024,driverless,Waymo,SADHW2S19M1617579,217.7,0
2024,driverless,Waymo,SADHW2S19M1617615,139.1,0
2024,driverless,Waymo,SADHW2S19R1634051,326.8,0
2024,driverless,Waymo,SADHW2S19R1634079,513.4,0
2024,driverless,Waymo,SADHW2S19R1634082,6612.4,0
2024,driverless,Waymo,SADHW2S19R1634101,845.9,0
2024,driverless,Waymo,SADHW2S19R1634406,338.7,0
2024,driverless,Waymo,SADHW2S19R1634552,285.2,0
2024,driverless,Waymo,SADHW2S19R1634597,1773.4,0
2024,driverless,Waymo,SADHW2S19R1634616,0.0,0
2024,driverless,Waymo,SADHW2S19R1634762,1065.8,0
2024,driverless,Waymo,SADHW2S19R1634907,357.8,0
2024,driverless,Waymo,SADHW2S19R1634972,427.3,0
2024,driverless,Waymo,SADHW2S19R1635054,240.0,0
2024,driverless,Waymo,SADHW2S19R1635118,245.4,0
2024,driverless,Waymo,SADHW2S19R1635135,211.0,0
2024,driverless,Waymo,SADHW2S19R1635152,2371.5,0
2024,driverless,Waymo,SADHW2S19R1635216,120.6,0
2024,driverless,Waymo,SADHW2S19R1635233,200.6,0
2024,driverless,Waymo,SADHW2S19R1635278,119.6,0
2024,driverless,Waymo,SADHW2S19R1635300,195.7,0
2024,driverless,Waymo,SADHW2S19R1635393,176.8,0
2024,driverless,Waymo,SADHW2S19R1635457,208.5,0
2024,driverless,Waymo,SADHW2S19R1635491,205.2,0
2024,driverless,Waymo,SADHW2S19R1635586,137.3,0
2024,driverless,Waymo,SADHW2S19R1635622,168.4,0
2024,driverless,Waymo,SADHW2S19R1635684,153.0,0
2024,driverless,Waymo,SADHW2S19R1635698,187.7,1
2024,driverless,Waymo,SADHW2S19R1635796,167.9,0
2024,driverless,Waymo,SADHW2S19R1635961,209.6,0
2024,driverless,Waymo,SADHW2S19R1636088,190.3,0
2024,driverless,Waymo,SADHW2S19R1636348,21.2,0
2024,driverless,Waymo,SADHW2S19R1636365,218.9,0
2024,driverless,Waymo,SADHW2S19R1636401,159.7,0
2024,driverless,Waymo,SADHW2S19R1636527,303.4,0
2024,driverless,Waymo,SADHW2S19R1636544,58.9,0
2024,driverless,Waymo,SADHW2S19R1636558,0.0,0
2024,driverless,Waymo,SADHW2S19R1636575,62.7,0
2024,driverless,Waymo,SADHW2S19R1636656,62.2,0
2024,driverless,Waymo,SADHW2S19R1636673,0.0,0
2024,driverless,Waymo,SADHW2S19R1636785,151.2,0
2024,driverless,Waymo,SADHW2S19R1636799,304.5,0
2024,driverless,Waymo,SADHW2S19R1636818,15.0,0
2024,driverless,Waymo,SADHW2S19R1636866,5.3,0
2024,driverless,Waymo,SADHW2S19R1636950,137.8,0
2024,driverless,Waymo,SADHW2S19R1636964,25.1,0
2024,driverless,Waymo,SADHW2S19R1636978,70.3,0
2024,driverless,Waymo,SADHW2S19R1636981,124.7,0
2024,driverless,Waymo,SADHW2S19R1637113,5.8,0
2024,driverless,Waymo,SADHW2S19R1637127,45.3,0
2024,driverless,Waymo,SADHW2S19R1637225,60.0,0
2024,driverless,Waymo,SADHW2S19R1637239,8.7,0
2024,driverless,Waymo,SADHW2S19R1637242,44.2,0
2024,driverless,Waymo,SADHW2S19R1637256,0.0,0
2024,driverless,Waymo,SADHW2S19R1637287,60.0,0
2024,driverless,Waymo,SADHW2S19R1637290,15.8,0
2024,driverless,Waymo,SADHW2S19R1637323,139.0,0
2024,driverless,Waymo,SADHW2S19R1637645,258.1,0
2024,driverless,Waymo,SADHW2S19R1637810,63.3,0
2024,driverless,Waymo,SADHW2S19R1637855,4.5,0
2024,driverless,Waymo,SADHW2S19R1637886,5.7,0
2024,driverless,Waymo,SADHW2S1XM1602587,0.0,0
2024,driverless,Waymo,SADHW2S1XM1602668,0.0,0
2024,driverless,Waymo,SADHW2S1XM1602671,0.0,0
2024,driverless,Waymo,SADHW2S1XM1602685,0.0,0
2024,driverless,Waymo,SADHW2S1XM1602704,0.0,0
2024,driverless,Waymo,SADHW2S1XM1602735,0.0,0
2024,driverless,Waymo,SADHW2S1XM1605876,0.0,0
2024,driverless,Waymo,SADHW2S1XM1606137,0.0,0
2024,driverless,Waymo,SADHW2S1XM1614335,0.0,0
2024,driverless,Waymo,SADHW2S1XM1614447,43.4,0
2024,driverless,Waymo,SADHW2S1XM1614643,0.0,0
2024,driverless,Waymo,SADHW2S1XM1614822,0.0,0
2024,driverless,Waymo,SADHW2S1XM1614870,0.0,0
2024,driverless,Waymo,SADHW2S1XM1614898,0.0,0
2024,driverless,Waymo,SADHW2S1XM1614948,0.0,0
2024,driverless,Waymo,SADHW2S1XM1615176,517.7,0
2024,driverless,Waymo,SADHW2S1XM1615243,628.6,0
2024,driverless,Waymo,SADHW2S1XM1615629,0.0,0
2024,driverless,Waymo,SADHW2S1XM1615713,0.0,0
2024,driverless,Waymo,SADHW2S1XM1615727,0.0,0
2024,driverless,Waymo,SADHW2S1XM1615761,268.4,0
2024,driverless,Waymo,SADHW2S1XM1615937,3295.1,0
2024,driverless,Waymo,SADHW2S1XM1616232,384.6,0
2024,driverless,Waymo,SADHW2S1XM1616411,201.1,0
2024,driverless,Waymo,SADHW2S1XM1616537,460.4,0
2024,driverless,Waymo,SADHW2S1XM1616831,263.6,0
2024,driverless,Waymo,SADHW2S1XM1616893,20073.7,0
2024,driverless,Waymo,SADHW2S1XM1616960,253.6,0
2024,driverless,Waymo,SADHW2S1XM1617199,249.2,0
2024,driverless,Waymo,SADHW2S1XM1617350,333.6,0
2024,driverless,Waymo,SADHW2S1XM1617414,248.3,0
2024,driverless,Waymo,SADHW2S1XM1617560,1166.8,0
2024,driverless,Waymo,SADHW2S1XM1617588,715.6,0
2024,driverless,Waymo,SADHW2S1XM1617638,608.4,0
2024,driverless,Waymo,SADHW2S1XR1634365,3042.0,0
2024,driverless,Waymo,SADHW2S1XR1634544,297.6,0
2024,driverless,Waymo,SADHW2S1XR1634625,0.0,0
2024,driverless,Waymo,SADHW2S1XR1634656,305.7,1
2024,driverless,Waymo,SADHW2S1XR1634883,266.6,0
2024,driverless,Waymo,SADHW2S1XR1634897,226.4,0
2024,driverless,Waymo,SADHW2S1XR1634933,1333.3,0
2024,driverless,Waymo,SADHW2S1XR1634947,266.5,0
2024,driverless,Waymo,SADHW2S1XR1635001,162.7,0
2024,driverless,Waymo,SADHW2S1XR1635029,271.0,0
2024,driverless,Waymo,SADHW2S1XR1635046,416.5,0
2024,driverless,Waymo,SADHW2S1XR1635127,210.5,0
2024,driverless,Waymo,SADHW2S1XR1635144,249.9,0
2024,driverless,Waymo,SADHW2S1XR1635161,289.4,0
2024,driverless,Waymo,SADHW2S1XR1635211,231.9,0
2024,driverless,Waymo,SADHW2S1XR1635225,177.8,0
2024,driverless,Waymo,SADHW2S1XR1635290,468.0,0
2024,driverless,Waymo,SADHW2S1XR1635306,328.6,0
2024,driverless,Waymo,SADHW2S1XR1635516,108.1,0
2024,driverless,Waymo,SADHW2S1XR1635550,122.0,0
2024,driverless,Waymo,SADHW2S1XR1635578,156.3,0
2024,driverless,Waymo,SADHW2S1XR1635614,120.2,0
2024,driverless,Waymo,SADHW2S1XR1635709,109.8,0
2024,driverless,Waymo,SADHW2S1XR1635712,130.9,0
2024,driverless,Waymo,SADHW2S1XR1635726,201.6,0
2024,driverless,Waymo,SADHW2S1XR1635743,279.7,0
2024,driverless,Waymo,SADHW2S1XR1635791,195.1,0
2024,driverless,Waymo,SADHW2S1XR1635824,156.1,0
2024,driverless,Waymo,SADHW2S1XR1635841,144.8,1
2024,driverless,Waymo,SADHW2S1XR1635855,195.6,0
2024,driverless,Waymo,SADHW2S1XR1635869,211.3,0
2024,driverless,Waymo,SADHW2S1XR1635872,149.0,0
2024,driverless,Waymo,SADHW2S1XR1635905,131.2,0
2024,driverless,Waymo,SADHW2S1XR1636116,500.6,0
2024,driverless,Waymo,SADHW2S1XR1636309,134.9,0
2024,driverless,Waymo,SADHW2S1XR1636374,46.7,0
2024,driverless,Waymo,SADHW2S1XR1636407,108.8,0
2024,driverless,Waymo,SADHW2S1XR1636519,74.4,0
2024,driverless,Waymo,SADHW2S1XR1636522,62.4,0
2024,driverless,Waymo,SADHW2S1XR1636553,121.3,0
2024,driverless,Waymo,SADHW2S1XR1636567,0.0,0
2024,driverless,Waymo,SADHW2S1XR1636603,100.9,0
2024,driverless,Waymo,SADHW2S1XR1636679,111.3,0
2024,driverless,Waymo,SADHW2S1XR1636682,95.8,0
2024,driverless,Waymo,SADHW2S1XR1636729,201.8,0
2024,driverless,Waymo,SADHW2S1XR1636763,167.8,0
2024,driverless,Waymo,SADHW2S1XR1636813,94.9,0
2024,driverless,Waymo,SADHW2S1XR1636827,40.4,0
2024,driverless,Waymo,SADHW2S1XR1636889,21.8,0
2024,driverless,Waymo,SADHW2S1XR1636892,0.0,0
2024,driverless,Waymo,SADHW2S1XR1636956,21.4,0
2024,driverless,Waymo,SADHW2S1XR1637010,145.0,0
2024,driverless,Waymo,SADHW2S1XR1637024,0.0,0
2024,driverless,Waymo,SADHW2S1XR1637041,116.3,0
2024,driverless,Waymo,SADHW2S1XR1637105,81.6,0
2024,driverless,Waymo,SADHW2S1XR1637153,34.0,0
2024,driverless,Waymo,SADHW2S1XR1637167,0.0,0
2024,driverless,Waymo,SADHW2S1XR1637170,105.2,0
2024,driverless,Waymo,SADHW2S1XR1637203,23.3,0
2024,driverless,Waymo,SADHW2S1XR1637217,0.0,0
2024,driverless,Waymo,SADHW2S1XR1637301,33.4,0
2024,driverless,Waymo,SADHW2S1XR1637329,0.0,0
2024,driverless,Waymo,SADHW2S1XR1637864,34.7,0
2024,driverless,Waymo,SADHW2S1XR1637900,6.3,0
2024,driverless,Waymo,SADHW2S1XR1637914,0.0,0
2024,driverless,Waymo,SADHW2S1XR1637931,39.1,0
2024,driverless,Waymo,SADHW2S1XR1639761,13.5,0
2024,driverless,WeRide,1N4AZ1CP2KC305743,0.0,0
2024,driverless,WeRide,1N4AZ1CP3KC301099,186.65,0
2024,driverless,WeRide,1N4AZ1CP4KC303668,264.57,0
2024,driverless,WeRide,1N4AZ1CP4KC305551,20.2,0
2024,driverless,WeRide,1N4AZ1CP5JC315505,0.0,0
2024,driverless,WeRide,1N4AZ1CP6KC305048,0.0,0
2024,driverless,WeRide,1N4CZ1CV2PC550346,0.0,0
2024,driverless,Zoox,~0001,11274.0,0
2024,driverless,Zoox,~0002,6270.9,0
2024,driverless,Zoox,~0003,8923.0,0
2024,driverless,Zoox,~0004,4672.5,0
2024,driverless,Zoox,~0005,0.0,0
2024,driverless,Zoox,~0006,67.7,0
2024,driverless,Zoox,~0319,1069.9,0
2024,driverless,Zoox,~0320,276.8,0
2024,driverless,Zoox,~0321,1597.7,0
2024,driverless,Zoox,~0322,158.5,0
2024,driverless,Zoox,~0323,249.0,0
2024,driverless,Zoox,~0325,0.0,0
2024,driverless,Zoox,~0326,313.1,0
2024,driverless,Zoox,~0327,307.5,0
2024,driverless,Zoox,~0329,205.4,0
2024,driverless,Zoox,~0330,297.3,0
2024,driverless,Zoox,~3880,0.0,0
2024,driverless,Zoox,~5195,0.0,0
2024,safety-driver,Apollo,2C4RC1N71LR252232,0.0,0
2024,safety-driver,Apollo,2C4RC1N77LR190366,0.0,0
2024,safety-driver,Apollo,3LN6L2LU4GR629715,0.0,0
2024,safety-driver,Apollo,3LN6L2LU5GR607996,3.1,0
2024,safety-driver,Apollo,3LN6L5LU1HR627987,0.0,0
2024,safety-driver,Apollo,3LN6L5LU2HR615153,0.0,0
2024,safety-driver,Apple,2T2BGMCA0GC007400,2000.7,2
2024,safety-driver,Apple,2T2BGMCA0GC007946,5848.6,10
2024,safety-driver,Apple,2T2BGMCA0HC014753,0.0,0
2024,safety-driver,Apple,2T2BGMCA0HC015899,0.0,0
2024,safety-driver,Apple,2T2BGMCA0HC016082,0.0,0
2024,safety-driver,Apple,2T2BGMCA0HC019225,5624.9,16
2024,safety-driver,Apple,2T2BGMCA0HC019709,0.0,0
2024,safety-driver,Apple,2T2BGMCA0HC019919,3840.1,9
2024,safety-driver,Apple,2T2BGMCA0HC019967,0.0,0
2024,safety-driver,Apple,2T2BGMCA0HC020083,307.1,1
2024,safety-driver,Apple,2T2BGMCA1GC008135,4701.6,10
2024,safety-driver,Apple,2T2BGMCA1HC014096,0.0,0
2024,safety-driver,Apple,2T2BGMCA1HC016933,0.0,0
2024,safety-driver,Apple,2T2BGMCA2GC003882,0.0,0
2024,safety-driver,Apple,2T2BGMCA2GC007334,0.0,0
2024,safety-driver,Apple,2T2BGMCA2GC007754,0.0,0
2024,safety-driver,Apple,2T2BGMCA2GC008418,0.0,0
2024,safety-driver,Apple,2T2BGMCA2HC012521,3068.8,6
2024,safety-driver,Apple,2T2BGMCA2HC019338,4350.5,10
2024,safety-driver,Apple,2T2BGMCA2HC019890,4981.6,8
2024,safety-driver,Apple,2T2BGMCA2HC019968,5311.9,7
2024,safety-driver,Apple,2T2BGMCA2HC020151,0.0,0
2024,safety-driver,Apple,2T2BGMCA3GC007861,6728.4,6
2024,safety-driver,Apple,2T2BGMCA3GC007911,2799.5,9
2024,safety-driver,Apple,2T2BGMCA3HC014584,4423.6,7
2024,safety-driver,Apple,2T2BGMCA3HC020062,31.6,0
2024,safety-driver,Apple,2T2BGMCA4GC005228,0.0,0
2024,safety-driver,Apple,2T2BGMCA4HC016845,6429.4,17
2024,safety-driver,Apple,2T2BGMCA4HC016912,5571.0,3
2024,safety-driver,Apple,2T2BGMCA4HC019826,3937.2,7
2024,safety-driver,Apple,2T2BGMCA4HC020118,2180.8,3
2024,safety-driver,Apple,2T2BGMCA5GC006145,0.0,0
2024,safety-driver,Apple,2T2BGMCA5HC014389,6288.4,13
2024,safety-driver,Apple,2T2BGMCA5HC019219,0.0,0
2024,safety-driver,Apple,2T2BGMCA5HC019432,2481.3,4
2024,safety-driver,Apple,2T2BGMCA5HC019737,0.0,0
2024,safety-driver,Apple,2T2BGMCA5HC019818,6563.9,14
2024,safety-driver,Apple,2T2BGMCA6GC007983,6675.8,1
2024,safety-driver,Apple,2T2BGMCA6HC016667,6111.6,9
2024,safety-driver,Apple,2T2BGMCA6HC019228,0.0,0
2024,safety-driver,Apple,2T2BGMCA7GC003781,2.1,0
2024,safety-driver,Apple,2T2BGMCA7GC007068,4793.7,6
2024,safety-driver,Apple,2T2BGMCA7GC008382,0.0,0
2024,safety-driver,Apple,2T2BGMCA7HC014877,5295.1,4
2024,safety-driver,Apple,2T2BGMCA7HC017262,0.0,0
2024,safety-driver,Apple,2T2BGMCA8GC003823,2216.2,1
2024,safety-driver,Apple,2T2BGMCA8GC003871,0.0,0
2024,safety-driver,Apple,2T2BGMCA8GC007371,5587.8,6
2024,safety-driver,Apple,2T2BGMCA8GC008424,0.0,0
2024,safety-driver,Apple,2T2BGMCA8GC008505,0.0,0
2024,safety-driver,Apple,2T2BGMCA8HC016136,1142.0,2
2024,safety-driver,Apple,2T2BGMCA8HC017772,0.0,0
2024,safety-driver,Apple,2T2BGMCA8HC019411,0.0,0
2024,safety-driver,Apple,2T2BGMCA8HC019540,0.9,1
2024,safety-driver,Apple,2T2BGMCA8HC019876,0.0,0
2024,safety-driver,Apple,2T2BGMCA8HC020137,6297.4,17
2024,safety-driver,Apple,2T2BGMCA9GC007394,3409.8,17
2024,safety-driver,Apple,2T2BGMCA9GC008464,0.0,0
2024,safety-driver,Apple,2T2BGMCA9HC019126,4943.4,7
2024,safety-driver,Apple,2T2BGMCA9HC019305,0.0,0
2024,safety-driver,Apple,2T2BGMCA9HC019532,5016.3,15
2024,safety-driver,Apple,2T2BGMCAXGC006416,0.0,0
2024,safety-driver,Apple,2T2BGMCAXHC014310,0.0,0
2024,safety-driver,Apple,2T2BGMCAXHC018051,3776.1,8
2024,safety-driver,Apple,2T2BGMCAXHC018082,0.0,0
2024,safety-driver,Apple,2T2BGMCAXHC019927,3966.1,13
2024,safety-driver,Apple,2T2BGMCAXHC020026,6218.5,16
2024,safety-driver,AutoX,2C4RC1N70LR289823,10.0,0
2024,safety-driver,AutoX,2C4RC1N70RL235194,0.0,0
2024,safety-driver,AutoX,2C4RC1N71LR235088,1407.0,0
2024,safety-driver,AutoX,2C4RC1N71LR235205,0.0,0
2024,safety-driver,AutoX,2C4RC1N72LR235195,0.0,0
2024,safety-driver,AutoX,2C4RC1N72LR235200,0.0,0
2024,safety-driver,AutoX,2C4RC1N72LR287877,0.0,0
2024,safety-driver,AutoX,2C4RC1N72LR287880,0.0,0
2024,safety-driver,AutoX,2C4RC1N72LR289824,7.0,0
2024,safety-driver,AutoX,2C4RC1N73JR229418,0.0,0
2024,safety-driver,AutoX,2C4RC1N73LR235089,0.0,0
2024,safety-driver,AutoX,2C4RC1N73LR235190,0.0,0
2024,safety-driver,AutoX,2C4RC1N73LR235206,0.0,0
2024,safety-driver,AutoX,2C4RC1N73LR235903,0.0,0
2024,safety-driver,AutoX,2C4RC1N74LR235196,0.0,0
2024,safety-driver,AutoX,2C4RC1N74LR235201,0.0,0
2024,safety-driver,AutoX,2C4RC1N74LR287878,0.0,0
2024,safety-driver,AutoX,2C4RC1N74LR287881,2437.0,0
2024,safety-driver,AutoX,2C4RC1N74LR289825,0.0,0
2024,safety-driver,AutoX,2C4RC1N75LR235188,0.0,0
2024,safety-driver,AutoX,2C4RC1N75LR235191,0.0,0
2024,safety-driver,AutoX,2C4RC1N75LR235207,2388.0,0
2024,safety-driver,AutoX,2C4RC1N75LR235904,0.0,0
2024,safety-driver,AutoX,2C4RC1N76LR235197,0.0,0
2024,safety-driver,AutoX,2C4RC1N76LR235202,0.0,0
2024,safety-driver,AutoX,2C4RC1N76LR287879,126.0,0
2024,safety-driver,AutoX,2C4RC1N76LR287882,0.0,0
2024,safety-driver,AutoX,2C4RC1N77LR196426,0.0,0
2024,safety-driver,AutoX,2C4RC1N77LR235189,0.0,0
2024,safety-driver,AutoX,2C4RC1N77LR235192,204.0,0
2024,safety-driver,AutoX,2C4RC1N78LR235198,0.0,0
2024,safety-driver,AutoX,2C4RC1N78LR235203,859.0,0
2024,safety-driver,AutoX,2C4RC1N78LR239994,0.0,0
2024,safety-driver,AutoX,2C4RC1N79LR196427,0.0,0
2024,safety-driver,AutoX,2C4RC1N79LR235193,0.0,0
2024,safety-driver,AutoX,2C4RC1N79LR289822,21.0,0
2024,safety-driver,AutoX,2C4RC1N7XLR235087,0.0,0
2024,safety-driver,AutoX,2C4RC1N7XLR235199,0.0,0
2024,safety-driver,AutoX,2C4RC1N7XLR235204,0.0,0
2024,safety-driver,AutoX,3LN6L5LU1HR637709,0.0,0
2024,safety-driver,AutoX,3LN6L5MU5JR618391,0.0,0
2024,safety-driver,AutoX,3LN6L5MU9JR614778,0.0,0
2024,safety-driver,AutoX,3LN6L5MUXJR626177,0.0,0
2024,safety-driver,AutoX,3NL6L5MU8JR628090,0.0,0
2024,safety-driver,Bosch,WDD2221591A470497,19.96,4
2024,safety-driver,Bosch,WDD2221591A470796,144.25,73
2024,safety-driver,Cruise,5G21A6P00L4100037,0.0,0
2024,safety-driver,Cruise,5G21A6P00L4100054,0.0,0
2024,safety-driver,Cruise,5G21A6P00L4100068,0.0,0
2024,safety-driver,Cruise,5G21A6P00L4100071,0.0,0
2024,safety-driver,Cruise,5G21A6P00L4100085,0.0,0
2024,safety-driver,Cruise,5G21A6P00L4100135,0.0,0
2024,safety-driver,Cruise,5G21A6P00N4118976,0.0,0
2024,safety-driver,Cruise,5G21A6P00N4121599,0.0,0
2024,safety-driver,Cruise,5G21A6P00N4121604,0.0,0
2024,safety-driver,Cruise,5G21A6P00N4121618,673.23,0
2024,safety-driver,Cruise,5G21A6P00N4121621,0.0,0
2024,safety-driver,Cruise,5G21A6P00N4121635,0.0,0
2024,safety-driver,Cruise,5G21A6P00N4121649,0.0,0
2024,safety-driver,Cruise,5G21A6P00N4121652,0.0,0
2024,safety-driver,Cruise,5G21A6P00N4121666,0.0,0
2024,safety-driver,Cruise,5G21A6P00N4121697,0.0,0
2024,safety-driver,Cruise,5G21A6P00N4122106,0.0,0
2024,safety-driver,Cruise,5G21A6P00P4100058,0.0,0
2024,safety-driver,Cruise,5G21A6P00P4100061,0.0,0
2024,safety-driver,Cruise,5G21A6P00P4100075,0.0,0
2024,safety-driver,Cruise,5G21A6P00P4100089,0.0,0
2024,safety-driver,Cruise,5G21A6P00P4100092,0.0,0
2024,safety-driver,Cruise,5G21A6P00P4100108,0.0,0
2024,safety-driver,Cruise,5G21A6P00P4100111,0.0,0
2024,safety-driver,Cruise,5G21A6P00P4100125,0.0,0
2024,safety-driver,Cruise,5G21A6P00P4100593,0.0,0
2024,safety-driver,Cruise,5G21A6P00P4104675,0.0,0
2024,safety-driver,Cruise,5G21A6P00P4105356,0.0,0
2024,safety-driver,Cruise,5G21A6P00P4106894,0.0,0
2024,safety-driver,Cruise,5G21A6P00P4108449,0.0,0
2024,safety-driver,Cruise,5G21A6P00P4109679,0.0,0
2024,safety-driver,Cruise,5G21A6P00P4109682,0.0,0
2024,safety-driver,Cruise,5G21A6P00P4110699,0.0,0
2024,safety-driver,Cruise,5G21A6P00P4110945,0.0,0
2024,safety-driver,Cruise,5G21A6P00P4112808,0.0,0
2024,safety-driver,Cruise,5G21A6P00P4115689,0.0,0
2024,safety-driver,Cruise,5G21A6P00P4116289,0.0,0
2024,safety-driver,Cruise,5G21A6P00P4117409,0.0,0
2024,safety-driver,Cruise,5G21A6P00P4117412,0.0,0
2024,safety-driver,Cruise,5G21A6P00P4117863,0.0,0
2024,safety-driver,Cruise,5G21A6P00P4119581,0.0,0
2024,safety-driver,Cruise,5G21A6P00P4122593,0.0,0
2024,safety-driver,Cruise,5G21A6P00P4122867,0.0,0
2024,safety-driver,Cruise,5G21A6P00P4123193,0.0,0
2024,safety-driver,Cruise,5G21A6P00P4125459,0.0,0
2024,safety-driver,Cruise,5G21A6P00P4127177,0.0,0
2024,safety-driver,Cruise,5G21A6P00P4127180,0.0,0
2024,safety-driver,Cruise,5G21A6P00P4129995,0.0,0
2024,safety-driver,Cruise,5G21A6P00P4130239,0.0,0
2024,safety-driver,Cruise,5G21A6P00P4131410,0.0,0
2024,safety-driver,Cruise,5G21A6P00P4133304,0.0,0
2024,safety-driver,Cruise,5G21A6P00P4134274,0.0,0
2024,safety-driver,Cruise,5G21A6P00P4145405,0.0,0
2024,safety-driver,Cruise,5G21A6P00P4145727,0.0,0
2024,safety-driver,Cruise,5G21A6P00P4145730,0.0,0
2024,safety-driver,Cruise,5G21A6P00P4147106,0.0,0
2024,safety-driver,Cruise,5G21A6P00P4147395,0.0,0
2024,safety-driver,Cruise,5G21A6P00P4148868,0.0,0
2024,safety-driver,Cruise,5G21A6P00P4148871,0.0,0
2024,safety-driver,Cruise,5G21A6P00P4150524,0.0,0
2024,safety-driver,Cruise,5G21A6P00P4150779,0.0,0
2024,safety-driver,Cruise,5G21A6P00P4150782,0.0,0
2024,safety-driver,Cruise,5G21A6P00P4151043,0.0,0
2024,safety-driver,Cruise,5G21A6P00P4154167,0.0,0
2024,safety-driver,Cruise,5G21A6P00P4154377,0.0,0
2024,safety-driver,Cruise,5G21A6P00P4154587,0.0,0
2024,safety-driver,Cruise,5G21A6P00P4156176,0.0,0
2024,safety-driver,Cruise,5G21A6P00P4156419,0.0,0
2024,safety-driver,Cruise,5G21A6P00P4157599,0.0,0
2024,safety-driver,Cruise,5G21A6P00P4157845,0.0,0
2024,safety-driver,Cruise,5G21A6P00P4159157,0.0,0
2024,safety-driver,Cruise,5G21A6P00P4159398,0.0,0
2024,safety-driver,Cruise,5G21A6P00P4159403,0.0,0
2024,safety-driver,Cruise,5G21A6P00P4161085,0.0,0
2024,safety-driver,Cruise,5G21A6P00P4161362,0.0,0
2024,safety-driver,Cruise,5G21A6P00P4163063,0.0,0
2024,safety-driver,Cruise,5G21A6P00P4165508,0.0,0
2024,safety-driver,Cruise,5G21A6P00P4165511,0.0,0
2024,safety-driver,Cruise,5G21A6P00P4165735,0.0,0
2024,safety-driver,Cruise,5G21A6P00P4166027,0.0,0
2024,safety-driver,Cruise,5G21A6P00P4169056,0.0,0
2024,safety-driver,Cruise,5G21A6P00P4169171,0.0,0
2024,safety-driver,Cruise,5G21A6P00P4169297,0.0,0
2024,safety-driver,Cruise,5G21A6P00P4171499,0.0,0
2024,safety-driver,Cruise,5G21A6P00P4173253,0.0,0
2024,safety-driver,Cruise,5G21A6P00P4175102,0.0,0
2024,safety-driver,Cruise,5G21A6P00P4175312,0.0,0
2024,safety-driver,Cruise,5G21A6P00P4175567,0.0,0
2024,safety-driver,Cruise,5G21A6P00P4175570,0.0,0
2024,safety-driver,Cruise,5G21A6P00P4176976,0.0,0
2024,safety-driver,Cruise,5G21A6P00P4177223,0.0,0
2024,safety-driver,Cruise,5G21A6P00P4178775,0.0,0
2024,safety-driver,Cruise,5G21A6P00P4178968,0.0,0
2024,safety-driver,Cruise,5G21A6P00P4180218,0.0,0
2024,safety-driver,Cruise,5G21A6P00P4181563,0.0,0
2024,safety-driver,Cruise,5G21A6P00P4181899,0.0,0
2024,safety-driver,Cruise,5G21A6P00P4181904,0.0,0
2024,safety-driver,Cruise,5G21A6P00P4183152,0.0,0
2024,safety-driver,Cruise,5G21A6P00P4185600,0.0,0
2024,safety-driver,Cruise,5G21A6P00P4186987,0.0,0
2024,safety-driver,Cruise,5G21A6P00P4186990,0.0,0
2024,safety-driver,Cruise,5G21A6P00P4187718,0.0,0
2024,safety-driver,Cruise,5G21A6P00P4187878,0.0,0
2024,safety-driver,Cruise,5G21A6P00P4187881,0.0,0
2024,safety-driver,Cruise,5G21A6P00P4188044,0.0,0
2024,safety-driver,Cruise,5G21A6P01L4100015,0.0,0
2024,safety-driver,Cruise,5G21A6P01L4100032,0.0,0
2024,safety-driver,Cruise,5G21A6P01L4100046,0.0,0
2024,safety-driver,Cruise,5G21A6P01L4100063,0.0,0
2024,safety-driver,Cruise,5G21A6P01L4100161,0.0,0
2024,safety-driver,Cruise,5G21A6P01N4121594,0.0,0
2024,safety-driver,Cruise,5G21A6P01N4121613,0.0,0
2024,safety-driver,Cruise,5G21A6P01N4121627,0.0,0
2024,safety-driver,Cruise,5G21A6P01N4121630,0.0,0
2024,safety-driver,Cruise,5G21A6P01N4121644,0.0,0
2024,safety-driver,Cruise,5G21A6P01N4121658,0.0,0
2024,safety-driver,Cruise,5G21A6P01N4121661,0.0,0
2024,safety-driver,Cruise,5G21A6P01N4121675,0.0,0
2024,safety-driver,Cruise,5G21A6P01N4121689,0.0,0
2024,safety-driver,Cruise,5G21A6P01N4121692,0.0,0
2024,safety-driver,Cruise,5G21A6P01N4122101,0.0,0
2024,safety-driver,Cruise,5G21A6P01P4100053,0.0,0
2024,safety-driver,Cruise,5G21A6P01P4100067,0.0,0
2024,safety-driver,Cruise,5G21A6P01P4100070,0.0,0
2024,safety-driver,Cruise,5G21A6P01P4100084,0.0,0
2024,safety-driver,Cruise,5G21A6P01P4100098,0.0,0
2024,safety-driver,Cruise,5G21A6P01P4100103,0.0,0
2024,safety-driver,Cruise,5G21A6P01P4100117,0.0,0
2024,safety-driver,Cruise,5G21A6P01P4100120,0.0,0
2024,safety-driver,Cruise,5G21A6P01P4100134,0.0,0
2024,safety-driver,Cruise,5G21A6P01P4102126,0.0,0
2024,safety-driver,Cruise,5G21A6P01P4103504,0.0,0
2024,safety-driver,Cruise,5G21A6P01P4106113,0.0,0
2024,safety-driver,Cruise,5G21A6P01P4107939,0.0,0
2024,safety-driver,Cruise,5G21A6P01P4107942,0.0,0
2024,safety-driver,Cruise,5G21A6P01P4110940,0.0,0
2024,safety-driver,Cruise,5G21A6P01P4112199,666.92,0
2024,safety-driver,Cruise,5G21A6P01P4112493,0.0,0
2024,safety-driver,Cruise,5G21A6P01P4114244,0.0,0
2024,safety-driver,Cruise,5G21A6P01P4114535,0.0,0
2024,safety-driver,Cruise,5G21A6P01P4115684,0.0,0
2024,safety-driver,Cruise,5G21A6P01P4115975,0.0,0
2024,safety-driver,Cruise,5G21A6P01P4117046,0.0,0
2024,safety-driver,Cruise,5G21A6P01P4119914,0.0,0
2024,safety-driver,Cruise,5G21A6P01P4120349,0.0,0
2024,safety-driver,Cruise,5G21A6P01P4120352,0.0,0
2024,safety-driver,Cruise,5G21A6P01P4121601,0.0,0
2024,safety-driver,Cruise,5G21A6P01P4124305,0.0,0
2024,safety-driver,Cruise,5G21A6P01P4125163,0.0,0
2024,safety-driver,Cruise,5G21A6P01P4125714,0.0,0
2024,safety-driver,Cruise,5G21A6P01P4126927,0.0,0
2024,safety-driver,Cruise,5G21A6P01P4126930,0.0,0
2024,safety-driver,Cruise,5G21A6P01P4127396,0.0,0
2024,safety-driver,Cruise,5G21A6P01P4127401,0.0,0
2024,safety-driver,Cruise,5G21A6P01P4128614,0.0,0
2024,safety-driver,Cruise,5G21A6P01P4128919,0.0,0
2024,safety-driver,Cruise,5G21A6P01P4128922,0.0,0
2024,safety-driver,Cruise,5G21A6P01P4130234,0.0,0
2024,safety-driver,Cruise,5G21A6P01P4133022,0.0,0
2024,safety-driver,Cruise,5G21A6P01P4134526,0.0,0
2024,safety-driver,Cruise,5G21A6P01P4137846,0.0,0
2024,safety-driver,Cruise,5G21A6P01P4139287,0.0,0
2024,safety-driver,Cruise,5G21A6P01P4139290,0.0,0
2024,safety-driver,Cruise,5G21A6P01P4139614,0.0,0
2024,safety-driver,Cruise,5G21A6P01P4139905,0.0,0
2024,safety-driver,Cruise,5G21A6P01P4140939,0.0,0
2024,safety-driver,Cruise,5G21A6P01P4140942,0.0,0
2024,safety-driver,Cruise,5G21A6P01P4141167,0.0,0
2024,safety-driver,Cruise,5G21A6P01P4141170,0.0,0
2024,safety-driver,Cruise,5G21A6P01P4142416,0.0,0
2024,safety-driver,Cruise,5G21A6P01P4142657,0.0,0
2024,safety-driver,Cruise,5G21A6P01P4142660,0.0,0
2024,safety-driver,Cruise,5G21A6P01P4143579,0.0,0
2024,safety-driver,Cruise,5G21A6P01P4143582,0.0,0
2024,safety-driver,Cruise,5G21A6P01P4144036,0.0,0
2024,safety-driver,Cruise,5G21A6P01P4144246,0.0,0
2024,safety-driver,Cruise,5G21A6P01P4145123,0.0,0
2024,safety-driver,Cruise,5G21A6P01P4147101,0.0,0
2024,safety-driver,Cruise,5G21A6P01P4147390,0.0,0
2024,safety-driver,Cruise,5G21A6P01P4148605,0.0,0
2024,safety-driver,Cruise,5G21A6P01P4149138,0.0,0
2024,safety-driver,Cruise,5G21A6P01P4149141,0.0,0
2024,safety-driver,Cruise,5G21A6P01P4154372,0.0,0
2024,safety-driver,Cruise,5G21A6P01P4154582,0.0,0
2024,safety-driver,Cruise,5G21A6P01P4155909,0.0,0
2024,safety-driver,Cruise,5G21A6P01P4156414,0.0,0
2024,safety-driver,Cruise,5G21A6P01P4157367,0.0,0
2024,safety-driver,Cruise,5G21A6P01P4157370,0.0,0
2024,safety-driver,Cruise,5G21A6P01P4157594,0.0,0
2024,safety-driver,Cruise,5G21A6P01P4162648,0.0,0
2024,safety-driver,Cruise,5G21A6P01P4162858,0.0,0
2024,safety-driver,Cruise,5G21A6P01P4162861,0.0,0
2024,safety-driver,Cruise,5G21A6P01P4163928,0.0,0
2024,safety-driver,Cruise,5G21A6P01P4163931,0.0,0
2024,safety-driver,Cruise,5G21A6P01P4164125,0.0,0
2024,safety-driver,Cruise,5G21A6P01P4167347,0.0,0
2024,safety-driver,Cruise,5G21A6P01P4167350,0.0,0
2024,safety-driver,Cruise,5G21A6P01P4167560,0.0,0
2024,safety-driver,Cruise,5G21A6P01P4169177,0.0,0
2024,safety-driver,Cruise,5G21A6P01P4171169,0.0,0
2024,safety-driver,Cruise,5G21A6P01P4173598,0.0,0
2024,safety-driver,Cruise,5G21A6P01P4176744,0.0,0
2024,safety-driver,Cruise,5G21A6P01P4178574,0.0,0
2024,safety-driver,Cruise,5G21A6P01P4178963,0.0,0
2024,safety-driver,Cruise,5G21A6P01P4180647,0.0,0
2024,safety-driver,Cruise,5G21A6P01P4180650,0.0,0
2024,safety-driver,Cruise,5G21A6P01P4181717,0.0,0
2024,safety-driver,Cruise,5G21A6P01P4181720,0.0,0
2024,safety-driver,Cruise,5G21A6P01P4183368,0.0,0
2024,safety-driver,Cruise,5G21A6P01P4183578,0.0,0
2024,safety-driver,Cruise,5G21A6P01P4184987,0.0,0
2024,safety-driver,Cruise,5G21A6P01P4185377,0.0,0
2024,safety-driver,Cruise,5G21A6P01P4187713,0.0,0
2024,safety-driver,Cruise,5G21A6P02L4100010,0.0,0
2024,safety-driver,Cruise,5G21A6P02L4100041,0.0,0
2024,safety-driver,Cruise,5G21A6P02L4100086,0.0,0
2024,safety-driver,Cruise,5G21A6P02L4100136,0.0,0
2024,safety-driver,Cruise,5G21A6P02L4100167,0.0,0
2024,safety-driver,Cruise,5G21A6P02L4110407,0.0,0
2024,safety-driver,Cruise,5G21A6P02N4121085,801.08,0
2024,safety-driver,Cruise,5G21A6P02N4121605,0.0,0
2024,safety-driver,Cruise,5G21A6P02N4121619,681.58,0
2024,safety-driver,Cruise,5G21A6P02N4121622,0.0,0
2024,safety-driver,Cruise,5G21A6P02N4121636,0.0,0
2024,safety-driver,Cruise,5G21A6P02N4121653,0.0,0
2024,safety-driver,Cruise,5G21A6P02N4121667,0.0,0
2024,safety-driver,Cruise,5G21A6P02N4121670,0.0,0
2024,safety-driver,Cruise,5G21A6P02N4121684,0.0,0
2024,safety-driver,Cruise,5G21A6P02N4121698,0.0,0
2024,safety-driver,Cruise,5G21A6P02N4122107,0.0,0
2024,safety-driver,Cruise,5G21A6P02P4100059,0.0,0
2024,safety-driver,Cruise,5G21A6P02P4100062,0.0,0
2024,safety-driver,Cruise,5G21A6P02P4100076,0.0,0
2024,safety-driver,Cruise,5G21A6P02P4100093,0.0,0
2024,safety-driver,Cruise,5G21A6P02P4100112,0.0,0
2024,safety-driver,Cruise,5G21A6P02P4100126,0.0,0
2024,safety-driver,Cruise,5G21A6P02P4101681,0.0,0
2024,safety-driver,Cruise,5G21A6P02P4103057,0.0,0
2024,safety-driver,Cruise,5G21A6P02P4103060,0.0,0
2024,safety-driver,Cruise,5G21A6P02P4104676,0.0,0
2024,safety-driver,Cruise,5G21A6P02P4105357,0.0,0
2024,safety-driver,Cruise,5G21A6P02P4105360,0.0,0
2024,safety-driver,Cruise,5G21A6P02P4106895,489.36,0
2024,safety-driver,Cruise,5G21A6P02P4109683,0.0,0
2024,safety-driver,Cruise,5G21A6P02P4110946,0.0,0
2024,safety-driver,Cruise,5G21A6P02P4112809,0.0,0
2024,safety-driver,Cruise,5G21A6P02P4114530,0.0,0
2024,safety-driver,Cruise,5G21A6P02P4117413,0.0,0
2024,safety-driver,Cruise,5G21A6P02P4117864,0.0,0
2024,safety-driver,Cruise,5G21A6P02P4119579,0.0,0
2024,safety-driver,Cruise,5G21A6P02P4119582,0.0,0
2024,safety-driver,Cruise,5G21A6P02P4123194,0.0,0
2024,safety-driver,Cruise,5G21A6P02P4124300,0.0,0
2024,safety-driver,Cruise,5G21A6P02P4127178,0.0,0
2024,safety-driver,Cruise,5G21A6P02P4129996,0.0,0
2024,safety-driver,Cruise,5G21A6P02P4131411,0.0,0
2024,safety-driver,Cruise,5G21A6P02P4133305,603.91,0
2024,safety-driver,Cruise,5G21A6P02P4134275,0.0,0
2024,safety-driver,Cruise,5G21A6P02P4136026,0.0,0
2024,safety-driver,Cruise,5G21A6P02P4136320,0.0,0
2024,safety-driver,Cruise,5G21A6P02P4138097,0.0,0
2024,safety-driver,Cruise,5G21A6P02P4145406,0.0,0
2024,safety-driver,Cruise,5G21A6P02P4145728,0.0,0
2024,safety-driver,Cruise,5G21A6P02P4145731,0.0,0
2024,safety-driver,Cruise,5G21A6P02P4148869,0.0,0
2024,safety-driver,Cruise,5G21A6P02P4148872,0.0,0
2024,safety-driver,Cruise,5G21A6P02P4150525,0.0,0
2024,safety-driver,Cruise,5G21A6P02P4152355,0.0,0
2024,safety-driver,Cruise,5G21A6P02P4152517,0.0,0
2024,safety-driver,Cruise,5G21A6P02P4152520,0.0,0
2024,safety-driver,Cruise,5G21A6P02P4152727,0.0,0
2024,safety-driver,Cruise,5G21A6P02P4152730,0.0,0
2024,safety-driver,Cruise,5G21A6P02P4154168,0.0,0
2024,safety-driver,Cruise,5G21A6P02P4154378,0.0,0
2024,safety-driver,Cruise,5G21A6P02P4157846,0.0,0
2024,safety-driver,Cruise,5G21A6P02P4159158,0.0,0
2024,safety-driver,Cruise,5G21A6P02P4159399,0.0,0
2024,safety-driver,Cruise,5G21A6P02P4159676,0.0,0
2024,safety-driver,Cruise,5G21A6P02P4160875,0.0,0
2024,safety-driver,Cruise,5G21A6P02P4161363,0.0,0
2024,safety-driver,Cruise,5G21A6P02P4163064,0.0,0
2024,safety-driver,Cruise,5G21A6P02P4164330,0.0,0
2024,safety-driver,Cruise,5G21A6P02P4165509,0.0,0
2024,safety-driver,Cruise,5G21A6P02P4165512,0.0,0
2024,safety-driver,Cruise,5G21A6P02P4165736,0.0,0
2024,safety-driver,Cruise,5G21A6P02P4169057,0.0,0
2024,safety-driver,Cruise,5G21A6P02P4169298,0.0,0
2024,safety-driver,Cruise,5G21A6P02P4171388,0.0,0
2024,safety-driver,Cruise,5G21A6P02P4171391,0.0,0
2024,safety-driver,Cruise,5G21A6P02P4173254,0.0,0
2024,safety-driver,Cruise,5G21A6P02P4175103,0.0,0
2024,safety-driver,Cruise,5G21A6P02P4175313,0.0,0
2024,safety-driver,Cruise,5G21A6P02P4175571,0.0,0
2024,safety-driver,Cruise,5G21A6P02P4176977,0.0,0
2024,safety-driver,Cruise,5G21A6P02P4176980,0.0,0
2024,safety-driver,Cruise,5G21A6P02P4177224,0.0,0
2024,safety-driver,Cruise,5G21A6P02P4178776,0.0,0
2024,safety-driver,Cruise,5G21A6P02P4181564,0.0,0
2024,safety-driver,Cruise,5G21A6P02P4181905,0.0,0
2024,safety-driver,Cruise,5G21A6P02P4183153,0.0,0
2024,safety-driver,Cruise,5G21A6P02P4184982,0.0,0
2024,safety-driver,Cruise,5G21A6P02P4185596,0.0,0
2024,safety-driver,Cruise,5G21A6P02P4186876,0.0,0
2024,safety-driver,Cruise,5G21A6P02P4186988,0.0,0
2024,safety-driver,Cruise,5G21A6P02P4187719,0.0,0
2024,safety-driver,Cruise,5G21A6P02P4187879,0.0,0
2024,safety-driver,Cruise,5G21A6P02P4187882,0.0,0
2024,safety-driver,Cruise,5G21A6P02P4188045,0.0,0
2024,safety-driver,Cruise,5G21A6P03L4100016,0.0,0
2024,safety-driver,Cruise,5G21A6P03L4100047,0.0,0
2024,safety-driver,Cruise,5G21A6P03L4100050,0.0,0
2024,safety-driver,Cruise,5G21A6P03L4100064,0.0,0
2024,safety-driver,Cruise,5G21A6P03L4100128,0.0,0
2024,safety-driver,Cruise,5G21A6P03N4121595,753.42,0
2024,safety-driver,Cruise,5G21A6P03N4121600,0.0,0
2024,safety-driver,Cruise,5G21A6P03N4121614,0.0,0
2024,safety-driver,Cruise,5G21A6P03N4121628,0.0,0
2024,safety-driver,Cruise,5G21A6P03N4121631,0.0,0
2024,safety-driver,Cruise,5G21A6P03N4121645,0.0,0
2024,safety-driver,Cruise,5G21A6P03N4121659,0.0,0
2024,safety-driver,Cruise,5G21A6P03N4121662,0.0,0
2024,safety-driver,Cruise,5G21A6P03N4121676,0.0,0
2024,safety-driver,Cruise,5G21A6P03N4121693,0.0,0
2024,safety-driver,Cruise,5G21A6P03N4122097,0.0,0
2024,safety-driver,Cruise,5G21A6P03N4122102,0.0,0
2024,safety-driver,Cruise,5G21A6P03P4100054,0.0,0
2024,safety-driver,Cruise,5G21A6P03P4100068,0.0,0
2024,safety-driver,Cruise,5G21A6P03P4100071,0.0,0
2024,safety-driver,Cruise,5G21A6P03P4100085,0.0,0
2024,safety-driver,Cruise,5G21A6P03P4100099,0.0,0
2024,safety-driver,Cruise,5G21A6P03P4100104,0.0,0
2024,safety-driver,Cruise,5G21A6P03P4100118,0.0,0
2024,safety-driver,Cruise,5G21A6P03P4100121,0.0,0
2024,safety-driver,Cruise,5G21A6P03P4102127,0.0,0
2024,safety-driver,Cruise,5G21A6P03P4103505,0.0,0
2024,safety-driver,Cruise,5G21A6P03P4107943,0.0,0
2024,safety-driver,Cruise,5G21A6P03P4108445,0.0,0
2024,safety-driver,Cruise,5G21A6P03P4110700,0.0,0
2024,safety-driver,Cruise,5G21A6P03P4110941,0.0,0
2024,safety-driver,Cruise,5G21A6P03P4114245,0.0,0
2024,safety-driver,Cruise,5G21A6P03P4114536,0.0,0
2024,safety-driver,Cruise,5G21A6P03P4115685,0.0,0
2024,safety-driver,Cruise,5G21A6P03P4115976,0.0,0
2024,safety-driver,Cruise,5G21A6P03P4116285,0.0,0
2024,safety-driver,Cruise,5G21A6P03P4117047,0.0,0
2024,safety-driver,Cruise,5G21A6P03P4117050,0.0,0
2024,safety-driver,Cruise,5G21A6P03P4119915,0.0,0
2024,safety-driver,Cruise,5G21A6P03P4121602,0.0,0
2024,safety-driver,Cruise,5G21A6P03P4122586,0.0,0
2024,safety-driver,Cruise,5G21A6P03P4122863,0.0,0
2024,safety-driver,Cruise,5G21A6P03P4125164,0.0,0
2024,safety-driver,Cruise,5G21A6P03P4125455,0.0,0
2024,safety-driver,Cruise,5G21A6P03P4125715,0.0,0
2024,safety-driver,Cruise,5G21A6P03P4126928,0.0,0
2024,safety-driver,Cruise,5G21A6P03P4126931,0.0,0
2024,safety-driver,Cruise,5G21A6P03P4127397,0.0,0
2024,safety-driver,Cruise,5G21A6P03P4128615,0.0,0
2024,safety-driver,Cruise,5G21A6P03P4130235,0.0,0
2024,safety-driver,Cruise,5G21A6P03P4133023,0.0,0
2024,safety-driver,Cruise,5G21A6P03P4134527,0.0,0
2024,safety-driver,Cruise,5G21A6P03P4136326,0.0,0
2024,safety-driver,Cruise,5G21A6P03P4137573,0.0,0
2024,safety-driver,Cruise,5G21A6P03P4137850,0.0,0
2024,safety-driver,Cruise,5G21A6P03P4139288,0.0,0
2024,safety-driver,Cruise,5G21A6P03P4139291,0.0,0
2024,safety-driver,Cruise,5G21A6P03P4139906,0.0,0
2024,safety-driver,Cruise,5G21A6P03P4141168,0.0,0
2024,safety-driver,Cruise,5G21A6P03P4141171,0.0,0
2024,safety-driver,Cruise,5G21A6P03P4142417,0.0,0
2024,safety-driver,Cruise,5G21A6P03P4142420,0.0,0
2024,safety-driver,Cruise,5G21A6P03P4142658,0.0,0
2024,safety-driver,Cruise,5G21A6P03P4142661,0.0,0
2024,safety-driver,Cruise,5G21A6P03P4144037,0.0,0
2024,safety-driver,Cruise,5G21A6P03P4144040,0.0,0
2024,safety-driver,Cruise,5G21A6P03P4144247,0.0,0
2024,safety-driver,Cruise,5G21A6P03P4144250,0.0,0
2024,safety-driver,Cruise,5G21A6P03P4145124,0.0,0
2024,safety-driver,Cruise,5G21A6P03P4147102,0.0,0
2024,safety-driver,Cruise,5G21A6P03P4147391,0.0,0
2024,safety-driver,Cruise,5G21A6P03P4148606,0.0,0
2024,safety-driver,Cruise,5G21A6P03P4149139,0.0,0
2024,safety-driver,Cruise,5G21A6P03P4149142,0.0,0
2024,safety-driver,Cruise,5G21A6P03P4154163,0.0,0
2024,safety-driver,Cruise,5G21A6P03P4154373,0.0,0
2024,safety-driver,Cruise,5G21A6P03P4154583,0.0,0
2024,safety-driver,Cruise,5G21A6P03P4157371,0.0,0
2024,safety-driver,Cruise,5G21A6P03P4157595,0.0,0
2024,safety-driver,Cruise,5G21A6P03P4159153,0.0,0
2024,safety-driver,Cruise,5G21A6P03P4162649,0.0,0
2024,safety-driver,Cruise,5G21A6P03P4162652,0.0,0
2024,safety-driver,Cruise,5G21A6P03P4162859,0.0,0
2024,safety-driver,Cruise,5G21A6P03P4164126,0.0,0
2024,safety-driver,Cruise,5G21A6P03P4167348,0.0,0
2024,safety-driver,Cruise,5G21A6P03P4167558,0.0,0
2024,safety-driver,Cruise,5G21A6P03P4167561,0.0,0
2024,safety-driver,Cruise,5G21A6P03P4167754,0.0,0
2024,safety-driver,Cruise,5G21A6P03P4171500,0.0,0
2024,safety-driver,Cruise,5G21A6P03P4176745,0.0,0
2024,safety-driver,Cruise,5G21A6P03P4178575,0.0,0
2024,safety-driver,Cruise,5G21A6P03P4180410,0.0,0
2024,safety-driver,Cruise,5G21A6P03P4180648,0.0,0
2024,safety-driver,Cruise,5G21A6P03P4180651,0.0,0
2024,safety-driver,Cruise,5G21A6P03P4181718,0.0,0
2024,safety-driver,Cruise,5G21A6P03P4181721,0.0,0
2024,safety-driver,Cruise,5G21A6P03P4181900,0.0,0
2024,safety-driver,Cruise,5G21A6P03P4183369,0.0,0
2024,safety-driver,Cruise,5G21A6P03P4183579,0.0,0
2024,safety-driver,Cruise,5G21A6P03P4184988,0.0,0
2024,safety-driver,Cruise,5G21A6P03P4185378,0.0,0
2024,safety-driver,Cruise,5G21A6P03P4187714,0.0,0
2024,safety-driver,Cruise,5G21A6P04L4100008,0.0,0
2024,safety-driver,Cruise,5G21A6P04L4100025,0.0,0
2024,safety-driver,Cruise,5G21A6P04L4100039,0.0,0
2024,safety-driver,Cruise,5G21A6P04L4100123,0.0,0
2024,safety-driver,Cruise,5G21A6P04L4100140,0.0,0
2024,safety-driver,Cruise,5G21A6P04L4100171,0.0,0
2024,safety-driver,Cruise,5G21A6P04N4113005,0.0,0
2024,safety-driver,Cruise,5G21A6P04N4121086,500.76,0
2024,safety-driver,Cruise,5G21A6P04N4121606,0.0,0
2024,safety-driver,Cruise,5G21A6P04N4121623,0.0,0
2024,safety-driver,Cruise,5G21A6P04N4121637,0.0,0
2024,safety-driver,Cruise,5G21A6P04N4121640,0.0,0
2024,safety-driver,Cruise,5G21A6P04N4121654,0.0,0
2024,safety-driver,Cruise,5G21A6P04N4121668,0.0,0
2024,safety-driver,Cruise,5G21A6P04N4121671,0.0,0
2024,safety-driver,Cruise,5G21A6P04N4121685,0.0,0
2024,safety-driver,Cruise,5G21A6P04N4122108,0.0,0
2024,safety-driver,Cruise,5G21A6P04P4100063,0.0,0
2024,safety-driver,Cruise,5G21A6P04P4100077,0.0,0
2024,safety-driver,Cruise,5G21A6P04P4100080,0.0,0
2024,safety-driver,Cruise,5G21A6P04P4100094,0.0,0
2024,safety-driver,Cruise,5G21A6P04P4100127,0.0,0
2024,safety-driver,Cruise,5G21A6P04P4100130,0.0,0
2024,safety-driver,Cruise,5G21A6P04P4101679,0.0,0
2024,safety-driver,Cruise,5G21A6P04P4101682,0.0,0
2024,safety-driver,Cruise,5G21A6P04P4103058,0.0,0
2024,safety-driver,Cruise,5G21A6P04P4104677,0.0,0
2024,safety-driver,Cruise,5G21A6P04P4104680,0.0,0
2024,safety-driver,Cruise,5G21A6P04P4105358,0.0,0
2024,safety-driver,Cruise,5G21A6P04P4105361,0.0,0
2024,safety-driver,Cruise,5G21A6P04P4106106,0.0,0
2024,safety-driver,Cruise,5G21A6P04P4106896,0.0,0
2024,safety-driver,Cruise,5G21A6P04P4112200,0.0,0
2024,safety-driver,Cruise,5G21A6P04P4114531,0.0,0
2024,safety-driver,Cruise,5G21A6P04P4115971,0.0,0
2024,safety-driver,Cruise,5G21A6P04P4117414,0.0,0
2024,safety-driver,Cruise,5G21A6P04P4117865,0.0,0
2024,safety-driver,Cruise,5G21A6P04P4119583,0.0,0
2024,safety-driver,Cruise,5G21A6P04P4119910,0.0,0
2024,safety-driver,Cruise,5G21A6P04P4124301,593.72,0
2024,safety-driver,Cruise,5G21A6P04P4125710,0.0,0
2024,safety-driver,Cruise,5G21A6P04P4127179,0.0,0
2024,safety-driver,Cruise,5G21A6P04P4128610,0.0,0
2024,safety-driver,Cruise,5G21A6P04P4128915,0.0,0
2024,safety-driver,Cruise,5G21A6P04P4129997,0.0,0
2024,safety-driver,Cruise,5G21A6P04P4131409,0.0,0
2024,safety-driver,Cruise,5G21A6P04P4131412,0.0,0
2024,safety-driver,Cruise,5G21A6P04P4133306,0.0,0
2024,safety-driver,Cruise,5G21A6P04P4134276,0.0,0
2024,safety-driver,Cruise,5G21A6P04P4136027,0.0,0
2024,safety-driver,Cruise,5G21A6P04P4136030,0.0,0
2024,safety-driver,Cruise,5G21A6P04P4136321,0.0,0
2024,safety-driver,Cruise,5G21A6P04P4139610,0.0,0
2024,safety-driver,Cruise,5G21A6P04P4139901,0.0,0
2024,safety-driver,Cruise,5G21A6P04P4145407,0.0,0
2024,safety-driver,Cruise,5G21A6P04P4145410,0.0,0
2024,safety-driver,Cruise,5G21A6P04P4145729,0.0,0
2024,safety-driver,Cruise,5G21A6P04P4145732,0.0,0
2024,safety-driver,Cruise,5G21A6P04P4148601,0.0,0
2024,safety-driver,Cruise,5G21A6P04P4148873,0.0,0
2024,safety-driver,Cruise,5G21A6P04P4150526,0.0,0
2024,safety-driver,Cruise,5G21A6P04P4152356,0.0,0
2024,safety-driver,Cruise,5G21A6P04P4152518,0.0,0
2024,safety-driver,Cruise,5G21A6P04P4152521,0.0,0
2024,safety-driver,Cruise,5G21A6P04P4152728,0.0,0
2024,safety-driver,Cruise,5G21A6P04P4154169,0.0,0
2024,safety-driver,Cruise,5G21A6P04P4157847,0.0,0
2024,safety-driver,Cruise,5G21A6P04P4157850,0.0,0
2024,safety-driver,Cruise,5G21A6P04P4159159,0.0,0
2024,safety-driver,Cruise,5G21A6P04P4159677,0.0,0
2024,safety-driver,Cruise,5G21A6P04P4161087,0.0,0
2024,safety-driver,Cruise,5G21A6P04P4161090,0.0,0
2024,safety-driver,Cruise,5G21A6P04P4161364,0.0,0
2024,safety-driver,Cruise,5G21A6P04P4163065,0.0,0
2024,safety-driver,Cruise,5G21A6P04P4165740,0.0,0
2024,safety-driver,Cruise,5G21A6P04P4169058,0.0,0
2024,safety-driver,Cruise,5G21A6P04P4169173,0.0,0
2024,safety-driver,Cruise,5G21A6P04P4171392,0.0,0
2024,safety-driver,Cruise,5G21A6P04P4175314,0.0,0
2024,safety-driver,Cruise,5G21A6P04P4175569,0.0,0
2024,safety-driver,Cruise,5G21A6P04P4176978,0.0,0
2024,safety-driver,Cruise,5G21A6P04P4178777,0.0,0
2024,safety-driver,Cruise,5G21A6P04P4178780,0.0,0
2024,safety-driver,Cruise,5G21A6P04P4181565,0.0,0
2024,safety-driver,Cruise,5G21A6P04P4183154,0.0,0
2024,safety-driver,Cruise,5G21A6P04P4183364,0.0,0
2024,safety-driver,Cruise,5G21A6P04P4183574,0.0,0
2024,safety-driver,Cruise,5G21A6P04P4184983,0.0,0
2024,safety-driver,Cruise,5G21A6P04P4185597,0.0,0
2024,safety-driver,Cruise,5G21A6P04P4186989,0.0,0
2024,safety-driver,Cruise,5G21A6P04P4187883,0.0,0
2024,safety-driver,Cruise,5G21A6P04P4188046,0.0,0
2024,safety-driver,Cruise,5G21A6P05L4100003,0.0,0
2024,safety-driver,Cruise,5G21A6P05L4100020,0.0,0
2024,safety-driver,Cruise,5G21A6P05L4100129,0.0,0
2024,safety-driver,Cruise,5G21A6P05N4121596,0.0,0
2024,safety-driver,Cruise,5G21A6P05N4121601,0.0,0
2024,safety-driver,Cruise,5G21A6P05N4121615,0.0,0
2024,safety-driver,Cruise,5G21A6P05N4121629,0.0,0
2024,safety-driver,Cruise,5G21A6P05N4121632,0.0,0
2024,safety-driver,Cruise,5G21A6P05N4121646,0.0,0
2024,safety-driver,Cruise,5G21A6P05N4121663,0.0,0
2024,safety-driver,Cruise,5G21A6P05N4121677,0.0,0
2024,safety-driver,Cruise,5G21A6P05N4121680,0.0,0
2024,safety-driver,Cruise,5G21A6P05N4121694,0.0,0
2024,safety-driver,Cruise,5G21A6P05N4122098,0.0,0
2024,safety-driver,Cruise,5G21A6P05N4122103,0.0,0
2024,safety-driver,Cruise,5G21A6P05P4100055,0.0,0
2024,safety-driver,Cruise,5G21A6P05P4100069,0.0,0
2024,safety-driver,Cruise,5G21A6P05P4100072,0.0,0
2024,safety-driver,Cruise,5G21A6P05P4100105,0.0,0
2024,safety-driver,Cruise,5G21A6P05P4100119,0.0,0
2024,safety-driver,Cruise,5G21A6P05P4100122,0.0,0
2024,safety-driver,Cruise,5G21A6P05P4102128,0.0,0
2024,safety-driver,Cruise,5G21A6P05P4102131,0.0,0
2024,safety-driver,Cruise,5G21A6P05P4103506,0.0,0
2024,safety-driver,Cruise,5G21A6P05P4107944,0.0,0
2024,safety-driver,Cruise,5G21A6P05P4108446,0.0,0
2024,safety-driver,Cruise,5G21A6P05P4109676,0.0,0
2024,safety-driver,Cruise,5G21A6P05P4110696,0.0,0
2024,safety-driver,Cruise,5G21A6P05P4110701,0.0,0
2024,safety-driver,Cruise,5G21A6P05P4110942,0.0,0
2024,safety-driver,Cruise,5G21A6P05P4112805,0.0,0
2024,safety-driver,Cruise,5G21A6P05P4114246,0.0,0
2024,safety-driver,Cruise,5G21A6P05P4114537,669.19,0
2024,safety-driver,Cruise,5G21A6P05P4115686,0.0,0
2024,safety-driver,Cruise,5G21A6P05P4115977,0.0,0
2024,safety-driver,Cruise,5G21A6P05P4116286,0.0,0
2024,safety-driver,Cruise,5G21A6P05P4117048,0.0,0
2024,safety-driver,Cruise,5G21A6P05P4117051,0.0,0
2024,safety-driver,Cruise,5G21A6P05P4122587,0.0,0
2024,safety-driver,Cruise,5G21A6P05P4122590,0.0,0
2024,safety-driver,Cruise,5G21A6P05P4122864,0.0,0
2024,safety-driver,Cruise,5G21A6P05P4123190,0.0,0
2024,safety-driver,Cruise,5G21A6P05P4125165,0.0,0
2024,safety-driver,Cruise,5G21A6P05P4125456,0.0,0
2024,safety-driver,Cruise,5G21A6P05P4125716,0.0,0
2024,safety-driver,Cruise,5G21A6P05P4126929,0.0,0
2024,safety-driver,Cruise,5G21A6P05P4127174,0.0,0
2024,safety-driver,Cruise,5G21A6P05P4127398,0.0,0
2024,safety-driver,Cruise,5G21A6P05P4130236,0.0,0
2024,safety-driver,Cruise,5G21A6P05P4133024,0.0,0
2024,safety-driver,Cruise,5G21A6P05P4134271,0.0,0
2024,safety-driver,Cruise,5G21A6P05P4134528,0.0,0
2024,safety-driver,Cruise,5G21A6P05P4137574,0.0,0
2024,safety-driver,Cruise,5G21A6P05P4137848,0.0,0
2024,safety-driver,Cruise,5G21A6P05P4139289,0.0,0
2024,safety-driver,Cruise,5G21A6P05P4141169,0.0,0
2024,safety-driver,Cruise,5G21A6P05P4141172,0.0,0
2024,safety-driver,Cruise,5G21A6P05P4142418,0.0,0
2024,safety-driver,Cruise,5G21A6P05P4142421,0.0,0
2024,safety-driver,Cruise,5G21A6P05P4142659,0.0,0
2024,safety-driver,Cruise,5G21A6P05P4142662,0.0,0
2024,safety-driver,Cruise,5G21A6P05P4144038,0.0,0
2024,safety-driver,Cruise,5G21A6P05P4144041,0.0,0
2024,safety-driver,Cruise,5G21A6P05P4144248,0.0,0
2024,safety-driver,Cruise,5G21A6P05P4145125,0.0,0
2024,safety-driver,Cruise,5G21A6P05P4147103,0.0,0
2024,safety-driver,Cruise,5G21A6P05P4147389,0.0,0
2024,safety-driver,Cruise,5G21A6P05P4147392,0.0,0
2024,safety-driver,Cruise,5G21A6P05P4149143,0.0,0
2024,safety-driver,Cruise,5G21A6P05P4150521,0.0,0
2024,safety-driver,Cruise,5G21A6P05P4150776,0.0,0
2024,safety-driver,Cruise,5G21A6P05P4151037,0.0,0
2024,safety-driver,Cruise,5G21A6P05P4151040,0.0,0
2024,safety-driver,Cruise,5G21A6P05P4152351,0.0,0
2024,safety-driver,Cruise,5G21A6P05P4154164,0.0,0
2024,safety-driver,Cruise,5G21A6P05P4154374,0.0,0
2024,safety-driver,Cruise,5G21A6P05P4154584,0.0,0
2024,safety-driver,Cruise,5G21A6P05P4156173,0.0,0
2024,safety-driver,Cruise,5G21A6P05P4156416,0.0,0
2024,safety-driver,Cruise,5G21A6P05P4157369,0.0,0
2024,safety-driver,Cruise,5G21A6P05P4157372,0.0,0
2024,safety-driver,Cruise,5G21A6P05P4159154,0.0,0
2024,safety-driver,Cruise,5G21A6P05P4159400,0.0,0
2024,safety-driver,Cruise,5G21A6P05P4159672,0.0,0
2024,safety-driver,Cruise,5G21A6P05P4162653,0.0,0
2024,safety-driver,Cruise,5G21A6P05P4164127,0.0,0
2024,safety-driver,Cruise,5G21A6P05P4164130,0.0,0
2024,safety-driver,Cruise,5G21A6P05P4167349,0.0,0
2024,safety-driver,Cruise,5G21A6P05P4167559,0.0,0
2024,safety-driver,Cruise,5G21A6P05P4167562,0.0,0
2024,safety-driver,Cruise,5G21A6P05P4167755,0.0,0
2024,safety-driver,Cruise,5G21A6P05P4173250,0.0,0
2024,safety-driver,Cruise,5G21A6P05P4177220,0.0,0
2024,safety-driver,Cruise,5G21A6P05P4178576,0.0,0
2024,safety-driver,Cruise,5G21A6P05P4181560,0.0,0
2024,safety-driver,Cruise,5G21A6P05P4181719,0.0,0
2024,safety-driver,Cruise,5G21A6P05P4181901,0.0,0
2024,safety-driver,Cruise,5G21A6P05P4184989,0.0,0
2024,safety-driver,Cruise,5G21A6P05P4185379,0.0,0
2024,safety-driver,Cruise,5G21A6P05P4187715,0.0,0
2024,safety-driver,Cruise,5G21A6P06L4100026,0.0,0
2024,safety-driver,Cruise,5G21A6P06L4100043,0.0,0
2024,safety-driver,Cruise,5G21A6P06L4100057,0.0,0
2024,safety-driver,Cruise,5G21A6P06L4100060,0.0,0
2024,safety-driver,Cruise,5G21A6P06L4100074,0.0,0
2024,safety-driver,Cruise,5G21A6P06L4100124,0.0,0
2024,safety-driver,Cruise,5G21A6P06L4100141,0.0,0
2024,safety-driver,Cruise,5G21A6P06L4100186,0.0,0
2024,safety-driver,Cruise,5G21A6P06N4121607,0.0,0
2024,safety-driver,Cruise,5G21A6P06N4121610,0.0,0
2024,safety-driver,Cruise,5G21A6P06N4121624,0.0,0
2024,safety-driver,Cruise,5G21A6P06N4121638,0.0,0
2024,safety-driver,Cruise,5G21A6P06N4121641,0.0,0
2024,safety-driver,Cruise,5G21A6P06N4121655,0.0,0
2024,safety-driver,Cruise,5G21A6P06N4121669,0.0,0
2024,safety-driver,Cruise,5G21A6P06N4121672,0.0,0
2024,safety-driver,Cruise,5G21A6P06N4121686,0.0,0
2024,safety-driver,Cruise,5G21A6P06N4122109,0.0,0
2024,safety-driver,Cruise,5G21A6P06P4100050,0.0,0
2024,safety-driver,Cruise,5G21A6P06P4100064,0.0,0
2024,safety-driver,Cruise,5G21A6P06P4100078,0.0,0
2024,safety-driver,Cruise,5G21A6P06P4100081,0.0,0
2024,safety-driver,Cruise,5G21A6P06P4100100,0.0,0
2024,safety-driver,Cruise,5G21A6P06P4100114,0.0,0
2024,safety-driver,Cruise,5G21A6P06P4100128,0.0,0
2024,safety-driver,Cruise,5G21A6P06P4100131,0.0,0
2024,safety-driver,Cruise,5G21A6P06P4101683,0.0,0
2024,safety-driver,Cruise,5G21A6P06P4103059,0.0,0
2024,safety-driver,Cruise,5G21A6P06P4103062,0.0,0
2024,safety-driver,Cruise,5G21A6P06P4103501,0.0,0
2024,safety-driver,Cruise,5G21A6P06P4104678,0.0,0
2024,safety-driver,Cruise,5G21A6P06P4104681,0.0,0
2024,safety-driver,Cruise,5G21A6P06P4105359,0.0,0
2024,safety-driver,Cruise,5G21A6P06P4105362,0.0,0
2024,safety-driver,Cruise,5G21A6P06P4106107,0.0,0
2024,safety-driver,Cruise,5G21A6P06P4106110,0.0,0
2024,safety-driver,Cruise,5G21A6P06P4106897,0.0,0
2024,safety-driver,Cruise,5G21A6P06P4107936,0.0,0
2024,safety-driver,Cruise,5G21A6P06P4112196,0.0,0
2024,safety-driver,Cruise,5G21A6P06P4112201,0.0,0
2024,safety-driver,Cruise,5G21A6P06P4112487,0.0,0
2024,safety-driver,Cruise,5G21A6P06P4112490,0.0,0
2024,safety-driver,Cruise,5G21A6P06P4114241,0.0,0
2024,safety-driver,Cruise,5G21A6P06P4114532,0.0,0
2024,safety-driver,Cruise,5G21A6P06P4115972,0.0,0
2024,safety-driver,Cruise,5G21A6P06P4117415,0.0,0
2024,safety-driver,Cruise,5G21A6P06P4117866,0.0,0
2024,safety-driver,Cruise,5G21A6P06P4119584,0.0,0
2024,safety-driver,Cruise,5G21A6P06P4119911,0.0,0
2024,safety-driver,Cruise,5G21A6P06P4124302,0.0,0
2024,safety-driver,Cruise,5G21A6P06P4125160,0.0,0
2024,safety-driver,Cruise,5G21A6P06P4125711,0.0,0
2024,safety-driver,Cruise,5G21A6P06P4128611,0.0,0
2024,safety-driver,Cruise,5G21A6P06P4128916,0.0,0
2024,safety-driver,Cruise,5G21A6P06P4129998,0.0,0
2024,safety-driver,Cruise,5G21A6P06P4131413,0.0,0
2024,safety-driver,Cruise,5G21A6P06P4133307,0.0,0
2024,safety-driver,Cruise,5G21A6P06P4136028,0.0,0
2024,safety-driver,Cruise,5G21A6P06P4136031,0.0,0
2024,safety-driver,Cruise,5G21A6P06P4136322,0.0,0
2024,safety-driver,Cruise,5G21A6P06P4138099,0.0,0
2024,safety-driver,Cruise,5G21A6P06P4139608,0.0,0
2024,safety-driver,Cruise,5G21A6P06P4139611,0.0,0
2024,safety-driver,Cruise,5G21A6P06P4139902,0.0,0
2024,safety-driver,Cruise,5G21A6P06P4140936,0.0,0
2024,safety-driver,Cruise,5G21A6P06P4143576,0.0,0
2024,safety-driver,Cruise,5G21A6P06P4145120,0.0,0
2024,safety-driver,Cruise,5G21A6P06P4145408,0.0,0
2024,safety-driver,Cruise,5G21A6P06P4148602,0.0,0
2024,safety-driver,Cruise,5G21A6P06P4150527,0.0,0
2024,safety-driver,Cruise,5G21A6P06P4152357,0.0,0
2024,safety-driver,Cruise,5G21A6P06P4155906,0.0,0
2024,safety-driver,Cruise,5G21A6P06P4157848,0.0,0
2024,safety-driver,Cruise,5G21A6P06P4160877,0.0,0
2024,safety-driver,Cruise,5G21A6P06P4161088,0.0,0
2024,safety-driver,Cruise,5G21A6P06P4161365,0.0,0
2024,safety-driver,Cruise,5G21A6P06P4163066,0.0,0
2024,safety-driver,Cruise,5G21A6P06P4163925,0.0,0
2024,safety-driver,Cruise,5G21A6P06P4164332,0.0,0
2024,safety-driver,Cruise,5G21A6P06P4165738,0.0,0
2024,safety-driver,Cruise,5G21A6P06P4165741,0.0,0
2024,safety-driver,Cruise,5G21A6P06P4167344,0.0,0
2024,safety-driver,Cruise,5G21A6P06P4169059,0.0,0
2024,safety-driver,Cruise,5G21A6P06P4169174,0.0,0
2024,safety-driver,Cruise,5G21A6P06P4171166,0.0,0
2024,safety-driver,Cruise,5G21A6P06P4173595,0.0,0
2024,safety-driver,Cruise,5G21A6P06P4175315,0.0,0
2024,safety-driver,Cruise,5G21A6P06P4176979,0.0,0
2024,safety-driver,Cruise,5G21A6P06P4178571,0.0,0
2024,safety-driver,Cruise,5G21A6P06P4178778,0.0,0
2024,safety-driver,Cruise,5G21A6P06P4180644,0.0,0
2024,safety-driver,Cruise,5G21A6P06P4183155,0.0,0
2024,safety-driver,Cruise,5G21A6P06P4183365,0.0,0
2024,safety-driver,Cruise,5G21A6P06P4183575,0.0,0
2024,safety-driver,Cruise,5G21A6P06P4184984,0.0,0
2024,safety-driver,Cruise,5G21A6P06P4185374,0.0,0
2024,safety-driver,Cruise,5G21A6P06P4185598,0.0,0
2024,safety-driver,Cruise,5G21A6P06P4186220,0.0,0
2024,safety-driver,Cruise,5G21A6P06P4186878,0.0,0
2024,safety-driver,Cruise,5G21A6P06P4186881,0.0,0
2024,safety-driver,Cruise,5G21A6P06P4187884,0.0,0
2024,safety-driver,Cruise,5G21A6P06P4188047,0.0,0
2024,safety-driver,Cruise,5G21A6P07L4100004,0.0,0
2024,safety-driver,Cruise,5G21A6P07L4100049,0.0,0
2024,safety-driver,Cruise,5G21A6P07L4100066,0.0,0
2024,safety-driver,Cruise,5G21A6P07L4100083,0.0,0
2024,safety-driver,Cruise,5G21A6P07L4100102,0.0,0
2024,safety-driver,Cruise,5G21A6P07L4100116,0.0,0
2024,safety-driver,Cruise,5G21A6P07N4118876,0.0,0
2024,safety-driver,Cruise,5G21A6P07N4121597,0.0,0
2024,safety-driver,Cruise,5G21A6P07N4121602,0.0,0
2024,safety-driver,Cruise,5G21A6P07N4121616,0.0,0
2024,safety-driver,Cruise,5G21A6P07N4121633,0.0,0
2024,safety-driver,Cruise,5G21A6P07N4121647,0.0,0
2024,safety-driver,Cruise,5G21A6P07N4121650,0.0,0
2024,safety-driver,Cruise,5G21A6P07N4121664,0.0,0
2024,safety-driver,Cruise,5G21A6P07N4121678,0.0,0
2024,safety-driver,Cruise,5G21A6P07N4121681,0.0,0
2024,safety-driver,Cruise,5G21A6P07N4121695,0.0,0
2024,safety-driver,Cruise,5G21A6P07N4122099,0.0,0
2024,safety-driver,Cruise,5G21A6P07N4122104,0.0,0
2024,safety-driver,Cruise,5G21A6P07P4100056,0.0,0
2024,safety-driver,Cruise,5G21A6P07P4100073,0.0,0
2024,safety-driver,Cruise,5G21A6P07P4100090,0.0,0
2024,safety-driver,Cruise,5G21A6P07P4100123,0.0,0
2024,safety-driver,Cruise,5G21A6P07P4100591,0.0,0
2024,safety-driver,Cruise,5G21A6P07P4102129,0.0,0
2024,safety-driver,Cruise,5G21A6P07P4102132,0.0,0
2024,safety-driver,Cruise,5G21A6P07P4103507,0.0,0
2024,safety-driver,Cruise,5G21A6P07P4104673,0.0,0
2024,safety-driver,Cruise,5G21A6P07P4106892,0.0,0
2024,safety-driver,Cruise,5G21A6P07P4107945,0.0,0
2024,safety-driver,Cruise,5G21A6P07P4108447,0.0,0
2024,safety-driver,Cruise,5G21A6P07P4108450,0.0,0
2024,safety-driver,Cruise,5G21A6P07P4109677,0.0,0
2024,safety-driver,Cruise,5G21A6P07P4109680,0.0,0
2024,safety-driver,Cruise,5G21A6P07P4110697,0.0,0
2024,safety-driver,Cruise,5G21A6P07P4110702,0.0,0
2024,safety-driver,Cruise,5G21A6P07P4110943,0.0,0
2024,safety-driver,Cruise,5G21A6P07P4112806,0.0,0
2024,safety-driver,Cruise,5G21A6P07P4114247,0.0,0
2024,safety-driver,Cruise,5G21A6P07P4115687,0.0,0
2024,safety-driver,Cruise,5G21A6P07P4115690,0.0,0
2024,safety-driver,Cruise,5G21A6P07P4116287,0.0,0
2024,safety-driver,Cruise,5G21A6P07P4116290,0.0,0
2024,safety-driver,Cruise,5G21A6P07P4117049,0.0,0
2024,safety-driver,Cruise,5G21A6P07P4117410,0.0,0
2024,safety-driver,Cruise,5G21A6P07P4121604,0.0,0
2024,safety-driver,Cruise,5G21A6P07P4122588,0.0,0
2024,safety-driver,Cruise,5G21A6P07P4122591,0.0,0
2024,safety-driver,Cruise,5G21A6P07P4122865,0.0,0
2024,safety-driver,Cruise,5G21A6P07P4123188,0.0,0
2024,safety-driver,Cruise,5G21A6P07P4123191,0.0,0
2024,safety-driver,Cruise,5G21A6P07P4125457,0.0,0
2024,safety-driver,Cruise,5G21A6P07P4125460,0.0,0
2024,safety-driver,Cruise,5G21A6P07P4127175,0.0,0
2024,safety-driver,Cruise,5G21A6P07P4127399,0.0,0
2024,safety-driver,Cruise,5G21A6P07P4130237,0.0,0
2024,safety-driver,Cruise,5G21A6P07P4133025,0.0,0
2024,safety-driver,Cruise,5G21A6P07P4133302,0.0,0
2024,safety-driver,Cruise,5G21A6P07P4134272,0.0,0
2024,safety-driver,Cruise,5G21A6P07P4137575,0.0,0
2024,safety-driver,Cruise,5G21A6P07P4137849,0.0,0
2024,safety-driver,Cruise,5G21A6P07P4142419,0.0,0
2024,safety-driver,Cruise,5G21A6P07P4142663,0.0,0
2024,safety-driver,Cruise,5G21A6P07P4144039,0.0,0
2024,safety-driver,Cruise,5G21A6P07P4144042,0.0,0
2024,safety-driver,Cruise,5G21A6P07P4144249,0.0,0
2024,safety-driver,Cruise,5G21A6P07P4147104,0.0,0
2024,safety-driver,Cruise,5G21A6P07P4147393,0.0,0
2024,safety-driver,Cruise,5G21A6P07P4148608,0.0,0
2024,safety-driver,Cruise,5G21A6P07P4149144,0.0,0
2024,safety-driver,Cruise,5G21A6P07P4150522,0.0,0
2024,safety-driver,Cruise,5G21A6P07P4150777,0.0,0
2024,safety-driver,Cruise,5G21A6P07P4150780,0.0,0
2024,safety-driver,Cruise,5G21A6P07P4151038,0.0,0
2024,safety-driver,Cruise,5G21A6P07P4151041,0.0,0
2024,safety-driver,Cruise,5G21A6P07P4152352,0.0,0
2024,safety-driver,Cruise,5G21A6P07P4154375,0.0,0
2024,safety-driver,Cruise,5G21A6P07P4154585,0.0,0
2024,safety-driver,Cruise,5G21A6P07P4156174,0.0,0
2024,safety-driver,Cruise,5G21A6P07P4156417,0.0,0
2024,safety-driver,Cruise,5G21A6P07P4157597,0.0,0
2024,safety-driver,Cruise,5G21A6P07P4159155,0.0,0
2024,safety-driver,Cruise,5G21A6P07P4159673,0.0,0
2024,safety-driver,Cruise,5G21A6P07P4164128,0.0,0
2024,safety-driver,Cruise,5G21A6P07P4165506,0.0,0
2024,safety-driver,Cruise,5G21A6P07P4167563,0.0,0
2024,safety-driver,Cruise,5G21A6P07P4167756,0.0,0
2024,safety-driver,Cruise,5G21A6P07P4169054,0.0,0
2024,safety-driver,Cruise,5G21A6P07P4171502,0.0,0
2024,safety-driver,Cruise,5G21A6P07P4173248,0.0,0
2024,safety-driver,Cruise,5G21A6P07P4175565,0.0,0
2024,safety-driver,Cruise,5G21A6P07P4177218,0.0,0
2024,safety-driver,Cruise,5G21A6P07P4177221,0.0,0
2024,safety-driver,Cruise,5G21A6P07P4178577,0.0,0
2024,safety-driver,Cruise,5G21A6P07P4178773,0.0,0
2024,safety-driver,Cruise,5G21A6P07P4178966,0.0,0
2024,safety-driver,Cruise,5G21A6P07P4180409,0.0,0
2024,safety-driver,Cruise,5G21A6P07P4180412,0.0,0
2024,safety-driver,Cruise,5G21A6P07P4181561,0.0,0
2024,safety-driver,Cruise,5G21A6P07P4181902,0.0,0
2024,safety-driver,Cruise,5G21A6P07P4183150,0.0,0
2024,safety-driver,Cruise,5G21A6P07P4187716,0.0,0
2024,safety-driver,Cruise,5G21A6P07P4188042,0.0,0
2024,safety-driver,Cruise,5G21A6P08L4100013,0.0,0
2024,safety-driver,Cruise,5G21A6P08L4100030,0.0,0
2024,safety-driver,Cruise,5G21A6P08L4100044,0.0,0
2024,safety-driver,Cruise,5G21A6P08L4100075,0.0,0
2024,safety-driver,Cruise,5G21A6P08L4100125,0.0,0
2024,safety-driver,Cruise,5G21A6P08L4100142,0.0,0
2024,safety-driver,Cruise,5G21A6P08L4100187,0.0,0
2024,safety-driver,Cruise,5G21A6P08N4121608,0.0,0
2024,safety-driver,Cruise,5G21A6P08N4121625,0.0,0
2024,safety-driver,Cruise,5G21A6P08N4121639,0.0,0
2024,safety-driver,Cruise,5G21A6P08N4121642,0.0,0
2024,safety-driver,Cruise,5G21A6P08N4121656,0.0,0
2024,safety-driver,Cruise,5G21A6P08N4121673,0.0,0
2024,safety-driver,Cruise,5G21A6P08N4121687,0.0,0
2024,safety-driver,Cruise,5G21A6P08N4121690,0.0,0
2024,safety-driver,Cruise,5G21A6P08N4123715,0.0,0
2024,safety-driver,Cruise,5G21A6P08P4100051,0.0,0
2024,safety-driver,Cruise,5G21A6P08P4100065,0.0,0
2024,safety-driver,Cruise,5G21A6P08P4100079,0.0,0
2024,safety-driver,Cruise,5G21A6P08P4100082,0.0,0
2024,safety-driver,Cruise,5G21A6P08P4100096,0.0,0
2024,safety-driver,Cruise,5G21A6P08P4100101,0.0,0
2024,safety-driver,Cruise,5G21A6P08P4100115,0.0,0
2024,safety-driver,Cruise,5G21A6P08P4100129,0.0,0
2024,safety-driver,Cruise,5G21A6P08P4100132,0.0,0
2024,safety-driver,Cruise,5G21A6P08P4102124,0.0,0
2024,safety-driver,Cruise,5G21A6P08P4103063,0.0,0
2024,safety-driver,Cruise,5G21A6P08P4103502,0.0,0
2024,safety-driver,Cruise,5G21A6P08P4104679,0.0,0
2024,safety-driver,Cruise,5G21A6P08P4104682,0.0,0
2024,safety-driver,Cruise,5G21A6P08P4105363,0.0,0
2024,safety-driver,Cruise,5G21A6P08P4106108,0.0,0
2024,safety-driver,Cruise,5G21A6P08P4106111,0.0,0
2024,safety-driver,Cruise,5G21A6P08P4106898,0.0,0
2024,safety-driver,Cruise,5G21A6P08P4107937,0.0,0
2024,safety-driver,Cruise,5G21A6P08P4107940,0.0,0
2024,safety-driver,Cruise,5G21A6P08P4112197,0.0,0
2024,safety-driver,Cruise,5G21A6P08P4112202,0.0,0
2024,safety-driver,Cruise,5G21A6P08P4112488,0.0,0
2024,safety-driver,Cruise,5G21A6P08P4112491,0.0,0
2024,safety-driver,Cruise,5G21A6P08P4114242,0.0,0
2024,safety-driver,Cruise,5G21A6P08P4114533,0.0,0
2024,safety-driver,Cruise,5G21A6P08P4115973,0.0,0
2024,safety-driver,Cruise,5G21A6P08P4117867,0.0,0
2024,safety-driver,Cruise,5G21A6P08P4119585,0.0,0
2024,safety-driver,Cruise,5G21A6P08P4119909,592.13,1
2024,safety-driver,Cruise,5G21A6P08P4119912,0.0,0
2024,safety-driver,Cruise,5G21A6P08P4120347,0.0,0
2024,safety-driver,Cruise,5G21A6P08P4120350,0.0,0
2024,safety-driver,Cruise,5G21A6P08P4122860,0.0,0
2024,safety-driver,Cruise,5G21A6P08P4124303,0.0,0
2024,safety-driver,Cruise,5G21A6P08P4125158,0.0,0
2024,safety-driver,Cruise,5G21A6P08P4125161,0.0,0
2024,safety-driver,Cruise,5G21A6P08P4125712,0.0,0
2024,safety-driver,Cruise,5G21A6P08P4126925,0.0,0
2024,safety-driver,Cruise,5G21A6P08P4128609,0.0,0
2024,safety-driver,Cruise,5G21A6P08P4128612,0.0,0
2024,safety-driver,Cruise,5G21A6P08P4128917,0.0,0
2024,safety-driver,Cruise,5G21A6P08P4128920,0.0,0
2024,safety-driver,Cruise,5G21A6P08P4129999,0.0,0
2024,safety-driver,Cruise,5G21A6P08P4133020,0.0,0
2024,safety-driver,Cruise,5G21A6P08P4134524,0.0,0
2024,safety-driver,Cruise,5G21A6P08P4136029,0.0,0
2024,safety-driver,Cruise,5G21A6P08P4136032,0.0,0
2024,safety-driver,Cruise,5G21A6P08P4136323,0.0,0
2024,safety-driver,Cruise,5G21A6P08P4137570,0.0,0
2024,safety-driver,Cruise,5G21A6P08P4137844,0.0,0
2024,safety-driver,Cruise,5G21A6P08P4139285,0.0,0
2024,safety-driver,Cruise,5G21A6P08P4139609,0.0,0
2024,safety-driver,Cruise,5G21A6P08P4139612,0.0,0
2024,safety-driver,Cruise,5G21A6P08P4139903,0.0,0
2024,safety-driver,Cruise,5G21A6P08P4140937,0.0,0
2024,safety-driver,Cruise,5G21A6P08P4140940,0.0,0
2024,safety-driver,Cruise,5G21A6P08P4142414,0.0,0
2024,safety-driver,Cruise,5G21A6P08P4143577,0.0,0
2024,safety-driver,Cruise,5G21A6P08P4143580,0.0,0
2024,safety-driver,Cruise,5G21A6P08P4144244,0.0,0
2024,safety-driver,Cruise,5G21A6P08P4145118,0.0,0
2024,safety-driver,Cruise,5G21A6P08P4145121,0.0,0
2024,safety-driver,Cruise,5G21A6P08P4145409,0.0,0
2024,safety-driver,Cruise,5G21A6P08P4148603,0.0,0
2024,safety-driver,Cruise,5G21A6P08P4152523,0.0,0
2024,safety-driver,Cruise,5G21A6P08P4152733,0.0,0
2024,safety-driver,Cruise,5G21A6P08P4155910,0.0,0
2024,safety-driver,Cruise,5G21A6P08P4157849,0.0,0
2024,safety-driver,Cruise,5G21A6P08P4160878,0.0,0
2024,safety-driver,Cruise,5G21A6P08P4161089,0.0,0
2024,safety-driver,Cruise,5G21A6P08P4161366,0.0,0
2024,safety-driver,Cruise,5G21A6P08P4162856,0.0,0
2024,safety-driver,Cruise,5G21A6P08P4163067,0.0,0
2024,safety-driver,Cruise,5G21A6P08P4163926,0.0,0
2024,safety-driver,Cruise,5G21A6P08P4164333,0.0,0
2024,safety-driver,Cruise,5G21A6P08P4169175,0.0,0
2024,safety-driver,Cruise,5G21A6P08P4171167,0.0,0
2024,safety-driver,Cruise,5G21A6P08P4175316,0.0,0
2024,safety-driver,Cruise,5G21A6P08P4178572,0.0,0
2024,safety-driver,Cruise,5G21A6P08P4180645,0.0,0
2024,safety-driver,Cruise,5G21A6P08P4181715,0.0,0
2024,safety-driver,Cruise,5G21A6P08P4183156,0.0,0
2024,safety-driver,Cruise,5G21A6P08P4183366,0.0,0
2024,safety-driver,Cruise,5G21A6P08P4183576,0.0,0
2024,safety-driver,Cruise,5G21A6P08P4184985,0.0,0
2024,safety-driver,Cruise,5G21A6P08P4185375,0.0,0
2024,safety-driver,Cruise,5G21A6P08P4185599,0.0,0
2024,safety-driver,Cruise,5G21A6P08P4186221,0.0,0
2024,safety-driver,Cruise,5G21A6P08P4186879,0.0,0
2024,safety-driver,Cruise,5G21A6P08P4188048,0.0,0
2024,safety-driver,Cruise,5G21A6P09L4100036,0.0,0
2024,safety-driver,Cruise,5G21A6P09L4100067,0.0,0
2024,safety-driver,Cruise,5G21A6P09L4100070,0.0,0
2024,safety-driver,Cruise,5G21A6P09L4100117,0.0,0
2024,safety-driver,Cruise,5G21A6P09L4100120,0.0,0
2024,safety-driver,Cruise,5G21A6P09L4100134,0.0,0
2024,safety-driver,Cruise,5G21A6P09L4100179,0.0,0
2024,safety-driver,Cruise,5G21A6P09L4100182,0.0,0
2024,safety-driver,Cruise,5G21A6P09N4121598,0.0,0
2024,safety-driver,Cruise,5G21A6P09N4121603,504.16,0
2024,safety-driver,Cruise,5G21A6P09N4121617,0.0,0
2024,safety-driver,Cruise,5G21A6P09N4121620,0.0,0
2024,safety-driver,Cruise,5G21A6P09N4121634,0.0,0
2024,safety-driver,Cruise,5G21A6P09N4121648,0.0,0
2024,safety-driver,Cruise,5G21A6P09N4121651,0.0,0
2024,safety-driver,Cruise,5G21A6P09N4121665,0.0,0
2024,safety-driver,Cruise,5G21A6P09N4121679,0.0,0
2024,safety-driver,Cruise,5G21A6P09N4121682,0.0,0
2024,safety-driver,Cruise,5G21A6P09N4121696,0.0,0
2024,safety-driver,Cruise,5G21A6P09N4122105,0.0,0
2024,safety-driver,Cruise,5G21A6P09P4100057,0.0,0
2024,safety-driver,Cruise,5G21A6P09P4100060,0.0,0
2024,safety-driver,Cruise,5G21A6P09P4100074,0.0,0
2024,safety-driver,Cruise,5G21A6P09P4100088,0.0,0
2024,safety-driver,Cruise,5G21A6P09P4100107,0.0,0
2024,safety-driver,Cruise,5G21A6P09P4100110,0.0,0
2024,safety-driver,Cruise,5G21A6P09P4100124,0.0,0
2024,safety-driver,Cruise,5G21A6P09P4100589,0.0,0
2024,safety-driver,Cruise,5G21A6P09P4102133,0.0,0
2024,safety-driver,Cruise,5G21A6P09P4103508,0.0,0
2024,safety-driver,Cruise,5G21A6P09P4104674,0.0,0
2024,safety-driver,Cruise,5G21A6P09P4105355,0.0,0
2024,safety-driver,Cruise,5G21A6P09P4106893,0.0,0
2024,safety-driver,Cruise,5G21A6P09P4108448,0.0,0
2024,safety-driver,Cruise,5G21A6P09P4108451,0.0,0
2024,safety-driver,Cruise,5G21A6P09P4109678,0.0,0
2024,safety-driver,Cruise,5G21A6P09P4109681,0.0,0
2024,safety-driver,Cruise,5G21A6P09P4110698,0.0,0
2024,safety-driver,Cruise,5G21A6P09P4110703,0.0,0
2024,safety-driver,Cruise,5G21A6P09P4110944,0.0,0
2024,safety-driver,Cruise,5G21A6P09P4112807,0.0,0
2024,safety-driver,Cruise,5G21A6P09P4112810,0.0,0
2024,safety-driver,Cruise,5G21A6P09P4115688,0.0,0
2024,safety-driver,Cruise,5G21A6P09P4116288,0.0,0
2024,safety-driver,Cruise,5G21A6P09P4117411,0.0,0
2024,safety-driver,Cruise,5G21A6P09P4119580,0.0,0
2024,safety-driver,Cruise,5G21A6P09P4122589,0.0,0
2024,safety-driver,Cruise,5G21A6P09P4122592,0.0,0
2024,safety-driver,Cruise,5G21A6P09P4122866,0.0,0
2024,safety-driver,Cruise,5G21A6P09P4123189,0.0,0
2024,safety-driver,Cruise,5G21A6P09P4123192,0.0,0
2024,safety-driver,Cruise,5G21A6P09P4125458,0.0,0
2024,safety-driver,Cruise,5G21A6P09P4125461,0.0,0
2024,safety-driver,Cruise,5G21A6P09P4127176,0.0,0
2024,safety-driver,Cruise,5G21A6P09P4129994,0.0,0
2024,safety-driver,Cruise,5G21A6P09P4130000,0.0,0
2024,safety-driver,Cruise,5G21A6P09P4130238,0.0,0
2024,safety-driver,Cruise,5G21A6P09P4133303,0.0,0
2024,safety-driver,Cruise,5G21A6P09P4134273,0.0,0
2024,safety-driver,Cruise,5G21A6P09P4137576,0.0,0
2024,safety-driver,Cruise,5G21A6P09P4138095,0.0,0
2024,safety-driver,Cruise,5G21A6P09P4138100,0.0,0
2024,safety-driver,Cruise,5G21A6P09P4145404,0.0,0
2024,safety-driver,Cruise,5G21A6P09P4145726,0.0,0
2024,safety-driver,Cruise,5G21A6P09P4147105,0.0,0
2024,safety-driver,Cruise,5G21A6P09P4147394,0.0,0
2024,safety-driver,Cruise,5G21A6P09P4148867,0.0,0
2024,safety-driver,Cruise,5G21A6P09P4148870,0.0,0
2024,safety-driver,Cruise,5G21A6P09P4150523,0.0,0
2024,safety-driver,Cruise,5G21A6P09P4150778,0.0,0
2024,safety-driver,Cruise,5G21A6P09P4150781,0.0,0
2024,safety-driver,Cruise,5G21A6P09P4151042,0.0,0
2024,safety-driver,Cruise,5G21A6P09P4152353,0.0,0
2024,safety-driver,Cruise,5G21A6P09P4154166,0.0,0
2024,safety-driver,Cruise,5G21A6P09P4154376,0.0,0
2024,safety-driver,Cruise,5G21A6P09P4154586,0.0,0
2024,safety-driver,Cruise,5G21A6P09P4156175,0.0,0
2024,safety-driver,Cruise,5G21A6P09P4157598,0.0,0
2024,safety-driver,Cruise,5G21A6P09P4157844,0.0,0
2024,safety-driver,Cruise,5G21A6P09P4159156,0.0,0
2024,safety-driver,Cruise,5G21A6P09P4159397,0.0,0
2024,safety-driver,Cruise,5G21A6P09P4159674,0.0,0
2024,safety-driver,Cruise,5G21A6P09P4160873,0.0,0
2024,safety-driver,Cruise,5G21A6P09P4161084,0.0,0
2024,safety-driver,Cruise,5G21A6P09P4161361,0.0,0
2024,safety-driver,Cruise,5G21A6P09P4165507,0.0,0
2024,safety-driver,Cruise,5G21A6P09P4165510,0.0,0
2024,safety-driver,Cruise,5G21A6P09P4166026,0.0,0
2024,safety-driver,Cruise,5G21A6P09P4167564,0.0,0
2024,safety-driver,Cruise,5G21A6P09P4167757,0.0,0
2024,safety-driver,Cruise,5G21A6P09P4169055,0.0,0
2024,safety-driver,Cruise,5G21A6P09P4169296,0.0,0
2024,safety-driver,Cruise,5G21A6P09P4171498,0.0,0
2024,safety-driver,Cruise,5G21A6P09P4171503,0.0,0
2024,safety-driver,Cruise,5G21A6P09P4175311,0.0,0
2024,safety-driver,Cruise,5G21A6P09P4175566,0.0,0
2024,safety-driver,Cruise,5G21A6P09P4176975,0.0,0
2024,safety-driver,Cruise,5G21A6P09P4177219,0.0,0
2024,safety-driver,Cruise,5G21A6P09P4180217,0.0,0
2024,safety-driver,Cruise,5G21A6P09P4180413,0.0,0
2024,safety-driver,Cruise,5G21A6P09P4181562,0.0,0
2024,safety-driver,Cruise,5G21A6P09P4181903,0.0,0
2024,safety-driver,Cruise,5G21A6P09P4183151,0.0,0
2024,safety-driver,Cruise,5G21A6P09P4186986,0.0,0
2024,safety-driver,Cruise,5G21A6P09P4187717,0.0,0
2024,safety-driver,Cruise,5G21A6P09P4187880,0.0,0
2024,safety-driver,Cruise,5G21A6P09P4188043,0.0,0
2024,safety-driver,Cruise,5G21A6P0XL4100045,0.0,0
2024,safety-driver,Cruise,5G21A6P0XL4100062,0.0,0
2024,safety-driver,Cruise,5G21A6P0XL4100076,0.0,0
2024,safety-driver,Cruise,5G21A6P0XL4100160,0.0,0
2024,safety-driver,Cruise,5G21A6P0XL4100188,0.0,0
2024,safety-driver,Cruise,5G21A6P0XL4100191,0.0,0
2024,safety-driver,Cruise,5G21A6P0XN4121609,478.55,0
2024,safety-driver,Cruise,5G21A6P0XN4121612,0.0,0
2024,safety-driver,Cruise,5G21A6P0XN4121626,0.0,0
2024,safety-driver,Cruise,5G21A6P0XN4121643,0.0,0
2024,safety-driver,Cruise,5G21A6P0XN4121657,0.0,0
2024,safety-driver,Cruise,5G21A6P0XN4121660,0.0,0
2024,safety-driver,Cruise,5G21A6P0XN4121674,0.0,0
2024,safety-driver,Cruise,5G21A6P0XN4121688,0.0,0
2024,safety-driver,Cruise,5G21A6P0XN4121691,0.0,0
2024,safety-driver,Cruise,5G21A6P0XN4122100,0.0,0
2024,safety-driver,Cruise,5G21A6P0XP4100049,0.0,0
2024,safety-driver,Cruise,5G21A6P0XP4100052,0.0,0
2024,safety-driver,Cruise,5G21A6P0XP4100066,0.0,0
2024,safety-driver,Cruise,5G21A6P0XP4100083,0.0,0
2024,safety-driver,Cruise,5G21A6P0XP4100097,0.0,0
2024,safety-driver,Cruise,5G21A6P0XP4100102,0.0,0
2024,safety-driver,Cruise,5G21A6P0XP4100116,0.0,0
2024,safety-driver,Cruise,5G21A6P0XP4100133,0.0,0
2024,safety-driver,Cruise,5G21A6P0XP4102125,0.0,0
2024,safety-driver,Cruise,5G21A6P0XP4103503,0.0,0
2024,safety-driver,Cruise,5G21A6P0XP4105364,0.0,0
2024,safety-driver,Cruise,5G21A6P0XP4106109,0.0,0
2024,safety-driver,Cruise,5G21A6P0XP4106112,0.0,0
2024,safety-driver,Cruise,5G21A6P0XP4107938,0.0,0
2024,safety-driver,Cruise,5G21A6P0XP4107941,0.0,0
2024,safety-driver,Cruise,5G21A6P0XP4112198,0.0,0
2024,safety-driver,Cruise,5G21A6P0XP4112489,0.0,0
2024,safety-driver,Cruise,5G21A6P0XP4112492,0.0,0
2024,safety-driver,Cruise,5G21A6P0XP4114243,0.0,0
2024,safety-driver,Cruise,5G21A6P0XP4114534,0.0,0
2024,safety-driver,Cruise,5G21A6P0XP4115974,0.0,0
2024,safety-driver,Cruise,5G21A6P0XP4117045,0.0,0
2024,safety-driver,Cruise,5G21A6P0XP4117868,0.0,0
2024,safety-driver,Cruise,5G21A6P0XP4119913,0.0,0
2024,safety-driver,Cruise,5G21A6P0XP4120348,0.0,0
2024,safety-driver,Cruise,5G21A6P0XP4120351,0.0,0
2024,safety-driver,Cruise,5G21A6P0XP4121600,0.0,0
2024,safety-driver,Cruise,5G21A6P0XP4122861,0.0,0
2024,safety-driver,Cruise,5G21A6P0XP4124299,0.0,0
2024,safety-driver,Cruise,5G21A6P0XP4124304,0.0,0
2024,safety-driver,Cruise,5G21A6P0XP4125159,0.0,0
2024,safety-driver,Cruise,5G21A6P0XP4125162,0.0,0
2024,safety-driver,Cruise,5G21A6P0XP4125713,0.0,0
2024,safety-driver,Cruise,5G21A6P0XP4126926,0.0,0
2024,safety-driver,Cruise,5G21A6P0XP4127400,0.0,0
2024,safety-driver,Cruise,5G21A6P0XP4128613,0.0,0
2024,safety-driver,Cruise,5G21A6P0XP4128918,0.0,0
2024,safety-driver,Cruise,5G21A6P0XP4128921,0.0,0
2024,safety-driver,Cruise,5G21A6P0XP4130233,0.0,0
2024,safety-driver,Cruise,5G21A6P0XP4133021,0.0,0
2024,safety-driver,Cruise,5G21A6P0XP4134525,0.0,0
2024,safety-driver,Cruise,5G21A6P0XP4136324,0.0,0
2024,safety-driver,Cruise,5G21A6P0XP4137571,0.0,0
2024,safety-driver,Cruise,5G21A6P0XP4137845,0.0,0
2024,safety-driver,Cruise,5G21A6P0XP4139286,0.0,0
2024,safety-driver,Cruise,5G21A6P0XP4139613,0.0,0
2024,safety-driver,Cruise,5G21A6P0XP4139904,0.0,0
2024,safety-driver,Cruise,5G21A6P0XP4140938,0.0,0
2024,safety-driver,Cruise,5G21A6P0XP4140941,0.0,0
2024,safety-driver,Cruise,5G21A6P0XP4141166,0.0,0
2024,safety-driver,Cruise,5G21A6P0XP4143578,0.0,0
2024,safety-driver,Cruise,5G21A6P0XP4143581,0.0,0
2024,safety-driver,Cruise,5G21A6P0XP4144245,0.0,0
2024,safety-driver,Cruise,5G21A6P0XP4145119,0.0,0
2024,safety-driver,Cruise,5G21A6P0XP4145122,0.0,0
2024,safety-driver,Cruise,5G21A6P0XP4147100,0.0,0
2024,safety-driver,Cruise,5G21A6P0XP4148604,0.0,0
2024,safety-driver,Cruise,5G21A6P0XP4154581,0.0,0
2024,safety-driver,Cruise,5G21A6P0XP4155908,0.0,0
2024,safety-driver,Cruise,5G21A6P0XP4155911,0.0,0
2024,safety-driver,Cruise,5G21A6P0XP4157366,0.0,0
2024,safety-driver,Cruise,5G21A6P0XP4157593,0.0,0
2024,safety-driver,Cruise,5G21A6P0XP4162857,0.0,0
2024,safety-driver,Cruise,5G21A6P0XP4163927,0.0,0
2024,safety-driver,Cruise,5G21A6P0XP4163930,0.0,0
2024,safety-driver,Cruise,5G21A6P0XP4167346,0.0,0
2024,safety-driver,Cruise,5G21A6P0XP4169176,0.0,0
2024,safety-driver,Cruise,5G21A6P0XP4173597,0.0,0
2024,safety-driver,Cruise,5G21A6P0XP4175107,0.0,0
2024,safety-driver,Cruise,5G21A6P0XP4175317,0.0,0
2024,safety-driver,Cruise,5G21A6P0XP4176743,0.0,0
2024,safety-driver,Cruise,5G21A6P0XP4178573,0.0,0
2024,safety-driver,Cruise,5G21A6P0XP4181716,0.0,0
2024,safety-driver,Cruise,5G21A6P0XP4183157,0.0,0
2024,safety-driver,Cruise,5G21A6P0XP4183367,0.0,0
2024,safety-driver,Cruise,5G21A6P0XP4183370,0.0,0
2024,safety-driver,Cruise,5G21A6P0XP4183577,0.0,0
2024,safety-driver,Cruise,5G21A6P0XP4183580,0.0,0
2024,safety-driver,Cruise,5G21A6P0XP4184986,0.0,0
2024,safety-driver,Cruise,5G21A6P0XP4185376,0.0,0
2024,safety-driver,Cruise,5G21A6P0XP4186219,0.0,0
2024,safety-driver,Cruise,5G21A6P0XP4186222,0.0,0
2024,safety-driver,Gatik,52CG2DGA7J0017503,0.0,0
2024,safety-driver,Gatik,NM0GS9F26K1412410,0.0,0
2024,safety-driver,Gatik,NM0LS7F25K1413020,726.0,1
2024,safety-driver,Ghost Autonomy,3C6MRVJG8NE116889,0.0,0
2024,safety-driver,Ghost Autonomy,4T1BF1FK0HU317251,3010.12,53
2024,safety-driver,Ghost Autonomy,4T1BF1FK3HU411088,3808.88,97
2024,safety-driver,Ghost Autonomy,4T1BF1FK3HU693877,680.73,21
2024,safety-driver,Ghost Autonomy,4T1BF1FK4HU271830,0.0,0
2024,safety-driver,Ghost Autonomy,4T1BF1FK6HU377311,0.0,0
2024,safety-driver,Ghost Autonomy,4T1BF1FK6HU452251,1300.71,21
2024,safety-driver,Ghost Autonomy,4T1BF1FK6HU734745,0.0,0
2024,safety-driver,Ghost Autonomy,4T1BF1FK7HU356953,0.0,0
2024,safety-driver,Ghost Autonomy,4T1BF1FK7HU433000,3782.46,118
2024,safety-driver,Ghost Autonomy,SALWS2RU6MA760657,537.83,41
2024,safety-driver,Ghost Autonomy,SALWS2RU9MA749619,17.5,0
2024,safety-driver,Imagry,KNDCB3LC8J5206489,371.1,83
2024,safety-driver,Imagry,KNDCB3LCOJ5177246,485.1,53
2024,safety-driver,Mercedes-Benz,W1K2230761A175959,0.0,0
2024,safety-driver,Mercedes-Benz,W1K2231301A013981,2973.87,0
2024,safety-driver,Mercedes-Benz,W1K2231601A026674,0.0,0
2024,safety-driver,Mercedes-Benz,W1K2231631A082628,0.0,0
2024,safety-driver,Mercedes-Benz,W1K2231761A013986,2311.51,0
2024,safety-driver,Mercedes-Benz,W1K2231761A013993,2777.78,0
2024,safety-driver,Mercedes-Benz,W1K2231761A026613,35.79,0
2024,safety-driver,Mercedes-Benz,W1K2231761A039946,2861.11,0
2024,safety-driver,Mercedes-Benz,W1K2231761A039967,2793.91,0
2024,safety-driver,Mercedes-Benz,W1K2231761A039969,780.68,0
2024,safety-driver,Mercedes-Benz,W1K2231761A140054,0.0,0
2024,safety-driver,Mercedes-Benz,W1K2231761A175964,0.0,0
2024,safety-driver,Mercedes-Benz,W1K2231761A175966,0.0,0
2024,safety-driver,Mercedes-Benz,W1K2231761A175968,0.0,0
2024,safety-driver,Mercedes-Benz,W1K2231761A175969,0.0,0
2024,safety-driver,Mercedes-Benz,W1K2231761A175970,0.0,0
2024,safety-driver,Mercedes-Benz,W1K2231761A175971,0.0,0
2024,safety-driver,Mercedes-Benz,W1K2231761A175979,0.0,0
2024,safety-driver,Mercedes-Benz,W1K2231761A175981,0.0,0
2024,safety-driver,Mercedes-Benz,W1K2231761A175983,0.0,0
2024,safety-driver,Mercedes-Benz,W1K2231761A175986,0.0,0
2024,safety-driver,Mercedes-Benz,W1K6G6KB9SA268037,199.16,0
2024,safety-driver,Mercedes-Benz,W1K6G7B4PA103776,518.2,0
2024,safety-driver,Mercedes-Benz,W1K6G7GB1PA175941,0.0,0
2024,safety-driver,Mercedes-Benz,W1K6G7GB2PA139983,155.29,4
2024,safety-driver,Mercedes-Benz,W1K6G7GB3NA054986,0.0,0
2024,safety-driver,Mercedes-Benz,W1K6G7GB3PA139961,1815.79,0
2024,safety-driver,Mercedes-Benz,W1K6G7GB3RA239903,0.0,0
2024,safety-driver,Mercedes-Benz,W1K6G7GB4PA139967,3283.3,0
2024,safety-driver,Mercedes-Benz,W1K6G7GB6PA139971,2892.06,0
2024,safety-driver,Mercedes-Benz,W1K6G7GBXPA139973,3007.61,0
2024,safety-driver,Mercedes-Benz,W1K6G8CB0PA157118,2493.03,0
2024,safety-driver,Mercedes-Benz,W1K6G8CB9RA200096,57.68,0
2024,safety-driver,Mercedes-Benz,W1K6X7GB9RA203259,0.0,0
2024,safety-driver,Mercedes-Benz,W1K6X7KBXPA139964,922.26,0
2024,safety-driver,Mercedes-Benz,W1KCG2DB7NA001606,2062.2,0
2024,safety-driver,Mercedes-Benz,W1KCG2EB7RA035839,0.0,0
2024,safety-driver,Mercedes-Benz,W1KCG2EB8NA003265,0.17,0
2024,safety-driver,Mercedes-Benz,W1KCG4EB0NA001618,2232.28,0
2024,safety-driver,Mercedes-Benz,W1KCG4EB0PA037277,36.06,0
2024,safety-driver,Mercedes-Benz,W1KCG4EB1PA025039,1709.76,0
2024,safety-driver,Mercedes-Benz,W1KCG4EB1PA037790,45.45,0
2024,safety-driver,Mercedes-Benz,W1KCG4EB2NA000891,413.36,0
2024,safety-driver,Mercedes-Benz,W1KCG4EB4PA019834,46.76,0
2024,safety-driver,Mercedes-Benz,W1KCG4EB5PA037131,0.0,0
2024,safety-driver,Mercedes-Benz,W1KCG4EB5PA037534,0.0,0
2024,safety-driver,Mercedes-Benz,W1KCG4EB6PA037252,0.0,0
2024,safety-driver,Mercedes-Benz,W1KCG4EB6RA042602,0.0,0
2024,safety-driver,Mercedes-Benz,W1KCG4EB9PA037200,64.16,0
2024,safety-driver,Mercedes-Benz,W1KCG4EB9PA037486,0.0,0
2024,safety-driver,Mercedes-Benz,W1KCG4EBXPA025072,3227.22,0
2024,safety-driver,Mercedes-Benz,W1KCG4EBXPA037299,0.0,0
2024,safety-driver,Mercedes-Benz,W1KCG5FB1PA011680,2979.18,0
2024,safety-driver,Mercedes-Benz,W1KCG5FB3RA042612,0.0,0
2024,safety-driver,Mercedes-Benz,W1KCG5FB4RA035846,0.0,0
2024,safety-driver,Mercedes-Benz,WDD2221591A524707,0.0,0
2024,safety-driver,Mercedes-Benz,WJK6G7GBIMA002478,2385.58,0
2024,safety-driver,Motional,KMHCBACB5H1000118,81.9,6
2024,safety-driver,Motional,KMHKC81EFR1000001,10.8,0
2024,safety-driver,Motional,KMHKM4AE0M1P98039,2165.8,56
2024,safety-driver,Motional,KMHKM4AE2M1P98012,2894.1,84
2024,safety-driver,Motional,KMHKM4AE3M1P98035,2014.6,31
2024,safety-driver,Motional,KMHKM4AE8M1P98001,2737.0,60
2024,safety-driver,Motional,KMHKM4AE8M1P98029,4036.9,81
2024,safety-driver,Motional,KMHKM4AEXM1P98002,142.4,2
2024,safety-driver,Nissan,1N4AZ1CP7KC308251,527.0,1
2024,safety-driver,Nissan,1N4AZ1CP9KC308252,1459.0,10
2024,safety-driver,Nissan,1N4BZ0CP6GC302978,0.0,0
2024,safety-driver,Nissan,1N4BZ0CP6GC311826,167.0,0
2024,safety-driver,Nullmax,3LN6L5LU2HR636388,513.0,0
2024,safety-driver,Nuro,JTDKAMFU0N3164734,1650.675067,3
2024,safety-driver,Nuro,JTDKAMFU0N3181520,10256.16875,0
2024,safety-driver,Nuro,JTDKAMFU1N3171854,14461.34889,9
2024,safety-driver,Nuro,JTDKAMFU1N3181977,10373.90817,5
2024,safety-driver,Nuro,JTDKAMFU2N3162094,0.0,0
2024,safety-driver,Nuro,JTDKAMFU2N3171877,10968.18668,4
2024,safety-driver,Nuro,JTDKAMFU2N3182359,9792.429742,5
2024,safety-driver,Nuro,JTDKAMFU2N3182393,6978.643051,2
2024,safety-driver,Nuro,JTDKAMFU2N3182670,7370.738254,3
2024,safety-driver,Nuro,JTDKAMFU2N3182684,6617.208334,1
2024,safety-driver,Nuro,JTDKAMFU3N3171676,2032.224193,0
2024,safety-driver,Nuro,JTDKAMFU3N3171757,6128.869511,4
2024,safety-driver,Nuro,JTDKAMFU4N3171749,3971.440697,7
2024,safety-driver,Nuro,JTDKAMFU4N3171864,13553.23582,4
2024,safety-driver,Nuro,JTDKAMFU4N3182136,9652.284393,3
2024,safety-driver,Nuro,JTDKAMFU4N3182332,9537.71187,3
2024,safety-driver,Nuro,JTDKAMFU5N3171713,2169.589488,1
2024,safety-driver,Nuro,JTDKAMFU5N3182159,9466.23222,6
2024,safety-driver,Nuro,JTDKAMFU6N3182106,5788.184759,1
2024,safety-driver,Nuro,JTDKAMFU7N3164231,693.8055373,0
2024,safety-driver,Nuro,JTDKAMFU7N3171843,8652.428519,3
2024,safety-driver,Nuro,JTDKAMFU8N3181510,7239.621698,4
2024,safety-driver,Nuro,JTDKAMFU8N3181524,6785.02217,4
2024,safety-driver,Nuro,JTDKAMFU8N3182186,7670.71352,3
2024,safety-driver,Nuro,JTDKAMFU8N3182236,8984.027008,4
2024,safety-driver,Nuro,JTDKAMFU9N3155515,0.0,0
2024,safety-driver,Nuro,JTDKAMFU9N3161475,0.0,0
2024,safety-driver,Nuro,JTDKAMFU9N3163727,0.0,0
2024,safety-driver,Nuro,JTDKAMFU9N3171729,4845.716557,4
2024,safety-driver,Nuro,JTDKAMFUXN3164594,593.8192249,1
2024,safety-driver,Nuro,JTDKAMFUXN3170606,6034.709949,5
2024,safety-driver,Nuro,JTDKAMFUXN3171772,7343.074237,2
2024,safety-driver,Nuro,JTDKAMFUXN3182366,10199.64878,12
2024,safety-driver,Nuro,JTDKN3DP0C3001431,539.915502,0
2024,safety-driver,Nuro,JTDKN3DP4F3074838,14.75374632,0
2024,safety-driver,Nuro,JTDKN3DP8C3004514,110.4060578,0
2024,safety-driver,Nuro,JTDKN3DP8D3041242,67.63100554,0
2024,safety-driver,Pony.ai,3LN6L5LU5JR601477,11.84,0
2024,safety-driver,Pony.ai,3LN6L5LU5JR626122,1090.62,0
2024,safety-driver,Pony.ai,3LN6L5MU3KR620979,11990.67,0
2024,safety-driver,Pony.ai,3LN6L5MU9KR623692,13607.26,2
2024,safety-driver,Pony.ai,KM8K23AG0MU100285,47.81,0
2024,safety-driver,Pony.ai,KM8K23AG2MU127147,4402.0,0
2024,safety-driver,Pony.ai,KM8K23AG2MU127178,1885.33,0
2024,safety-driver,Pony.ai,KM8K23AG2MU127388,0.0,0
2024,safety-driver,Pony.ai,KM8K23AG3LU072335,410.62,0
2024,safety-driver,Pony.ai,KM8K23AG3MU127142,1047.41,0
2024,safety-driver,Pony.ai,KM8K23AG4LU072537,0.0,0
2024,safety-driver,Pony.ai,KM8K23AG5LU072529,0.0,0
2024,safety-driver,Pony.ai,KM8K23AG6KU030241,1396.71,0
2024,safety-driver,Pony.ai,KM8K23AG6MU127152,4634.58,1
2024,safety-driver,Pony.ai,KM8K23AG8MU127363,4714.38,0
2024,safety-driver,Pony.ai,KM8K23AG9KU030248,0.0,0
2024,safety-driver,Pony.ai,KM8K23AG9MU127338,462.44,0
2024,safety-driver,Pony.ai,KM8K23AG9MU127369,37.46,0
2024,safety-driver,Pony.ai,KM8K23AGXMU127137,4896.44,0
2024,safety-driver,Pony.ai,KM8K23AGXMU127168,920.01,0
2024,safety-driver,Valeo,1V2NR2CA2JC509341,36.0,12
2024,safety-driver,Valeo,3FMTK4SX1NMA24185,0.0,0
2024,safety-driver,Vueron,KMHL34J27NA204044,40.0,0
2024,safety-driver,Waymo,SADHW2S10M1602680,0.0,0
2024,safety-driver,Waymo,SADHW2S10M1602694,1592.6,1
2024,safety-driver,Waymo,SADHW2S10M1614232,0.0,0
2024,safety-driver,Waymo,SADHW2S10M1614408,40430.9,9
2024,safety-driver,Waymo,SADHW2S10M1614506,0.0,0
2024,safety-driver,Waymo,SADHW2S10M1614568,38911.9,4
2024,safety-driver,Waymo,SADHW2S10M1615199,42316.5,8
2024,safety-driver,Waymo,SADHW2S10M1615347,18073.8,3
2024,safety-driver,Waymo,SADHW2S10M1615493,0.0,0
2024,safety-driver,Waymo,SADHW2S10M1615512,0.0,0
2024,safety-driver,Waymo,SADHW2S10M1615560,0.0,0
2024,safety-driver,Waymo,SADHW2S10M1615753,0.0,0
2024,safety-driver,Waymo,SADHW2S10M1615770,0.0,0
2024,safety-driver,Waymo,SADHW2S10M1615798,982.0,0
2024,safety-driver,Waymo,SADHW2S10M1615977,0.0,0
2024,safety-driver,Waymo,SADHW2S10M1616448,0.0,0
2024,safety-driver,Waymo,SADHW2S10M1616692,0.0,0
2024,safety-driver,Waymo,SADHW2S10M1616904,0.0,0
2024,safety-driver,Waymo,SADHW2S10M1617051,0.0,0
2024,safety-driver,Waymo,SADHW2S10M1617101,0.0,0
2024,safety-driver,Waymo,SADHW2S10M1617177,0.0,0
2024,safety-driver,Waymo,SADHW2S10M1617227,0.0,0
2024,safety-driver,Waymo,SADHW2S10M1617583,15874.6,0
2024,safety-driver,Waymo,SADHW2S10M1617633,0.0,0
2024,safety-driver,Waymo,SADHW2S10M1617647,15040.4,1
2024,safety-driver,Waymo,SADHW2S10R1634133,317.2,0
2024,safety-driver,Waymo,SADHW2S10R1634472,186.2,0
2024,safety-driver,Waymo,SADHW2S10R1634665,0.0,0
2024,safety-driver,Waymo,SADHW2S10R1634875,312.1,0
2024,safety-driver,Waymo,SADHW2S10R1634911,122.4,0
2024,safety-driver,Waymo,SADHW2S10R1634939,379.7,0
2024,safety-driver,Waymo,SADHW2S10R1634987,0.0,0
2024,safety-driver,Waymo,SADHW2S10R1635038,220.7,0
2024,safety-driver,Waymo,SADHW2S10R1635170,352.7,0
2024,safety-driver,Waymo,SADHW2S10R1635203,0.0,0
2024,safety-driver,Waymo,SADHW2S10R1635217,0.0,0
2024,safety-driver,Waymo,SADHW2S10R1635248,236.2,0
2024,safety-driver,Waymo,SADHW2S10R1635282,0.0,0
2024,safety-driver,Waymo,SADHW2S10R1635296,0.0,0
2024,safety-driver,Waymo,SADHW2S10R1635346,0.0,0
2024,safety-driver,Waymo,SADHW2S10R1635475,0.0,0
2024,safety-driver,Waymo,SADHW2S10R1635511,0.0,0
2024,safety-driver,Waymo,SADHW2S10R1635539,0.0,0
2024,safety-driver,Waymo,SADHW2S10R1635542,365.3,0
2024,safety-driver,Waymo,SADHW2S10R1635573,0.0,0
2024,safety-driver,Waymo,SADHW2S10R1635606,0.0,0
2024,safety-driver,Waymo,SADHW2S10R1635637,0.0,0
2024,safety-driver,Waymo,SADHW2S10R1635640,0.0,0
2024,safety-driver,Waymo,SADHW2S10R1635671,0.0,0
2024,safety-driver,Waymo,SADHW2S10R1635749,0.0,0
2024,safety-driver,Waymo,SADHW2S10R1635766,0.0,0
2024,safety-driver,Waymo,SADHW2S10R1635783,0.0,0
2024,safety-driver,Waymo,SADHW2S10R1635802,0.0,0
2024,safety-driver,Waymo,SADHW2S10R1635895,0.0,0
2024,safety-driver,Waymo,SADHW2S10R1636092,0.0,0
2024,safety-driver,Waymo,SADHW2S10R1636321,0.0,0
2024,safety-driver,Waymo,SADHW2S10R1636352,0.0,0
2024,safety-driver,Waymo,SADHW2S10R1636383,0.0,0
2024,safety-driver,Waymo,SADHW2S10R1636416,0.0,0
2024,safety-driver,Waymo,SADHW2S10R1636500,0.0,0
2024,safety-driver,Waymo,SADHW2S10R1636545,0.0,0
2024,safety-driver,Waymo,SADHW2S10R1636562,0.0,0
2024,safety-driver,Waymo,SADHW2S10R1636626,0.0,0
2024,safety-driver,Waymo,SADHW2S10R1636660,0.0,0
2024,safety-driver,Waymo,SADHW2S10R1636724,0.0,0
2024,safety-driver,Waymo,SADHW2S10R1636741,0.0,0
2024,safety-driver,Waymo,SADHW2S10R1636755,0.0,0
2024,safety-driver,Waymo,SADHW2S10R1636805,0.0,0
2024,safety-driver,Waymo,SADHW2S10R1636836,0.0,0
2024,safety-driver,Waymo,SADHW2S10R1636853,0.0,0
2024,safety-driver,Waymo,SADHW2S10R1637033,0.0,0
2024,safety-driver,Waymo,SADHW2S10R1637064,0.0,0
2024,safety-driver,Waymo,SADHW2S10R1637131,0.0,0
2024,safety-driver,Waymo,SADHW2S10R1637159,0.0,0
2024,safety-driver,Waymo,SADHW2S10R1637176,0.0,0
2024,safety-driver,Waymo,SADHW2S10R1637209,0.0,0
2024,safety-driver,Waymo,SADHW2S10R1637467,0.0,0
2024,safety-driver,Waymo,SADHW2S10R1637470,0.0,0
2024,safety-driver,Waymo,SADHW2S10R1637596,0.0,0
2024,safety-driver,Waymo,SADHW2S10R1637663,0.0,0
2024,safety-driver,Waymo,SADHW2S10R1637758,0.0,0
2024,safety-driver,Waymo,SADHW2S10R1637873,0.0,0
2024,safety-driver,Waymo,SADHW2S10R1638005,0.0,0
2024,safety-driver,Waymo,SADHW2S11M1602073,0.0,0
2024,safety-driver,Waymo,SADHW2S11M1602641,0.0,0
2024,safety-driver,Waymo,SADHW2S11M1602669,812.2,0
2024,safety-driver,Waymo,SADHW2S11M1602686,743.9,1
2024,safety-driver,Waymo,SADHW2S11M1602705,1354.8,0
2024,safety-driver,Waymo,SADHW2S11M1606219,2679.8,2
2024,safety-driver,Waymo,SADHW2S11M1614093,0.0,0
2024,safety-driver,Waymo,SADHW2S11M1614398,0.0,0
2024,safety-driver,Waymo,SADHW2S11M1614577,0.0,0
2024,safety-driver,Waymo,SADHW2S11M1614661,59155.7,0
2024,safety-driver,Waymo,SADHW2S11M1614742,44539.6,5
2024,safety-driver,Waymo,SADHW2S11M1614790,49015.2,4
2024,safety-driver,Waymo,SADHW2S11M1614854,12725.1,1
2024,safety-driver,Waymo,SADHW2S11M1614966,54542.0,2
2024,safety-driver,Waymo,SADHW2S11M1615129,21282.9,0
2024,safety-driver,Waymo,SADHW2S11M1615292,13317.6,2
2024,safety-driver,Waymo,SADHW2S11M1615437,0.0,0
2024,safety-driver,Waymo,SADHW2S11M1615454,13346.4,1
2024,safety-driver,Waymo,SADHW2S11M1615549,0.0,0
2024,safety-driver,Waymo,SADHW2S11M1615776,0.0,0
2024,safety-driver,Waymo,SADHW2S11M1615857,0.0,0
2024,safety-driver,Waymo,SADHW2S11M1616054,39058.5,1
2024,safety-driver,Waymo,SADHW2S11M1616118,0.0,0
2024,safety-driver,Waymo,SADHW2S11M1616149,0.0,0
2024,safety-driver,Waymo,SADHW2S11M1616300,47438.0,0
2024,safety-driver,Waymo,SADHW2S11M1616572,0.0,0
2024,safety-driver,Waymo,SADHW2S11M1616619,0.0,0
2024,safety-driver,Waymo,SADHW2S11M1616992,0.0,0
2024,safety-driver,Waymo,SADHW2S11M1617186,0.0,0
2024,safety-driver,Waymo,SADHW2S11M1617219,0.0,0
2024,safety-driver,Waymo,SADHW2S11M1617298,0.0,0
2024,safety-driver,Waymo,SADHW2S11M1617365,0.0,0
2024,safety-driver,Waymo,SADHW2S11M1617611,0.0,0
2024,safety-driver,Waymo,SADHW2S11M1617625,0.0,0
2024,safety-driver,Waymo,SADHW2S11R1632827,3291.8,0
2024,safety-driver,Waymo,SADHW2S11R1634044,970.8,0
2024,safety-driver,Waymo,SADHW2S11R1634075,75.7,0
2024,safety-driver,Waymo,SADHW2S11R1634125,422.5,0
2024,safety-driver,Waymo,SADHW2S11R1634464,139.8,0
2024,safety-driver,Waymo,SADHW2S11R1634495,506.9,1
2024,safety-driver,Waymo,SADHW2S11R1634500,270.0,0
2024,safety-driver,Waymo,SADHW2S11R1634612,0.0,0
2024,safety-driver,Waymo,SADHW2S11R1634643,250.8,0
2024,safety-driver,Waymo,SADHW2S11R1634674,444.3,0
2024,safety-driver,Waymo,SADHW2S11R1634724,0.0,0
2024,safety-driver,Waymo,SADHW2S11R1634870,240.6,0
2024,safety-driver,Waymo,SADHW2S11R1634903,0.0,0
2024,safety-driver,Waymo,SADHW2S11R1634917,243.6,0
2024,safety-driver,Waymo,SADHW2S11R1634951,0.0,0
2024,safety-driver,Waymo,SADHW2S11R1635033,456.4,0
2024,safety-driver,Waymo,SADHW2S11R1635095,140.5,0
2024,safety-driver,Waymo,SADHW2S11R1635114,233.7,0
2024,safety-driver,Waymo,SADHW2S11R1635131,283.6,0
2024,safety-driver,Waymo,SADHW2S11R1635243,0.0,0
2024,safety-driver,Waymo,SADHW2S11R1635274,0.0,0
2024,safety-driver,Waymo,SADHW2S11R1635310,0.0,0
2024,safety-driver,Waymo,SADHW2S11R1635324,0.0,0
2024,safety-driver,Waymo,SADHW2S11R1635369,0.0,0
2024,safety-driver,Waymo,SADHW2S11R1635372,353.4,0
2024,safety-driver,Waymo,SADHW2S11R1635419,0.0,0
2024,safety-driver,Waymo,SADHW2S11R1635503,0.0,0
2024,safety-driver,Waymo,SADHW2S11R1635582,0.0,0
2024,safety-driver,Waymo,SADHW2S11R1635646,0.0,0
2024,safety-driver,Waymo,SADHW2S11R1635808,0.0,0
2024,safety-driver,Waymo,SADHW2S11R1635811,0.0,0
2024,safety-driver,Waymo,SADHW2S11R1635968,0.0,0
2024,safety-driver,Waymo,SADHW2S11R1635999,0.0,0
2024,safety-driver,Waymo,SADHW2S11R1636084,0.0,0
2024,safety-driver,Waymo,SADHW2S11R1636103,0.0,0
2024,safety-driver,Waymo,SADHW2S11R1636327,0.0,0
2024,safety-driver,Waymo,SADHW2S11R1636389,0.0,0
2024,safety-driver,Waymo,SADHW2S11R1636392,0.0,0
2024,safety-driver,Waymo,SADHW2S11R1636439,0.0,0
2024,safety-driver,Waymo,SADHW2S11R1636621,0.0,0
2024,safety-driver,Waymo,SADHW2S11R1636652,0.0,0
2024,safety-driver,Waymo,SADHW2S11R1636666,0.0,0
2024,safety-driver,Waymo,SADHW2S11R1636702,0.0,0
2024,safety-driver,Waymo,SADHW2S11R1636862,0.0,0
2024,safety-driver,Waymo,SADHW2S11R1637008,0.0,0
2024,safety-driver,Waymo,SADHW2S11R1637039,0.0,0
2024,safety-driver,Waymo,SADHW2S11R1637087,0.0,0
2024,safety-driver,Waymo,SADHW2S11R1637090,0.0,0
2024,safety-driver,Waymo,SADHW2S11R1637123,0.0,0
2024,safety-driver,Waymo,SADHW2S11R1637185,0.0,0
2024,safety-driver,Waymo,SADHW2S11R1637350,0.0,0
2024,safety-driver,Waymo,SADHW2S11R1637560,0.0,0
2024,safety-driver,Waymo,SADHW2S11R1637610,0.0,0
2024,safety-driver,Waymo,SADHW2S11R1637736,0.0,0
2024,safety-driver,Waymo,SADHW2S11R1637848,0.0,0
2024,safety-driver,Waymo,SADHW2S11R1637896,0.0,0
2024,safety-driver,Waymo,SADHW2S12M1602695,3769.1,4
2024,safety-driver,Waymo,SADHW2S12M1602700,1841.9,0
2024,safety-driver,Waymo,SADHW2S12M1606200,256.0,0
2024,safety-driver,Waymo,SADHW2S12M1614314,0.0,0
2024,safety-driver,Waymo,SADHW2S12M1614586,0.0,0
2024,safety-driver,Waymo,SADHW2S12M1614670,56104.1,1
2024,safety-driver,Waymo,SADHW2S12M1614863,0.0,0
2024,safety-driver,Waymo,SADHW2S12M1614930,0.0,0
2024,safety-driver,Waymo,SADHW2S12M1614944,51151.3,0
2024,safety-driver,Waymo,SADHW2S12M1615141,0.0,0
2024,safety-driver,Waymo,SADHW2S12M1615415,16194.3,3
2024,safety-driver,Waymo,SADHW2S12M1615527,0.0,0
2024,safety-driver,Waymo,SADHW2S12M1615589,7.9,0
2024,safety-driver,Waymo,SADHW2S12M1615687,0.0,0
2024,safety-driver,Waymo,SADHW2S12M1615690,0.0,0
2024,safety-driver,Waymo,SADHW2S12M1615754,0.0,0
2024,safety-driver,Waymo,SADHW2S12M1615849,0.0,0
2024,safety-driver,Waymo,SADHW2S12M1615947,0.0,0
2024,safety-driver,Waymo,SADHW2S12M1616001,43.5,0
2024,safety-driver,Waymo,SADHW2S12M1616015,8888.6,0
2024,safety-driver,Waymo,SADHW2S12M1616130,0.0,0
2024,safety-driver,Waymo,SADHW2S12M1616158,0.0,0
2024,safety-driver,Waymo,SADHW2S12M1616208,0.0,0
2024,safety-driver,Waymo,SADHW2S12M1616385,0.0,0
2024,safety-driver,Waymo,SADHW2S12M1616421,0.0,0
2024,safety-driver,Waymo,SADHW2S12M1616581,0.0,0
2024,safety-driver,Waymo,SADHW2S12M1616600,0.0,0
2024,safety-driver,Waymo,SADHW2S12M1616712,0.0,0
2024,safety-driver,Waymo,SADHW2S12M1616726,39.4,0
2024,safety-driver,Waymo,SADHW2S12M1616824,0.0,0
2024,safety-driver,Waymo,SADHW2S12M1617309,0.0,0
2024,safety-driver,Waymo,SADHW2S12R1632870,0.0,0
2024,safety-driver,Waymo,SADHW2S12R1632903,745.6,0
2024,safety-driver,Waymo,SADHW2S12R1634117,35.9,0
2024,safety-driver,Waymo,SADHW2S12R1634392,414.2,0
2024,safety-driver,Waymo,SADHW2S12R1634487,0.0,0
2024,safety-driver,Waymo,SADHW2S12R1634585,0.0,0
2024,safety-driver,Waymo,SADHW2S12R1634604,551.4,0
2024,safety-driver,Waymo,SADHW2S12R1634649,0.0,0
2024,safety-driver,Waymo,SADHW2S12R1634778,602.0,0
2024,safety-driver,Waymo,SADHW2S12R1634859,326.7,0
2024,safety-driver,Waymo,SADHW2S12R1634943,518.4,0
2024,safety-driver,Waymo,SADHW2S12R1635025,0.0,0
2024,safety-driver,Waymo,SADHW2S12R1635042,366.9,0
2024,safety-driver,Waymo,SADHW2S12R1635087,111.8,0
2024,safety-driver,Waymo,SADHW2S12R1635123,0.0,0
2024,safety-driver,Waymo,SADHW2S12R1635199,337.3,0
2024,safety-driver,Waymo,SADHW2S12R1635221,234.6,0
2024,safety-driver,Waymo,SADHW2S12R1635302,0.0,0
2024,safety-driver,Waymo,SADHW2S12R1635333,0.0,0
2024,safety-driver,Waymo,SADHW2S12R1635364,0.0,0
2024,safety-driver,Waymo,SADHW2S12R1635610,0.0,0
2024,safety-driver,Waymo,SADHW2S12R1635705,0.0,0
2024,safety-driver,Waymo,SADHW2S12R1635719,0.0,0
2024,safety-driver,Waymo,SADHW2S12R1635722,0.0,0
2024,safety-driver,Waymo,SADHW2S12R1635736,0.0,0
2024,safety-driver,Waymo,SADHW2S12R1635753,0.0,0
2024,safety-driver,Waymo,SADHW2S12R1635834,0.0,0
2024,safety-driver,Waymo,SADHW2S12R1635848,0.0,0
2024,safety-driver,Waymo,SADHW2S12R1635851,0.0,0
2024,safety-driver,Waymo,SADHW2S12R1635865,0.0,0
2024,safety-driver,Waymo,SADHW2S12R1635882,0.0,0
2024,safety-driver,Waymo,SADHW2S12R1635929,0.0,0
2024,safety-driver,Waymo,SADHW2S12R1635994,0.0,0
2024,safety-driver,Waymo,SADHW2S12R1636112,0.0,0
2024,safety-driver,Waymo,SADHW2S12R1636126,0.0,0
2024,safety-driver,Waymo,SADHW2S12R1636398,0.0,0
2024,safety-driver,Waymo,SADHW2S12R1636434,0.0,0
2024,safety-driver,Waymo,SADHW2S12R1636515,0.0,0
2024,safety-driver,Waymo,SADHW2S12R1636529,0.0,0
2024,safety-driver,Waymo,SADHW2S12R1636532,0.0,0
2024,safety-driver,Waymo,SADHW2S12R1636563,0.0,0
2024,safety-driver,Waymo,SADHW2S12R1636577,0.0,0
2024,safety-driver,Waymo,SADHW2S12R1636630,0.0,0
2024,safety-driver,Waymo,SADHW2S12R1636644,0.0,0
2024,safety-driver,Waymo,SADHW2S12R1636689,0.0,0
2024,safety-driver,Waymo,SADHW2S12R1636692,0.0,0
2024,safety-driver,Waymo,SADHW2S12R1636756,0.0,0
2024,safety-driver,Waymo,SADHW2S12R1636773,0.0,0
2024,safety-driver,Waymo,SADHW2S12R1636787,0.0,0
2024,safety-driver,Waymo,SADHW2S12R1636790,0.0,0
2024,safety-driver,Waymo,SADHW2S12R1636823,0.0,0
2024,safety-driver,Waymo,SADHW2S12R1636871,0.0,0
2024,safety-driver,Waymo,SADHW2S12R1636885,0.0,0
2024,safety-driver,Waymo,SADHW2S12R1636899,0.0,0
2024,safety-driver,Waymo,SADHW2S12R1636918,0.0,0
2024,safety-driver,Waymo,SADHW2S12R1636935,0.0,0
2024,safety-driver,Waymo,SADHW2S12R1637096,5206.2,0
2024,safety-driver,Waymo,SADHW2S12R1637115,0.0,0
2024,safety-driver,Waymo,SADHW2S12R1637275,0.0,0
2024,safety-driver,Waymo,SADHW2S12R1637339,0.0,0
2024,safety-driver,Waymo,SADHW2S12R1637342,0.0,0
2024,safety-driver,Waymo,SADHW2S12R1637356,0.0,0
2024,safety-driver,Waymo,SADHW2S12R1637597,0.0,0
2024,safety-driver,Waymo,SADHW2S12R1637616,0.0,0
2024,safety-driver,Waymo,SADHW2S12R1637826,0.0,0
2024,safety-driver,Waymo,SADHW2S12R1637888,0.0,0
2024,safety-driver,Waymo,SADHW2S12R1637907,0.0,0
2024,safety-driver,Waymo,SADHW2S12R1638085,0.0,0
2024,safety-driver,Waymo,SADHW2S13M1602673,0.0,0
2024,safety-driver,Waymo,SADHW2S13M1602690,6500.5,4
2024,safety-driver,Waymo,SADHW2S13M1602740,1737.0,0
2024,safety-driver,Waymo,SADHW2S13M1606173,2738.6,1
2024,safety-driver,Waymo,SADHW2S13M1614080,0.0,0
2024,safety-driver,Waymo,SADHW2S13M1614368,26354.1,1
2024,safety-driver,Waymo,SADHW2S13M1614418,468.3,0
2024,safety-driver,Waymo,SADHW2S13M1614497,22849.0,6
2024,safety-driver,Waymo,SADHW2S13M1614595,53754.4,3
2024,safety-driver,Waymo,SADHW2S13M1614614,11795.7,1
2024,safety-driver,Waymo,SADHW2S13M1614757,9258.3,2
2024,safety-driver,Waymo,SADHW2S13M1614774,38721.4,8
2024,safety-driver,Waymo,SADHW2S13M1614807,48737.5,1
2024,safety-driver,Waymo,SADHW2S13M1615374,0.0,0
2024,safety-driver,Waymo,SADHW2S13M1615469,0.0,0
2024,safety-driver,Waymo,SADHW2S13M1615505,0.0,0
2024,safety-driver,Waymo,SADHW2S13M1615665,50720.3,1
2024,safety-driver,Waymo,SADHW2S13M1615780,34601.4,1
2024,safety-driver,Waymo,SADHW2S13M1615813,0.0,0
2024,safety-driver,Waymo,SADHW2S13M1616427,0.0,0
2024,safety-driver,Waymo,SADHW2S13M1616542,0.0,0
2024,safety-driver,Waymo,SADHW2S13M1616587,0.0,0
2024,safety-driver,Waymo,SADHW2S13M1616668,0.0,0
2024,safety-driver,Waymo,SADHW2S13M1616928,0.0,0
2024,safety-driver,Waymo,SADHW2S13M1617450,0.0,0
2024,safety-driver,Waymo,SADHW2S13M1617464,17810.6,3
2024,safety-driver,Waymo,SADHW2S13M1617528,0.0,0
2024,safety-driver,Waymo,SADHW2S13R1632814,0.0,0
2024,safety-driver,Waymo,SADHW2S13R1634059,314.5,0
2024,safety-driver,Waymo,SADHW2S13R1634109,315.1,0
2024,safety-driver,Waymo,SADHW2S13R1634143,0.0,0
2024,safety-driver,Waymo,SADHW2S13R1634532,31.8,0
2024,safety-driver,Waymo,SADHW2S13R1634594,0.0,0
2024,safety-driver,Waymo,SADHW2S13R1634692,264.3,0
2024,safety-driver,Waymo,SADHW2S13R1634806,555.0,0
2024,safety-driver,Waymo,SADHW2S13R1634921,0.0,0
2024,safety-driver,Waymo,SADHW2S13R1634949,543.3,0
2024,safety-driver,Waymo,SADHW2S13R1634966,0.0,0
2024,safety-driver,Waymo,SADHW2S13R1634983,0.0,0
2024,safety-driver,Waymo,SADHW2S13R1635101,232.5,0
2024,safety-driver,Waymo,SADHW2S13R1635258,251.7,0
2024,safety-driver,Waymo,SADHW2S13R1635292,0.0,0
2024,safety-driver,Waymo,SADHW2S13R1635339,0.0,0
2024,safety-driver,Waymo,SADHW2S13R1635471,0.0,0
2024,safety-driver,Waymo,SADHW2S13R1635499,0.0,0
2024,safety-driver,Waymo,SADHW2S13R1635535,0.0,0
2024,safety-driver,Waymo,SADHW2S13R1635566,0.0,0
2024,safety-driver,Waymo,SADHW2S13R1635602,0.0,0
2024,safety-driver,Waymo,SADHW2S13R1635650,0.0,0
2024,safety-driver,Waymo,SADHW2S13R1635664,0.0,0
2024,safety-driver,Waymo,SADHW2S13R1635678,0.0,0
2024,safety-driver,Waymo,SADHW2S13R1635681,0.0,0
2024,safety-driver,Waymo,SADHW2S13R1635695,0.0,0
2024,safety-driver,Waymo,SADHW2S13R1635759,0.0,0
2024,safety-driver,Waymo,SADHW2S13R1635776,0.0,0
2024,safety-driver,Waymo,SADHW2S13R1635955,0.0,0
2024,safety-driver,Waymo,SADHW2S13R1635986,0.0,0
2024,safety-driver,Waymo,SADHW2S13R1636054,0.0,0
2024,safety-driver,Waymo,SADHW2S13R1636068,0.0,0
2024,safety-driver,Waymo,SADHW2S13R1636099,0.0,0
2024,safety-driver,Waymo,SADHW2S13R1636121,0.0,0
2024,safety-driver,Waymo,SADHW2S13R1636345,0.0,0
2024,safety-driver,Waymo,SADHW2S13R1636359,0.0,0
2024,safety-driver,Waymo,SADHW2S13R1636362,0.0,0
2024,safety-driver,Waymo,SADHW2S13R1636474,0.0,0
2024,safety-driver,Waymo,SADHW2S13R1636507,0.0,0
2024,safety-driver,Waymo,SADHW2S13R1636541,0.0,0
2024,safety-driver,Waymo,SADHW2S13R1636586,0.0,0
2024,safety-driver,Waymo,SADHW2S13R1636698,0.0,0
2024,safety-driver,Waymo,SADHW2S13R1636720,0.0,0
2024,safety-driver,Waymo,SADHW2S13R1636734,0.0,0
2024,safety-driver,Waymo,SADHW2S13R1636748,0.0,0
2024,safety-driver,Waymo,SADHW2S13R1636779,0.0,0
2024,safety-driver,Waymo,SADHW2S13R1636782,0.0,0
2024,safety-driver,Waymo,SADHW2S13R1636796,0.0,0
2024,safety-driver,Waymo,SADHW2S13R1636815,0.0,0
2024,safety-driver,Waymo,SADHW2S13R1636829,0.0,0
2024,safety-driver,Waymo,SADHW2S13R1636832,0.0,0
2024,safety-driver,Waymo,SADHW2S13R1636880,0.0,0
2024,safety-driver,Waymo,SADHW2S13R1636894,0.0,0
2024,safety-driver,Waymo,SADHW2S13R1636927,0.0,0
2024,safety-driver,Waymo,SADHW2S13R1636944,0.0,0
2024,safety-driver,Waymo,SADHW2S13R1636961,0.0,0
2024,safety-driver,Waymo,SADHW2S13R1636975,0.0,0
2024,safety-driver,Waymo,SADHW2S13R1637107,0.0,0
2024,safety-driver,Waymo,SADHW2S13R1637141,0.0,0
2024,safety-driver,Waymo,SADHW2S13R1637222,0.0,0
2024,safety-driver,Waymo,SADHW2S13R1637253,0.0,0
2024,safety-driver,Waymo,SADHW2S13R1637267,0.0,0
2024,safety-driver,Waymo,SADHW2S13R1637270,0.0,0
2024,safety-driver,Waymo,SADHW2S13R1637284,0.0,0
2024,safety-driver,Waymo,SADHW2S13R1637298,0.0,0
2024,safety-driver,Waymo,SADHW2S13R1637334,0.0,0
2024,safety-driver,Waymo,SADHW2S13R1637608,0.0,0
2024,safety-driver,Waymo,SADHW2S13R1637771,0.0,0
2024,safety-driver,Waymo,SADHW2S13R1637852,0.0,0
2024,safety-driver,Waymo,SADHW2S13R1637866,0.0,0
2024,safety-driver,Waymo,SADHW2S13R1638063,0.0,0
2024,safety-driver,Waymo,SADHW2S14M1602343,5373.9,1
2024,safety-driver,Waymo,SADHW2S14M1602682,2403.3,0
2024,safety-driver,Waymo,SADHW2S14M1606148,0.0,0
2024,safety-driver,Waymo,SADHW2S14M1614346,40709.5,4
2024,safety-driver,Waymo,SADHW2S14M1614542,52369.6,14
2024,safety-driver,Waymo,SADHW2S14M1615190,0.0,0
2024,safety-driver,Waymo,SADHW2S14M1615271,14250.0,2
2024,safety-driver,Waymo,SADHW2S14M1615447,2674.8,0
2024,safety-driver,Waymo,SADHW2S14M1615478,44541.8,14
2024,safety-driver,Waymo,SADHW2S14M1615643,0.0,0
2024,safety-driver,Waymo,SADHW2S14M1615674,0.0,0
2024,safety-driver,Waymo,SADHW2S14M1615738,0.0,0
2024,safety-driver,Waymo,SADHW2S14M1615996,0.0,0
2024,safety-driver,Waymo,SADHW2S14M1616033,0.0,0
2024,safety-driver,Waymo,SADHW2S14M1616307,0.0,0
2024,safety-driver,Waymo,SADHW2S14M1616517,0.0,0
2024,safety-driver,Waymo,SADHW2S14M1616565,0.0,0
2024,safety-driver,Waymo,SADHW2S14M1616761,0.0,0
2024,safety-driver,Waymo,SADHW2S14M1616985,0.0,0
2024,safety-driver,Waymo,SADHW2S14M1617036,13082.9,0
2024,safety-driver,Waymo,SADHW2S14M1617327,0.0,0
2024,safety-driver,Waymo,SADHW2S14M1617473,0.0,0
2024,safety-driver,Waymo,SADHW2S14M1617523,0.0,0
2024,safety-driver,Waymo,SADHW2S14M1617537,17419.5,0
2024,safety-driver,Waymo,SADHW2S14M1617599,0.0,0
2024,safety-driver,Waymo,SADHW2S14M1617604,0.0,0
2024,safety-driver,Waymo,SADHW2S14R1632790,0.0,0
2024,safety-driver,Waymo,SADHW2S14R1632854,1120.1,0
2024,safety-driver,Waymo,SADHW2S14R1634068,329.0,0
2024,safety-driver,Waymo,SADHW2S14R1634121,0.0,0
2024,safety-driver,Waymo,SADHW2S14R1634491,60.7,0
2024,safety-driver,Waymo,SADHW2S14R1634524,0.0,0
2024,safety-driver,Waymo,SADHW2S14R1634619,0.0,0
2024,safety-driver,Waymo,SADHW2S14R1634622,275.3,0
2024,safety-driver,Waymo,SADHW2S14R1634894,293.8,0
2024,safety-driver,Waymo,SADHW2S14R1634913,0.0,0
2024,safety-driver,Waymo,SADHW2S14R1634927,282.8,0
2024,safety-driver,Waymo,SADHW2S14R1634961,141.4,0
2024,safety-driver,Waymo,SADHW2S14R1634975,429.3,0
2024,safety-driver,Waymo,SADHW2S14R1635009,2012.8,0
2024,safety-driver,Waymo,SADHW2S14R1635091,0.0,0
2024,safety-driver,Waymo,SADHW2S14R1635110,247.0,1
2024,safety-driver,Waymo,SADHW2S14R1635253,0.0,0
2024,safety-driver,Waymo,SADHW2S14R1635267,57.1,0
2024,safety-driver,Waymo,SADHW2S14R1635284,0.0,0
2024,safety-driver,Waymo,SADHW2S14R1635379,0.0,0
2024,safety-driver,Waymo,SADHW2S14R1635401,264.7,0
2024,safety-driver,Waymo,SADHW2S14R1635429,0.0,0
2024,safety-driver,Waymo,SADHW2S14R1635527,0.0,0
2024,safety-driver,Waymo,SADHW2S14R1635558,0.0,0
2024,safety-driver,Waymo,SADHW2S14R1635589,0.0,0
2024,safety-driver,Waymo,SADHW2S14R1635799,474.5,0
2024,safety-driver,Waymo,SADHW2S14R1635818,0.0,0
2024,safety-driver,Waymo,SADHW2S14R1635821,0.0,0
2024,safety-driver,Waymo,SADHW2S14R1635902,0.0,0
2024,safety-driver,Waymo,SADHW2S14R1635916,0.0,0
2024,safety-driver,Waymo,SADHW2S14R1635947,0.0,0
2024,safety-driver,Waymo,SADHW2S14R1635964,0.0,0
2024,safety-driver,Waymo,SADHW2S14R1635978,0.0,0
2024,safety-driver,Waymo,SADHW2S14R1636015,0.0,0
2024,safety-driver,Waymo,SADHW2S14R1636063,0.0,0
2024,safety-driver,Waymo,SADHW2S14R1636080,0.0,0
2024,safety-driver,Waymo,SADHW2S14R1636144,0.0,0
2024,safety-driver,Waymo,SADHW2S14R1636306,0.0,0
2024,safety-driver,Waymo,SADHW2S14R1636368,0.0,0
2024,safety-driver,Waymo,SADHW2S14R1636371,0.0,0
2024,safety-driver,Waymo,SADHW2S14R1636404,0.0,0
2024,safety-driver,Waymo,SADHW2S14R1636449,0.0,0
2024,safety-driver,Waymo,SADHW2S14R1636466,0.0,0
2024,safety-driver,Waymo,SADHW2S14R1636497,0.0,0
2024,safety-driver,Waymo,SADHW2S14R1636533,0.0,0
2024,safety-driver,Waymo,SADHW2S14R1636614,0.0,0
2024,safety-driver,Waymo,SADHW2S14R1636676,0.0,0
2024,safety-driver,Waymo,SADHW2S14R1636807,0.0,0
2024,safety-driver,Waymo,SADHW2S14R1636841,0.0,0
2024,safety-driver,Waymo,SADHW2S14R1636855,0.0,0
2024,safety-driver,Waymo,SADHW2S14R1636967,0.0,0
2024,safety-driver,Waymo,SADHW2S14R1636984,0.0,0
2024,safety-driver,Waymo,SADHW2S14R1637021,0.0,0
2024,safety-driver,Waymo,SADHW2S14R1637102,0.0,0
2024,safety-driver,Waymo,SADHW2S14R1637147,0.0,0
2024,safety-driver,Waymo,SADHW2S14R1637150,0.0,0
2024,safety-driver,Waymo,SADHW2S14R1637200,0.0,0
2024,safety-driver,Waymo,SADHW2S14R1637228,0.0,0
2024,safety-driver,Waymo,SADHW2S14R1637231,0.0,0
2024,safety-driver,Waymo,SADHW2S14R1637259,0.0,0
2024,safety-driver,Waymo,SADHW2S14R1637309,0.0,0
2024,safety-driver,Waymo,SADHW2S14R1637326,0.0,0
2024,safety-driver,Waymo,SADHW2S14R1637746,0.0,0
2024,safety-driver,Waymo,SADHW2S14R1637875,0.0,0
2024,safety-driver,Waymo,SADHW2S14R1639707,0.0,0
2024,safety-driver,Waymo,SADHW2S15M1602660,1198.3,0
2024,safety-driver,Waymo,SADHW2S15M1602674,1798.7,1
2024,safety-driver,Waymo,SADHW2S15M1602691,1690.0,1
2024,safety-driver,Waymo,SADHW2S15M1605896,1856.8,0
2024,safety-driver,Waymo,SADHW2S15M1606191,1361.4,0
2024,safety-driver,Waymo,SADHW2S15M1614551,37936.7,0
2024,safety-driver,Waymo,SADHW2S15M1615277,0.0,0
2024,safety-driver,Waymo,SADHW2S15M1615568,0.0,0
2024,safety-driver,Waymo,SADHW2S15M1615599,3733.5,1
2024,safety-driver,Waymo,SADHW2S15M1615635,0.0,0
2024,safety-driver,Waymo,SADHW2S15M1615716,0.0,0
2024,safety-driver,Waymo,SADHW2S15M1616008,0.0,0
2024,safety-driver,Waymo,SADHW2S15M1616140,0.0,0
2024,safety-driver,Waymo,SADHW2S15M1616171,0.0,0
2024,safety-driver,Waymo,SADHW2S15M1616333,0.0,0
2024,safety-driver,Waymo,SADHW2S15M1616462,0.0,0
2024,safety-driver,Waymo,SADHW2S15M1616557,0.0,0
2024,safety-driver,Waymo,SADHW2S15M1616638,0.0,0
2024,safety-driver,Waymo,SADHW2S15M1616686,593.5,0
2024,safety-driver,Waymo,SADHW2S15M1616705,0.0,0
2024,safety-driver,Waymo,SADHW2S15M1616767,0.0,0
2024,safety-driver,Waymo,SADHW2S15M1617109,0.0,0
2024,safety-driver,Waymo,SADHW2S15M1617238,0.0,0
2024,safety-driver,Waymo,SADHW2S15M1617319,13200.3,0
2024,safety-driver,Waymo,SADHW2S15M1617403,0.0,0
2024,safety-driver,Waymo,SADHW2S15M1617515,0.0,0
2024,safety-driver,Waymo,SADHW2S15M1617546,0.0,0
2024,safety-driver,Waymo,SADHW2S15R1634094,471.5,0
2024,safety-driver,Waymo,SADHW2S15R1634385,1.6,0
2024,safety-driver,Waymo,SADHW2S15R1634399,0.0,0
2024,safety-driver,Waymo,SADHW2S15R1634421,323.9,0
2024,safety-driver,Waymo,SADHW2S15R1634435,246.6,0
2024,safety-driver,Waymo,SADHW2S15R1634516,589.9,0
2024,safety-driver,Waymo,SADHW2S15R1634564,2885.7,2
2024,safety-driver,Waymo,SADHW2S15R1634709,0.0,0
2024,safety-driver,Waymo,SADHW2S15R1634712,690.5,0
2024,safety-driver,Waymo,SADHW2S15R1634757,525.4,0
2024,safety-driver,Waymo,SADHW2S15R1634774,666.6,0
2024,safety-driver,Waymo,SADHW2S15R1634791,461.5,0
2024,safety-driver,Waymo,SADHW2S15R1634824,226.7,0
2024,safety-driver,Waymo,SADHW2S15R1634838,267.7,0
2024,safety-driver,Waymo,SADHW2S15R1634855,236.5,0
2024,safety-driver,Waymo,SADHW2S15R1634886,0.0,0
2024,safety-driver,Waymo,SADHW2S15R1634905,0.0,0
2024,safety-driver,Waymo,SADHW2S15R1634919,385.8,0
2024,safety-driver,Waymo,SADHW2S15R1634953,263.2,0
2024,safety-driver,Waymo,SADHW2S15R1634970,0.0,0
2024,safety-driver,Waymo,SADHW2S15R1635021,225.4,0
2024,safety-driver,Waymo,SADHW2S15R1635066,265.9,0
2024,safety-driver,Waymo,SADHW2S15R1635083,262.1,0
2024,safety-driver,Waymo,SADHW2S15R1635178,318.2,0
2024,safety-driver,Waymo,SADHW2S15R1635195,238.2,0
2024,safety-driver,Waymo,SADHW2S15R1635262,228.8,0
2024,safety-driver,Waymo,SADHW2S15R1635276,0.0,0
2024,safety-driver,Waymo,SADHW2S15R1635343,0.0,0
2024,safety-driver,Waymo,SADHW2S15R1635357,0.0,0
2024,safety-driver,Waymo,SADHW2S15R1635410,0.0,0
2024,safety-driver,Waymo,SADHW2S15R1635486,0.0,0
2024,safety-driver,Waymo,SADHW2S15R1635519,0.0,0
2024,safety-driver,Waymo,SADHW2S15R1635598,0.0,0
2024,safety-driver,Waymo,SADHW2S15R1635634,0.0,0
2024,safety-driver,Waymo,SADHW2S15R1635715,0.0,0
2024,safety-driver,Waymo,SADHW2S15R1635729,0.0,0
2024,safety-driver,Waymo,SADHW2S15R1635732,0.0,0
2024,safety-driver,Waymo,SADHW2S15R1635746,0.0,0
2024,safety-driver,Waymo,SADHW2S15R1635763,0.0,0
2024,safety-driver,Waymo,SADHW2S15R1635780,0.0,0
2024,safety-driver,Waymo,SADHW2S15R1635827,0.0,0
2024,safety-driver,Waymo,SADHW2S15R1635875,0.0,0
2024,safety-driver,Waymo,SADHW2S15R1635889,0.0,0
2024,safety-driver,Waymo,SADHW2S15R1635892,0.0,0
2024,safety-driver,Waymo,SADHW2S15R1635908,0.0,0
2024,safety-driver,Waymo,SADHW2S15R1635939,0.0,0
2024,safety-driver,Waymo,SADHW2S15R1635973,0.0,0
2024,safety-driver,Waymo,SADHW2S15R1635990,0.0,0
2024,safety-driver,Waymo,SADHW2S15R1636007,0.0,0
2024,safety-driver,Waymo,SADHW2S15R1636010,0.0,0
2024,safety-driver,Waymo,SADHW2S15R1636024,0.0,0
2024,safety-driver,Waymo,SADHW2S15R1636038,0.0,0
2024,safety-driver,Waymo,SADHW2S15R1636072,0.0,0
2024,safety-driver,Waymo,SADHW2S15R1636136,0.0,0
2024,safety-driver,Waymo,SADHW2S15R1636377,0.0,0
2024,safety-driver,Waymo,SADHW2S15R1636380,0.0,0
2024,safety-driver,Waymo,SADHW2S15R1636444,0.0,0
2024,safety-driver,Waymo,SADHW2S15R1636461,0.0,0
2024,safety-driver,Waymo,SADHW2S15R1636511,0.0,0
2024,safety-driver,Waymo,SADHW2S15R1636525,0.0,0
2024,safety-driver,Waymo,SADHW2S15R1636539,0.0,0
2024,safety-driver,Waymo,SADHW2S15R1636590,0.0,0
2024,safety-driver,Waymo,SADHW2S15R1636606,0.0,0
2024,safety-driver,Waymo,SADHW2S15R1636637,0.0,0
2024,safety-driver,Waymo,SADHW2S15R1636640,0.0,0
2024,safety-driver,Waymo,SADHW2S15R1636749,0.0,0
2024,safety-driver,Waymo,SADHW2S15R1636752,0.0,0
2024,safety-driver,Waymo,SADHW2S15R1636766,0.0,0
2024,safety-driver,Waymo,SADHW2S15R1636802,0.0,0
2024,safety-driver,Waymo,SADHW2S15R1636850,0.0,0
2024,safety-driver,Waymo,SADHW2S15R1636864,0.0,0
2024,safety-driver,Waymo,SADHW2S15R1636878,0.0,0
2024,safety-driver,Waymo,SADHW2S15R1636959,0.0,0
2024,safety-driver,Waymo,SADHW2S15R1636993,0.0,0
2024,safety-driver,Waymo,SADHW2S15R1637027,0.0,0
2024,safety-driver,Waymo,SADHW2S15R1637030,0.0,0
2024,safety-driver,Waymo,SADHW2S15R1637044,0.0,0
2024,safety-driver,Waymo,SADHW2S15R1637674,0.0,0
2024,safety-driver,Waymo,SADHW2S15R1637741,0.0,0
2024,safety-driver,Waymo,SADHW2S15R1637769,0.0,0
2024,safety-driver,Waymo,SADHW2S15R1637819,0.0,0
2024,safety-driver,Waymo,SADHW2S15R1637903,0.0,0
2024,safety-driver,Waymo,SADHW2S15R1638131,0.0,0
2024,safety-driver,Waymo,SADHW2S15R1639781,0.0,0
2024,safety-driver,Waymo,SADHW2S16M1602067,0.0,0
2024,safety-driver,Waymo,SADHW2S16M1602621,4033.2,1
2024,safety-driver,Waymo,SADHW2S16M1602666,0.0,0
2024,safety-driver,Waymo,SADHW2S16M1602683,726.5,0
2024,safety-driver,Waymo,SADHW2S16M1605972,1222.7,0
2024,safety-driver,Waymo,SADHW2S16M1606166,3503.3,1
2024,safety-driver,Waymo,SADHW2S16M1606233,0.0,0
2024,safety-driver,Waymo,SADHW2S16M1614087,164.4,0
2024,safety-driver,Waymo,SADHW2S16M1614798,37245.8,4
2024,safety-driver,Waymo,SADHW2S16M1614915,36614.0,6
2024,safety-driver,Waymo,SADHW2S16M1615112,50477.5,10
2024,safety-driver,Waymo,SADHW2S16M1615305,7793.1,0
2024,safety-driver,Waymo,SADHW2S16M1615353,0.0,0
2024,safety-driver,Waymo,SADHW2S16M1615465,35349.8,3
2024,safety-driver,Waymo,SADHW2S16M1615501,0.0,0
2024,safety-driver,Waymo,SADHW2S16M1615577,0.0,0
2024,safety-driver,Waymo,SADHW2S16M1615742,0.0,0
2024,safety-driver,Waymo,SADHW2S16M1615773,0.0,0
2024,safety-driver,Waymo,SADHW2S16M1615823,0.0,0
2024,safety-driver,Waymo,SADHW2S16M1615871,0.0,0
2024,safety-driver,Waymo,SADHW2S16M1615904,32125.8,1
2024,safety-driver,Waymo,SADHW2S16M1615952,0.0,0
2024,safety-driver,Waymo,SADHW2S16M1616051,0.0,0
2024,safety-driver,Waymo,SADHW2S16M1616261,0.0,0
2024,safety-driver,Waymo,SADHW2S16M1616549,0.0,0
2024,safety-driver,Waymo,SADHW2S16M1616860,0.0,0
2024,safety-driver,Waymo,SADHW2S16M1616972,0.0,0
2024,safety-driver,Waymo,SADHW2S16M1617507,0.0,0
2024,safety-driver,Waymo,SADHW2S16M1617510,0.0,0
2024,safety-driver,Waymo,SADHW2S16M1617555,0.0,0
2024,safety-driver,Waymo,SADHW2S16M1617569,0.0,0
2024,safety-driver,Waymo,SADHW2S16M1617619,0.0,0
2024,safety-driver,Waymo,SADHW2S16R1634072,310.4,0
2024,safety-driver,Waymo,SADHW2S16R1634136,0.0,0
2024,safety-driver,Waymo,SADHW2S16R1634413,433.7,0
2024,safety-driver,Waymo,SADHW2S16R1634508,323.4,0
2024,safety-driver,Waymo,SADHW2S16R1634749,310.6,0
2024,safety-driver,Waymo,SADHW2S16R1634783,0.0,0
2024,safety-driver,Waymo,SADHW2S16R1634802,527.1,0
2024,safety-driver,Waymo,SADHW2S16R1634816,197.2,0
2024,safety-driver,Waymo,SADHW2S16R1634833,217.3,0
2024,safety-driver,Waymo,SADHW2S16R1634931,0.0,0
2024,safety-driver,Waymo,SADHW2S16R1634945,227.5,0
2024,safety-driver,Waymo,SADHW2S16R1634959,291.5,0
2024,safety-driver,Waymo,SADHW2S16R1634993,393.7,0
2024,safety-driver,Waymo,SADHW2S16R1635058,0.0,0
2024,safety-driver,Waymo,SADHW2S16R1635139,433.7,0
2024,safety-driver,Waymo,SADHW2S16R1635156,257.9,0
2024,safety-driver,Waymo,SADHW2S16R1635187,287.4,0
2024,safety-driver,Waymo,SADHW2S16R1635318,0.0,0
2024,safety-driver,Waymo,SADHW2S16R1635321,0.0,0
2024,safety-driver,Waymo,SADHW2S16R1635349,0.0,0
2024,safety-driver,Waymo,SADHW2S16R1635478,0.0,0
2024,safety-driver,Waymo,SADHW2S16R1635495,0.0,0
2024,safety-driver,Waymo,SADHW2S16R1635531,0.0,0
2024,safety-driver,Waymo,SADHW2S16R1635562,0.0,0
2024,safety-driver,Waymo,SADHW2S16R1635626,0.0,0
2024,safety-driver,Waymo,SADHW2S16R1635643,0.0,0
2024,safety-driver,Waymo,SADHW2S16R1635657,0.0,0
2024,safety-driver,Waymo,SADHW2S16R1635674,0.0,0
2024,safety-driver,Waymo,SADHW2S16R1635688,0.0,0
2024,safety-driver,Waymo,SADHW2S16R1635691,0.0,0
2024,safety-driver,Waymo,SADHW2S16R1635769,0.0,0
2024,safety-driver,Waymo,SADHW2S16R1635772,0.0,0
2024,safety-driver,Waymo,SADHW2S16R1635805,0.0,0
2024,safety-driver,Waymo,SADHW2S16R1635920,0.0,0
2024,safety-driver,Waymo,SADHW2S16R1635951,0.0,0
2024,safety-driver,Waymo,SADHW2S16R1635982,0.0,0
2024,safety-driver,Waymo,SADHW2S16R1636095,0.0,0
2024,safety-driver,Waymo,SADHW2S16R1636131,0.0,0
2024,safety-driver,Waymo,SADHW2S16R1636386,0.0,0
2024,safety-driver,Waymo,SADHW2S16R1636419,0.0,0
2024,safety-driver,Waymo,SADHW2S16R1636422,0.0,0
2024,safety-driver,Waymo,SADHW2S16R1636503,0.0,0
2024,safety-driver,Waymo,SADHW2S16R1636579,0.0,0
2024,safety-driver,Waymo,SADHW2S16R1636582,0.0,0
2024,safety-driver,Waymo,SADHW2S16R1636663,0.0,0
2024,safety-driver,Waymo,SADHW2S16R1636713,0.0,0
2024,safety-driver,Waymo,SADHW2S16R1636727,0.0,0
2024,safety-driver,Waymo,SADHW2S16R1636811,0.0,0
2024,safety-driver,Waymo,SADHW2S16R1636825,0.0,0
2024,safety-driver,Waymo,SADHW2S16R1636887,0.0,0
2024,safety-driver,Waymo,SADHW2S16R1637005,0.0,0
2024,safety-driver,Waymo,SADHW2S16R1637053,0.0,0
2024,safety-driver,Waymo,SADHW2S16R1637067,0.0,0
2024,safety-driver,Waymo,SADHW2S16R1637070,0.0,0
2024,safety-driver,Waymo,SADHW2S16R1637084,0.0,0
2024,safety-driver,Waymo,SADHW2S16R1637165,0.0,0
2024,safety-driver,Waymo,SADHW2S16R1637375,0.0,0
2024,safety-driver,Waymo,SADHW2S16R1637568,0.0,0
2024,safety-driver,Waymo,SADHW2S16R1637649,0.0,0
2024,safety-driver,Waymo,SADHW2S16R1637716,0.0,0
2024,safety-driver,Waymo,SADHW2S16R1637764,0.0,0
2024,safety-driver,Waymo,SADHW2S16R1637859,0.0,0
2024,safety-driver,Waymo,SADHW2S16R1637893,0.0,0
2024,safety-driver,Waymo,SADHW2S16R1637912,0.0,0
2024,safety-driver,Waymo,SADHW2S16R1638087,0.0,0
2024,safety-driver,Waymo,SADHW2S16R1639823,0.0,0
2024,safety-driver,Waymo,SADHW2S17M1602689,2775.5,1
2024,safety-driver,Waymo,SADHW2S17M1606211,0.0,0
2024,safety-driver,Waymo,SADHW2S17M1606225,2947.5,0
2024,safety-driver,Waymo,SADHW2S17M1614633,0.0,0
2024,safety-driver,Waymo,SADHW2S17M1614647,25783.4,4
2024,safety-driver,Waymo,SADHW2S17M1614678,47489.7,9
2024,safety-driver,Waymo,SADHW2S17M1615040,44793.0,3
2024,safety-driver,Waymo,SADHW2S17M1615393,835.1,0
2024,safety-driver,Waymo,SADHW2S17M1615555,0.0,0
2024,safety-driver,Waymo,SADHW2S17M1615605,0.0,0
2024,safety-driver,Waymo,SADHW2S17M1615619,0.0,0
2024,safety-driver,Waymo,SADHW2S17M1615653,0.0,0
2024,safety-driver,Waymo,SADHW2S17M1615703,0.0,0
2024,safety-driver,Waymo,SADHW2S17M1615748,39038.4,3
2024,safety-driver,Waymo,SADHW2S17M1615846,0.0,0
2024,safety-driver,Waymo,SADHW2S17M1615930,0.0,0
2024,safety-driver,Waymo,SADHW2S17M1616592,0.0,0
2024,safety-driver,Waymo,SADHW2S17M1616656,0.0,0
2024,safety-driver,Waymo,SADHW2S17M1616740,0.0,0
2024,safety-driver,Waymo,SADHW2S17M1616799,0.0,0
2024,safety-driver,Waymo,SADHW2S17M1616818,0.0,0
2024,safety-driver,Waymo,SADHW2S17M1617385,0.0,0
2024,safety-driver,Waymo,SADHW2S17M1617595,0.0,0
2024,safety-driver,Waymo,SADHW2S17R1634047,1784.8,0
2024,safety-driver,Waymo,SADHW2S17R1634064,1513.8,0
2024,safety-driver,Waymo,SADHW2S17R1634520,69.6,0
2024,safety-driver,Waymo,SADHW2S17R1634579,256.2,0
2024,safety-driver,Waymo,SADHW2S17R1634582,0.0,0
2024,safety-driver,Waymo,SADHW2S17R1634629,278.4,0
2024,safety-driver,Waymo,SADHW2S17R1634632,0.0,0
2024,safety-driver,Waymo,SADHW2S17R1634680,443.6,0
2024,safety-driver,Waymo,SADHW2S17R1634811,0.0,0
2024,safety-driver,Waymo,SADHW2S17R1634890,390.5,0
2024,safety-driver,Waymo,SADHW2S17R1634937,0.0,0
2024,safety-driver,Waymo,SADHW2S17R1635005,413.4,0
2024,safety-driver,Waymo,SADHW2S17R1635148,0.0,0
2024,safety-driver,Waymo,SADHW2S17R1635165,0.0,0
2024,safety-driver,Waymo,SADHW2S17R1635182,258.3,0
2024,safety-driver,Waymo,SADHW2S17R1635229,236.4,0
2024,safety-driver,Waymo,SADHW2S17R1635294,242.1,0
2024,safety-driver,Waymo,SADHW2S17R1635313,0.0,0
2024,safety-driver,Waymo,SADHW2S17R1635327,0.0,0
2024,safety-driver,Waymo,SADHW2S17R1635361,0.0,0
2024,safety-driver,Waymo,SADHW2S17R1635375,0.0,0
2024,safety-driver,Waymo,SADHW2S17R1635523,0.0,0
2024,safety-driver,Waymo,SADHW2S17R1635554,0.0,0
2024,safety-driver,Waymo,SADHW2S17R1635618,0.0,0
2024,safety-driver,Waymo,SADHW2S17R1635702,0.0,0
2024,safety-driver,Waymo,SADHW2S17R1635814,0.0,0
2024,safety-driver,Waymo,SADHW2S17R1635831,0.0,0
2024,safety-driver,Waymo,SADHW2S17R1635845,0.0,0
2024,safety-driver,Waymo,SADHW2S17R1635859,0.0,0
2024,safety-driver,Waymo,SADHW2S17R1635862,0.0,0
2024,safety-driver,Waymo,SADHW2S17R1635912,0.0,0
2024,safety-driver,Waymo,SADHW2S17R1635943,0.0,0
2024,safety-driver,Waymo,SADHW2S17R1636140,0.0,0
2024,safety-driver,Waymo,SADHW2S17R1636395,0.0,0
2024,safety-driver,Waymo,SADHW2S17R1636428,0.0,0
2024,safety-driver,Waymo,SADHW2S17R1636557,0.0,0
2024,safety-driver,Waymo,SADHW2S17R1636591,0.0,0
2024,safety-driver,Waymo,SADHW2S17R1636610,0.0,0
2024,safety-driver,Waymo,SADHW2S17R1636669,0.0,0
2024,safety-driver,Waymo,SADHW2S17R1636705,0.0,0
2024,safety-driver,Waymo,SADHW2S17R1636736,0.0,0
2024,safety-driver,Waymo,SADHW2S17R1636767,2499.8,0
2024,safety-driver,Waymo,SADHW2S17R1636770,0.0,0
2024,safety-driver,Waymo,SADHW2S17R1636848,0.0,0
2024,safety-driver,Waymo,SADHW2S17R1636896,0.0,0
2024,safety-driver,Waymo,SADHW2S17R1636901,0.0,0
2024,safety-driver,Waymo,SADHW2S17R1636929,0.0,0
2024,safety-driver,Waymo,SADHW2S17R1636932,0.0,0
2024,safety-driver,Waymo,SADHW2S17R1637000,0.0,0
2024,safety-driver,Waymo,SADHW2S17R1637059,0.0,0
2024,safety-driver,Waymo,SADHW2S17R1637062,0.0,0
2024,safety-driver,Waymo,SADHW2S17R1637076,0.0,0
2024,safety-driver,Waymo,SADHW2S17R1637093,0.0,0
2024,safety-driver,Waymo,SADHW2S17R1637336,0.0,0
2024,safety-driver,Waymo,SADHW2S17R1637353,0.0,0
2024,safety-driver,Waymo,SADHW2S17R1637384,0.0,0
2024,safety-driver,Waymo,SADHW2S17R1637661,0.0,0
2024,safety-driver,Waymo,SADHW2S17R1637725,0.0,0
2024,safety-driver,Waymo,SADHW2S17R1637773,0.0,0
2024,safety-driver,Waymo,SADHW2S17R1637868,0.0,0
2024,safety-driver,Waymo,SADHW2S18M1602698,0.0,0
2024,safety-driver,Waymo,SADHW2S18M1606251,2855.3,0
2024,safety-driver,Waymo,SADHW2S18M1614303,42305.3,16
2024,safety-driver,Waymo,SADHW2S18M1614463,44248.1,4
2024,safety-driver,Waymo,SADHW2S18M1614964,54426.0,9
2024,safety-driver,Waymo,SADHW2S18M1615225,0.0,0
2024,safety-driver,Waymo,SADHW2S18M1615239,0.0,0
2024,safety-driver,Waymo,SADHW2S18M1615368,0.0,0
2024,safety-driver,Waymo,SADHW2S18M1615497,1011.8,0
2024,safety-driver,Waymo,SADHW2S18M1615709,0.0,0
2024,safety-driver,Waymo,SADHW2S18M1615838,341.9,0
2024,safety-driver,Waymo,SADHW2S18M1615886,1434.2,0
2024,safety-driver,Waymo,SADHW2S18M1615919,0.0,0
2024,safety-driver,Waymo,SADHW2S18M1615922,0.0,0
2024,safety-driver,Waymo,SADHW2S18M1615970,0.0,0
2024,safety-driver,Waymo,SADHW2S18M1616021,37197.4,0
2024,safety-driver,Waymo,SADHW2S18M1616178,0.0,0
2024,safety-driver,Waymo,SADHW2S18M1616455,0.0,0
2024,safety-driver,Waymo,SADHW2S18M1616844,0.0,0
2024,safety-driver,Waymo,SADHW2S18M1616939,0.0,0
2024,safety-driver,Waymo,SADHW2S18M1617007,0.0,0
2024,safety-driver,Waymo,SADHW2S18M1617024,0.0,0
2024,safety-driver,Waymo,SADHW2S18M1617086,0.0,0
2024,safety-driver,Waymo,SADHW2S18M1617122,9858.2,0
2024,safety-driver,Waymo,SADHW2S18M1617248,0.0,0
2024,safety-driver,Waymo,SADHW2S18M1617394,0.0,0
2024,safety-driver,Waymo,SADHW2S18M1617430,0.0,0
2024,safety-driver,Waymo,SADHW2S18R1632775,0.0,0
2024,safety-driver,Waymo,SADHW2S18R1632890,0.0,0
2024,safety-driver,Waymo,SADHW2S18R1634090,104.9,0
2024,safety-driver,Waymo,SADHW2S18R1634378,363.9,0
2024,safety-driver,Waymo,SADHW2S18R1634428,608.4,0
2024,safety-driver,Waymo,SADHW2S18R1634574,0.0,0
2024,safety-driver,Waymo,SADHW2S18R1634588,0.0,0
2024,safety-driver,Waymo,SADHW2S18R1634591,262.7,0
2024,safety-driver,Waymo,SADHW2S18R1634705,281.0,0
2024,safety-driver,Waymo,SADHW2S18R1634722,0.0,0
2024,safety-driver,Waymo,SADHW2S18R1634753,278.6,0
2024,safety-driver,Waymo,SADHW2S18R1634767,263.1,0
2024,safety-driver,Waymo,SADHW2S18R1634820,248.4,0
2024,safety-driver,Waymo,SADHW2S18R1634879,247.6,0
2024,safety-driver,Waymo,SADHW2S18R1634915,259.5,0
2024,safety-driver,Waymo,SADHW2S18R1634980,259.7,0
2024,safety-driver,Waymo,SADHW2S18R1635174,0.0,0
2024,safety-driver,Waymo,SADHW2S18R1635191,179.8,0
2024,safety-driver,Waymo,SADHW2S18R1635207,243.9,0
2024,safety-driver,Waymo,SADHW2S18R1635238,245.8,0
2024,safety-driver,Waymo,SADHW2S18R1635286,0.0,0
2024,safety-driver,Waymo,SADHW2S18R1635336,0.0,0
2024,safety-driver,Waymo,SADHW2S18R1635384,0.0,0
2024,safety-driver,Waymo,SADHW2S18R1635448,322.0,0
2024,safety-driver,Waymo,SADHW2S18R1635546,0.0,0
2024,safety-driver,Waymo,SADHW2S18R1635594,0.0,0
2024,safety-driver,Waymo,SADHW2S18R1635630,0.0,0
2024,safety-driver,Waymo,SADHW2S18R1635661,0.0,0
2024,safety-driver,Waymo,SADHW2S18R1635739,0.0,0
2024,safety-driver,Waymo,SADHW2S18R1635756,0.0,0
2024,safety-driver,Waymo,SADHW2S18R1635787,0.0,0
2024,safety-driver,Waymo,SADHW2S18R1635837,0.0,0
2024,safety-driver,Waymo,SADHW2S18R1635885,0.0,0
2024,safety-driver,Waymo,SADHW2S18R1635899,0.0,0
2024,safety-driver,Waymo,SADHW2S18R1636003,0.0,0
2024,safety-driver,Waymo,SADHW2S18R1636020,0.0,0
2024,safety-driver,Waymo,SADHW2S18R1636339,0.0,0
2024,safety-driver,Waymo,SADHW2S18R1636454,0.0,0
2024,safety-driver,Waymo,SADHW2S18R1636518,0.0,0
2024,safety-driver,Waymo,SADHW2S18R1636549,0.0,0
2024,safety-driver,Waymo,SADHW2S18R1636552,0.0,0
2024,safety-driver,Waymo,SADHW2S18R1636597,0.0,0
2024,safety-driver,Waymo,SADHW2S18R1636602,0.0,0
2024,safety-driver,Waymo,SADHW2S18R1636633,0.0,0
2024,safety-driver,Waymo,SADHW2S18R1636695,0.0,0
2024,safety-driver,Waymo,SADHW2S18R1636731,0.0,0
2024,safety-driver,Waymo,SADHW2S18R1636759,0.0,0
2024,safety-driver,Waymo,SADHW2S18R1636762,0.0,0
2024,safety-driver,Waymo,SADHW2S18R1636776,0.0,0
2024,safety-driver,Waymo,SADHW2S18R1636809,0.0,0
2024,safety-driver,Waymo,SADHW2S18R1636843,0.0,0
2024,safety-driver,Waymo,SADHW2S18R1636857,0.0,0
2024,safety-driver,Waymo,SADHW2S18R1637250,0.0,0
2024,safety-driver,Waymo,SADHW2S18R1637264,0.0,0
2024,safety-driver,Waymo,SADHW2S18R1637278,0.0,0
2024,safety-driver,Waymo,SADHW2S18R1637281,0.0,0
2024,safety-driver,Waymo,SADHW2S18R1637331,0.0,0
2024,safety-driver,Waymo,SADHW2S18R1637359,0.0,0
2024,safety-driver,Waymo,SADHW2S18R1637362,0.0,0
2024,safety-driver,Waymo,SADHW2S18R1637393,0.0,0
2024,safety-driver,Waymo,SADHW2S18R1637703,0.0,0
2024,safety-driver,Waymo,SADHW2S18R1637734,0.0,0
2024,safety-driver,Waymo,SADHW2S18R1637927,0.0,0
2024,safety-driver,Waymo,SADHW2S18R1639855,0.0,0
2024,safety-driver,Waymo,SADHW2S18R1639922,0.0,0
2024,safety-driver,Waymo,SADHW2S19M1602659,2032.0,1
2024,safety-driver,Waymo,SADHW2S19M1602662,0.0,0
2024,safety-driver,Waymo,SADHW2S19M1602693,2528.3,0
2024,safety-driver,Waymo,SADHW2S19M1614102,806.8,0
2024,safety-driver,Waymo,SADHW2S19M1614326,40466.1,4
2024,safety-driver,Waymo,SADHW2S19M1614357,0.0,0
2024,safety-driver,Waymo,SADHW2S19M1615234,15424.8,1
2024,safety-driver,Waymo,SADHW2S19M1615282,0.0,0
2024,safety-driver,Waymo,SADHW2S19M1615539,0.0,0
2024,safety-driver,Waymo,SADHW2S19M1615699,662.8,0
2024,safety-driver,Waymo,SADHW2S19M1615721,0.0,0
2024,safety-driver,Waymo,SADHW2S19M1615749,53172.9,1
2024,safety-driver,Waymo,SADHW2S19M1615816,39136.3,5
2024,safety-driver,Waymo,SADHW2S19M1615833,0.0,0
2024,safety-driver,Waymo,SADHW2S19M1615864,0.0,0
2024,safety-driver,Waymo,SADHW2S19M1615914,0.0,0
2024,safety-driver,Waymo,SADHW2S19M1616044,0.0,0
2024,safety-driver,Waymo,SADHW2S19M1616108,0.0,0
2024,safety-driver,Waymo,SADHW2S19M1616481,0.0,0
2024,safety-driver,Waymo,SADHW2S19M1616674,0.0,0
2024,safety-driver,Waymo,SADHW2S19M1616755,0.0,0
2024,safety-driver,Waymo,SADHW2S19M1616853,0.0,0
2024,safety-driver,Waymo,SADHW2S19M1616870,0.0,0
2024,safety-driver,Waymo,SADHW2S19M1617016,0.0,0
2024,safety-driver,Waymo,SADHW2S19M1617064,0.0,0
2024,safety-driver,Waymo,SADHW2S19M1617288,0.0,0
2024,safety-driver,Waymo,SADHW2S19M1617484,17887.8,1
2024,safety-driver,Waymo,SADHW2S19M1617520,0.0,0
2024,safety-driver,Waymo,SADHW2S19M1617579,13389.4,0
2024,safety-driver,Waymo,SADHW2S19M1617615,17261.9,3
2024,safety-driver,Waymo,SADHW2S19R1634051,1659.9,0
2024,safety-driver,Waymo,SADHW2S19R1634079,1694.9,0
2024,safety-driver,Waymo,SADHW2S19R1634082,40.9,0
2024,safety-driver,Waymo,SADHW2S19R1634101,581.3,0
2024,safety-driver,Waymo,SADHW2S19R1634406,314.3,0
2024,safety-driver,Waymo,SADHW2S19R1634552,271.1,0
2024,safety-driver,Waymo,SADHW2S19R1634597,366.1,0
2024,safety-driver,Waymo,SADHW2S19R1634616,0.0,0
2024,safety-driver,Waymo,SADHW2S19R1634762,52.1,0
2024,safety-driver,Waymo,SADHW2S19R1634907,270.5,0
2024,safety-driver,Waymo,SADHW2S19R1634972,0.0,0
2024,safety-driver,Waymo,SADHW2S19R1635054,256.5,0
2024,safety-driver,Waymo,SADHW2S19R1635118,471.7,0
2024,safety-driver,Waymo,SADHW2S19R1635135,213.3,0
2024,safety-driver,Waymo,SADHW2S19R1635152,228.6,0
2024,safety-driver,Waymo,SADHW2S19R1635216,0.0,0
2024,safety-driver,Waymo,SADHW2S19R1635233,255.4,0
2024,safety-driver,Waymo,SADHW2S19R1635278,0.0,0
2024,safety-driver,Waymo,SADHW2S19R1635300,0.0,0
2024,safety-driver,Waymo,SADHW2S19R1635393,0.0,0
2024,safety-driver,Waymo,SADHW2S19R1635457,0.0,0
2024,safety-driver,Waymo,SADHW2S19R1635491,278.8,0
2024,safety-driver,Waymo,SADHW2S19R1635586,0.0,0
2024,safety-driver,Waymo,SADHW2S19R1635622,0.0,0
2024,safety-driver,Waymo,SADHW2S19R1635684,0.0,0
2024,safety-driver,Waymo,SADHW2S19R1635698,0.0,0
2024,safety-driver,Waymo,SADHW2S19R1635796,0.0,0
2024,safety-driver,Waymo,SADHW2S19R1635961,0.0,0
2024,safety-driver,Waymo,SADHW2S19R1636088,0.0,0
2024,safety-driver,Waymo,SADHW2S19R1636348,0.0,0
2024,safety-driver,Waymo,SADHW2S19R1636365,0.0,0
2024,safety-driver,Waymo,SADHW2S19R1636401,0.0,0
2024,safety-driver,Waymo,SADHW2S19R1636527,0.0,0
2024,safety-driver,Waymo,SADHW2S19R1636544,0.0,0
2024,safety-driver,Waymo,SADHW2S19R1636558,0.0,0
2024,safety-driver,Waymo,SADHW2S19R1636575,0.0,0
2024,safety-driver,Waymo,SADHW2S19R1636656,0.0,0
2024,safety-driver,Waymo,SADHW2S19R1636673,0.0,0
2024,safety-driver,Waymo,SADHW2S19R1636785,0.0,0
2024,safety-driver,Waymo,SADHW2S19R1636799,0.0,0
2024,safety-driver,Waymo,SADHW2S19R1636818,0.0,0
2024,safety-driver,Waymo,SADHW2S19R1636866,0.0,0
2024,safety-driver,Waymo,SADHW2S19R1636950,0.0,0
2024,safety-driver,Waymo,SADHW2S19R1636964,0.0,0
2024,safety-driver,Waymo,SADHW2S19R1636978,0.0,0
2024,safety-driver,Waymo,SADHW2S19R1636981,0.0,0
2024,safety-driver,Waymo,SADHW2S19R1637113,0.0,0
2024,safety-driver,Waymo,SADHW2S19R1637127,0.0,0
2024,safety-driver,Waymo,SADHW2S19R1637225,0.0,0
2024,safety-driver,Waymo,SADHW2S19R1637239,0.0,0
2024,safety-driver,Waymo,SADHW2S19R1637242,0.0,0
2024,safety-driver,Waymo,SADHW2S19R1637256,0.0,0
2024,safety-driver,Waymo,SADHW2S19R1637287,0.0,0
2024,safety-driver,Waymo,SADHW2S19R1637290,0.0,0
2024,safety-driver,Waymo,SADHW2S19R1637323,0.0,0
2024,safety-driver,Waymo,SADHW2S19R1637645,0.0,0
2024,safety-driver,Waymo,SADHW2S19R1637810,0.0,0
2024,safety-driver,Waymo,SADHW2S19R1637855,0.0,0
2024,safety-driver,Waymo,SADHW2S19R1637886,0.0,0
2024,safety-driver,Waymo,SADHW2S1XM1602587,2669.8,2
2024,safety-driver,Waymo,SADHW2S1XM1602668,1364.8,0
2024,safety-driver,Waymo,SADHW2S1XM1602671,1457.2,0
2024,safety-driver,Waymo,SADHW2S1XM1602685,178.2,0
2024,safety-driver,Waymo,SADHW2S1XM1602704,3449.8,0
2024,safety-driver,Waymo,SADHW2S1XM1602735,1549.9,0
2024,safety-driver,Waymo,SADHW2S1XM1605876,1239.7,0
2024,safety-driver,Waymo,SADHW2S1XM1606137,1143.2,0
2024,safety-driver,Waymo,SADHW2S1XM1614335,886.1,0
2024,safety-driver,Waymo,SADHW2S1XM1614447,45099.0,14
2024,safety-driver,Waymo,SADHW2S1XM1614643,52945.0,1
2024,safety-driver,Waymo,SADHW2S1XM1614822,42480.6,3
2024,safety-driver,Waymo,SADHW2S1XM1614870,49468.6,2
2024,safety-driver,Waymo,SADHW2S1XM1614898,42717.5,0
2024,safety-driver,Waymo,SADHW2S1XM1614948,8299.2,0
2024,safety-driver,Waymo,SADHW2S1XM1615176,0.0,0
2024,safety-driver,Waymo,SADHW2S1XM1615243,0.0,0
2024,safety-driver,Waymo,SADHW2S1XM1615629,0.0,0
2024,safety-driver,Waymo,SADHW2S1XM1615713,0.0,0
2024,safety-driver,Waymo,SADHW2S1XM1615727,0.0,0
2024,safety-driver,Waymo,SADHW2S1XM1615761,0.0,0
2024,safety-driver,Waymo,SADHW2S1XM1615937,0.0,0
2024,safety-driver,Waymo,SADHW2S1XM1616232,0.0,0
2024,safety-driver,Waymo,SADHW2S1XM1616411,0.0,0
2024,safety-driver,Waymo,SADHW2S1XM1616537,0.0,0
2024,safety-driver,Waymo,SADHW2S1XM1616831,0.0,0
2024,safety-driver,Waymo,SADHW2S1XM1616893,0.0,0
2024,safety-driver,Waymo,SADHW2S1XM1616960,0.0,0
2024,safety-driver,Waymo,SADHW2S1XM1617199,18131.0,3
2024,safety-driver,Waymo,SADHW2S1XM1617350,0.0,0
2024,safety-driver,Waymo,SADHW2S1XM1617414,0.0,0
2024,safety-driver,Waymo,SADHW2S1XM1617560,0.0,0
2024,safety-driver,Waymo,SADHW2S1XM1617588,7483.4,0
2024,safety-driver,Waymo,SADHW2S1XM1617638,15992.1,0
2024,safety-driver,Waymo,SADHW2S1XR1634365,133.0,0
2024,safety-driver,Waymo,SADHW2S1XR1634544,305.9,0
2024,safety-driver,Waymo,SADHW2S1XR1634625,0.0,0
2024,safety-driver,Waymo,SADHW2S1XR1634656,273.8,0
2024,safety-driver,Waymo,SADHW2S1XR1634883,199.4,0
2024,safety-driver,Waymo,SADHW2S1XR1634897,0.0,0
2024,safety-driver,Waymo,SADHW2S1XR1634933,192.1,0
2024,safety-driver,Waymo,SADHW2S1XR1634947,59.3,0
2024,safety-driver,Waymo,SADHW2S1XR1635001,233.5,0
2024,safety-driver,Waymo,SADHW2S1XR1635029,252.1,0
2024,safety-driver,Waymo,SADHW2S1XR1635046,327.7,0
2024,safety-driver,Waymo,SADHW2S1XR1635127,104.8,0
2024,safety-driver,Waymo,SADHW2S1XR1635144,469.2,0
2024,safety-driver,Waymo,SADHW2S1XR1635161,249.0,0
2024,safety-driver,Waymo,SADHW2S1XR1635211,244.0,0
2024,safety-driver,Waymo,SADHW2S1XR1635225,0.0,0
2024,safety-driver,Waymo,SADHW2S1XR1635290,166.4,0
2024,safety-driver,Waymo,SADHW2S1XR1635306,0.0,0
2024,safety-driver,Waymo,SADHW2S1XR1635516,0.0,0
2024,safety-driver,Waymo,SADHW2S1XR1635550,0.0,0
2024,safety-driver,Waymo,SADHW2S1XR1635578,0.0,0
2024,safety-driver,Waymo,SADHW2S1XR1635614,0.0,0
2024,safety-driver,Waymo,SADHW2S1XR1635709,0.0,0
2024,safety-driver,Waymo,SADHW2S1XR1635712,0.0,0
2024,safety-driver,Waymo,SADHW2S1XR1635726,0.0,0
2024,safety-driver,Waymo,SADHW2S1XR1635743,0.0,0
2024,safety-driver,Waymo,SADHW2S1XR1635791,4392.5,1
2024,safety-driver,Waymo,SADHW2S1XR1635824,0.0,0
2024,safety-driver,Waymo,SADHW2S1XR1635841,0.0,0
2024,safety-driver,Waymo,SADHW2S1XR1635855,0.0,0
2024,safety-driver,Waymo,SADHW2S1XR1635869,0.0,0
2024,safety-driver,Waymo,SADHW2S1XR1635872,0.0,0
2024,safety-driver,Waymo,SADHW2S1XR1635905,0.0,0
2024,safety-driver,Waymo,SADHW2S1XR1636116,0.0,0
2024,safety-driver,Waymo,SADHW2S1XR1636309,0.0,0
2024,safety-driver,Waymo,SADHW2S1XR1636374,0.0,0
2024,safety-driver,Waymo,SADHW2S1XR1636407,0.0,0
2024,safety-driver,Waymo,SADHW2S1XR1636519,0.0,0
2024,safety-driver,Waymo,SADHW2S1XR1636522,0.0,0
2024,safety-driver,Waymo,SADHW2S1XR1636553,0.0,0
2024,safety-driver,Waymo,SADHW2S1XR1636567,0.0,0
2024,safety-driver,Waymo,SADHW2S1XR1636603,0.0,0
2024,safety-driver,Waymo,SADHW2S1XR1636679,0.0,0
2024,safety-driver,Waymo,SADHW2S1XR1636682,0.0,0
2024,safety-driver,Waymo,SADHW2S1XR1636729,0.0,0
2024,safety-driver,Waymo,SADHW2S1XR1636763,0.0,0
2024,safety-driver,Waymo,SADHW2S1XR1636813,0.0,0
2024,safety-driver,Waymo,SADHW2S1XR1636827,0.0,0
2024,safety-driver,Waymo,SADHW2S1XR1636889,0.0,0
2024,safety-driver,Waymo,SADHW2S1XR1636892,0.0,0
2024,safety-driver,Waymo,SADHW2S1XR1636956,0.0,0
2024,safety-driver,Waymo,SADHW2S1XR1637010,0.0,0
2024,safety-driver,Waymo,SADHW2S1XR1637024,0.0,0
2024,safety-driver,Waymo,SADHW2S1XR1637041,0.0,0
2024,safety-driver,Waymo,SADHW2S1XR1637105,0.0,0
2024,safety-driver,Waymo,SADHW2S1XR1637153,0.0,0
2024,safety-driver,Waymo,SADHW2S1XR1637167,0.0,0
2024,safety-driver,Waymo,SADHW2S1XR1637170,0.0,0
2024,safety-driver,Waymo,SADHW2S1XR1637203,0.0,0
2024,safety-driver,Waymo,SADHW2S1XR1637217,0.0,0
2024,safety-driver,Waymo,SADHW2S1XR1637301,0.0,0
2024,safety-driver,Waymo,SADHW2S1XR1637329,0.0,0
2024,safety-driver,Waymo,SADHW2S1XR1637864,0.0,0
2024,safety-driver,Waymo,SADHW2S1XR1637900,0.0,0
2024,safety-driver,Waymo,SADHW2S1XR1637914,0.0,0
2024,safety-driver,Waymo,SADHW2S1XR1637931,0.0,0
2024,safety-driver,Waymo,SADHW2S1XR1639761,0.0,0
2024,safety-driver,WeRide,1N4AZ1CP0KC303358,0.0,1
2024,safety-driver,WeRide,1N4AZ1CP2KC305130,45.51,0
2024,safety-driver,WeRide,1N4AZ1CP2KC305743,200.54,0
2024,safety-driver,WeRide,1N4AZ1CP3KC301099,4816.44,0
2024,safety-driver,WeRide,1N4AZ1CP4KC303668,5414.91,0
2024,safety-driver,WeRide,1N4AZ1CP4KC305551,6780.42,0
2024,safety-driver,WeRide,1N4AZ1CP5JC315505,39.14,0
2024,safety-driver,WeRide,1N4AZ1CP5KC307681,0.0,0
2024,safety-driver,WeRide,1N4AZ1CP6KC305048,701.34,0
2024,safety-driver,WeRide,1N4CZ1CV1PC550208,6268.57,1
2024,safety-driver,WeRide,1N4CZ1CV2PC550346,9546.58,1
2024,safety-driver,WeRide,1N4CZ1CV3PC550100,8833.29,0
2024,safety-driver,WeRide,1N4CZ1CV5PC551541,9485.79,0
2024,safety-driver,WeRide,1N4CZ1CV8PC550139,8058.22,0
2024,safety-driver,WeRide,JN1BF0BA1RM430951,0.0,0
2024,safety-driver,WeRide,JN1BF0BA3PM406289,0.99,0
2024,safety-driver,Zoox,~0015,0.0,0
2024,safety-driver,Zoox,~0098,0.0,0
2024,safety-driver,Zoox,~0103,7567.988,0
2024,safety-driver,Zoox,~0153,0.0,0
2024,safety-driver,Zoox,~0184,0.0,0
2024,safety-driver,Zoox,~0187,0.0,0
2024,safety-driver,Zoox,~0193,4050.419,0
2024,safety-driver,Zoox,~0201,0.0,0
2024,safety-driver,Zoox,~0245,1431.514,0
2024,safety-driver,Zoox,~0268,0.0,0
2024,safety-driver,Zoox,~0294,0.0,0
2024,safety-driver,Zoox,~0376,4521.593,0
2024,safety-driver,Zoox,~0384,8053.963,0
2024,safety-driver,Zoox,~0431,9957.018,0
2024,safety-driver,Zoox,~0453,616.274,0
2024,safety-driver,Zoox,~0471,0.0,0
2024,safety-driver,Zoox,~0588,249.046,0
2024,safety-driver,Zoox,~0629,0.0,0
2024,safety-driver,Zoox,~0658,0.0,0
2024,safety-driver,Zoox,~0763,0.0,0
2024,safety-driver,Zoox,~0868,11405.134,0
2024,safety-driver,Zoox,~0876,2789.896,0
2024,safety-driver,Zoox,~0962,0.0,0
2024,safety-driver,Zoox,~0971,0.0,0
2024,safety-driver,Zoox,~1043,0.0,0
2024,safety-driver,Zoox,~1098,0.0,0
2024,safety-driver,Zoox,~1135,0.0,0
2024,safety-driver,Zoox,~1277,11776.223,0
2024,safety-driver,Zoox,~1299,0.0,0
2024,safety-driver,Zoox,~14358,0.0,0
2024,safety-driver,Zoox,~1472,0.0,0
2024,safety-driver,Zoox,~1535,12218.577,0
2024,safety-driver,Zoox,~1556,0.0,0
2024,safety-driver,Zoox,~1558,6626.826,0
2024,safety-driver,Zoox,~1563,0.0,0
2024,safety-driver,Zoox,~1616,11106.448,0
2024,safety-driver,Zoox,~1619,0.0,0
2024,safety-driver,Zoox,~1655,2473.094,0
2024,safety-driver,Zoox,~1656,8422.24,1
2024,safety-driver,Zoox,~1660,12891.409,1
2024,safety-driver,Zoox,~1708,7449.492,0
2024,safety-driver,Zoox,~1713,0.0,0
2024,safety-driver,Zoox,~1720,0.0,0
2024,safety-driver,Zoox,~1771,14499.962,0
2024,safety-driver,Zoox,~1836,0.0,0
2024,safety-driver,Zoox,~1889,0.0,0
2024,safety-driver,Zoox,~2004,5215.164,0
2024,safety-driver,Zoox,~2021,0.0,0
2024,safety-driver,Zoox,~20224,1955.331,0
2024,safety-driver,Zoox,~20496,2774.422,0
2024,safety-driver,Zoox,~2083,1123.56,0
2024,safety-driver,Zoox,~2096,0.0,0
2024,safety-driver,Zoox,~2149,0.0,0
2024,safety-driver,Zoox,~2171,276.821,0
2024,safety-driver,Zoox,~2212,0.0,0
2024,safety-driver,Zoox,~2265,0.0,0
2024,safety-driver,Zoox,~22949,7539.803,0
2024,safety-driver,Zoox,~2301,0.0,0
2024,safety-driver,Zoox,~2351,0.0,0
2024,safety-driver,Zoox,~2354,0.0,0
2024,safety-driver,Zoox,~2390,0.0,0
2024,safety-driver,Zoox,~2405,0.0,0
2024,safety-driver,Zoox,~2438,8098.141,0
2024,safety-driver,Zoox,~2495,0.0,0
2024,safety-driver,Zoox,~2507,0.0,0
2024,safety-driver,Zoox,~2511,12265.617,0
2024,safety-driver,Zoox,~2530,95.194,0
2024,safety-driver,Zoox,~2538,13694.197,1
2024,safety-driver,Zoox,~2583,1122.972,0
2024,safety-driver,Zoox,~2615,307.454,0
2024,safety-driver,Zoox,~2656,12453.599,0
2024,safety-driver,Zoox,~2657,0.0,0
2024,safety-driver,Zoox,~2661,0.0,0
2024,safety-driver,Zoox,~2698,8155.246,0
2024,safety-driver,Zoox,~2699,10972.541,1
2024,safety-driver,Zoox,~27236,10854.054,0
2024,safety-driver,Zoox,~2783,0.0,0
2024,safety-driver,Zoox,~2812,0.0,0
2024,safety-driver,Zoox,~2856,8790.623,0
2024,safety-driver,Zoox,~2865,0.0,0
2024,safety-driver,Zoox,~2872,6393.12,0
2024,safety-driver,Zoox,~2887,0.0,0
2024,safety-driver,Zoox,~2892,0.0,0
2024,safety-driver,Zoox,~2895,0.0,0
2024,safety-driver,Zoox,~2917,0.0,0
2024,safety-driver,Zoox,~2953,7268.046,0
2024,safety-driver,Zoox,~2969,0.0,0
2024,safety-driver,Zoox,~3030,0.0,0
2024,safety-driver,Zoox,~30496,8820.546,0
2024,safety-driver,Zoox,~3065,0.0,0
2024,safety-driver,Zoox,~3084,3610.912,1
2024,safety-driver,Zoox,~3090,0.0,0
2024,safety-driver,Zoox,~31078,8923.094,0
2024,safety-driver,Zoox,~3139,0.0,0
2024,safety-driver,Zoox,~3225,4989.734,0
2024,safety-driver,Zoox,~3292,0.0,0
2024,safety-driver,Zoox,~3315,3150.972,0
2024,safety-driver,Zoox,~3415,0.0,0
2024,safety-driver,Zoox,~3430,0.0,0
2024,safety-driver,Zoox,~3480,5755.78,0
2024,safety-driver,Zoox,~3489,0.0,0
2024,safety-driver,Zoox,~3538,0.0,0
2024,safety-driver,Zoox,~3553,0.0,0
2024,safety-driver,Zoox,~3645,0.0,0
2024,safety-driver,Zoox,~3710,17110.015,0
2024,safety-driver,Zoox,~3726,11953.962,0
2024,safety-driver,Zoox,~3761,0.0,0
2024,safety-driver,Zoox,~3786,0.0,0
2024,safety-driver,Zoox,~3800,0.0,0
2024,safety-driver,Zoox,~3824,0.0,0
2024,safety-driver,Zoox,~3830,0.0,0
2024,safety-driver,Zoox,~3833,13193.881,1
2024,safety-driver,Zoox,~3847,0.0,0
2024,safety-driver,Zoox,~3863,17227.3,0
2024,safety-driver,Zoox,~3875,0.0,0
2024,safety-driver,Zoox,~3880,6315.528,0
2024,safety-driver,Zoox,~3889,0.0,0
2024,safety-driver,Zoox,~3891,7844.152,0
2024,safety-driver,Zoox,~3905,0.0,0
2024,safety-driver,Zoox,~3907,13101.977,0
2024,safety-driver,Zoox,~3948,0.0,0
2024,safety-driver,Zoox,~3957,8248.75,0
2024,safety-driver,Zoox,~3971,0.0,0
2024,safety-driver,Zoox,~3994,0.0,0
2024,safety-driver,Zoox,~3996,0.0,0
2024,safety-driver,Zoox,~4071,0.0,0
2024,safety-driver,Zoox,~4153,1069.877,0
2024,safety-driver,Zoox,~4157,9811.423,0
2024,safety-driver,Zoox,~4330,0.0,0
2024,safety-driver,Zoox,~4346,0.0,0
2024,safety-driver,Zoox,~4366,0.0,0
2024,safety-driver,Zoox,~4386,144.034,0
2024,safety-driver,Zoox,~4395,39.768,0
2024,safety-driver,Zoox,~4408,0.0,0
2024,safety-driver,Zoox,~4430,0.0,0
2024,safety-driver,Zoox,~4431,2849.734,0
2024,safety-driver,Zoox,~4457,13050.107,0
2024,safety-driver,Zoox,~4462,15743.883,2
2024,safety-driver,Zoox,~4503,13619.882,1
2024,safety-driver,Zoox,~4515,0.0,0
2024,safety-driver,Zoox,~4530,0.0,0
2024,safety-driver,Zoox,~4557,0.0,0
2024,safety-driver,Zoox,~4592,0.0,0
2024,safety-driver,Zoox,~4600,0.0,0
2024,safety-driver,Zoox,~4605,0.0,0
2024,safety-driver,Zoox,~4622,11273.961,0
2024,safety-driver,Zoox,~4626,0.0,0
2024,safety-driver,Zoox,~4648,0.0,0
2024,safety-driver,Zoox,~4680,11244.693,1
2024,safety-driver,Zoox,~4696,10644.526,1
2024,safety-driver,Zoox,~4743,0.0,0
2024,safety-driver,Zoox,~4748,0.0,0
2024,safety-driver,Zoox,~4787,4476.686,1
2024,safety-driver,Zoox,~4795,8850.727,0
2024,safety-driver,Zoox,~4801,0.0,0
2024,safety-driver,Zoox,~4810,0.0,0
2024,safety-driver,Zoox,~4873,9848.717,0
2024,safety-driver,Zoox,~4880,0.0,0
2024,safety-driver,Zoox,~4903,0.0,0
2024,safety-driver,Zoox,~4960,1180.294,0
2024,safety-driver,Zoox,~4961,0.0,0
2024,safety-driver,Zoox,~4963,0.0,0
2024,safety-driver,Zoox,~5009,0.0,0
2024,safety-driver,Zoox,~5016,0.0,0
2024,safety-driver,Zoox,~5023,0.0,0
2024,safety-driver,Zoox,~5032,2767.275,1
2024,safety-driver,Zoox,~5071,313.109,0
2024,safety-driver,Zoox,~5151,0.0,0
2024,safety-driver,Zoox,~5163,0.0,0
2024,safety-driver,Zoox,~5195,0.0,0
2024,safety-driver,Zoox,~5200,10327.621,0
2024,safety-driver,Zoox,~5212,0.0,0
2024,safety-driver,Zoox,~5225,6927.355,0
2024,safety-driver,Zoox,~5252,0.0,0
2024,safety-driver,Zoox,~5257,0.0,0
2024,safety-driver,Zoox,~5267,0.0,0
2024,safety-driver,Zoox,~5292,7904.597,1
2024,safety-driver,Zoox,~5294,11024.185,0
2024,safety-driver,Zoox,~5299,0.0,0
2024,safety-driver,Zoox,~5329,0.0,0
2024,safety-driver,Zoox,~5336,3014.339,0
2024,safety-driver,Zoox,~5349,0.0,0
2024,safety-driver,Zoox,~5363,3235.542,1
2024,safety-driver,Zoox,~5396,11060.568,1
2024,safety-driver,Zoox,~5402,0.0,0
2024,safety-driver,Zoox,~5424,0.0,0
2024,safety-driver,Zoox,~54894,0.0,0
2024,safety-driver,Zoox,~5502,3337.197,0
2024,safety-driver,Zoox,~5504,595.646,0
2024,safety-driver,Zoox,~5522,0.0,0
2024,safety-driver,Zoox,~5525,0.0,0
2024,safety-driver,Zoox,~5528,8075.412,1
2024,safety-driver,Zoox,~5529,0.0,0
2024,safety-driver,Zoox,~5578,11395.0,1
2024,safety-driver,Zoox,~5596,0.0,0
2024,safety-driver,Zoox,~5605,12376.029,0
2024,safety-driver,Zoox,~5631,0.0,0
2024,safety-driver,Zoox,~5632,1666.375,0
2024,safety-driver,Zoox,~5653,0.0,0
2024,safety-driver,Zoox,~5678,315.782,0
2024,safety-driver,Zoox,~5713,11921.357,2
2024,safety-driver,Zoox,~5743,2803.997,0
2024,safety-driver,Zoox,~5773,0.0,0
2024,safety-driver,Zoox,~5776,0.0,0
2024,safety-driver,Zoox,~5811,0.0,0
2024,safety-driver,Zoox,~5840,0.0,0
2024,safety-driver,Zoox,~5860,0.0,0
2024,safety-driver,Zoox,~5882,0.0,0
2024,safety-driver,Zoox,~5903,8180.319,0
2024,safety-driver,Zoox,~5916,0.0,0
2024,safety-driver,Zoox,~5919,0.0,0
2024,safety-driver,Zoox,~5934,0.0,0
2024,safety-driver,Zoox,~5942,0.0,0
2024,safety-driver,Zoox,~5966,2287.651,0
2024,safety-driver,Zoox,~5981,13.235,0
2024,safety-driver,Zoox,~6056,6495.418,1
2024,safety-driver,Zoox,~6088,782.928,0
2024,safety-driver,Zoox,~6099,0.0,0
2024,safety-driver,Zoox,~61078,12853.405,0
2024,safety-driver,Zoox,~6110,1274.431,0
2024,safety-driver,Zoox,~6116,0.0,0
2024,safety-driver,Zoox,~6137,0.0,0
2024,safety-driver,Zoox,~6144,0.0,0
2024,safety-driver,Zoox,~6168,0.0,0
2024,safety-driver,Zoox,~6183,0.0,0
2024,safety-driver,Zoox,~6205,0.0,0
2024,safety-driver,Zoox,~6211,10374.332,0
2024,safety-driver,Zoox,~6229,16540.896,1
2024,safety-driver,Zoox,~6248,0.0,0
2024,safety-driver,Zoox,~62949,3811.655,0
2024,safety-driver,Zoox,~6302,0.0,0
2024,safety-driver,Zoox,~6309,0.0,0
2024,safety-driver,Zoox,~6312,0.0,0
2024,safety-driver,Zoox,~6321,0.0,0
2024,safety-driver,Zoox,~6384,0.0,0
2024,safety-driver,Zoox,~6420,10481.927,0
2024,safety-driver,Zoox,~6427,83.201,0
2024,safety-driver,Zoox,~6450,0.0,0
2024,safety-driver,Zoox,~6471,8262.962,2
2024,safety-driver,Zoox,~6513,11685.126,0
2024,safety-driver,Zoox,~6522,1185.326,0
2024,safety-driver,Zoox,~6543,0.0,0
2024,safety-driver,Zoox,~6566,0.0,0
2024,safety-driver,Zoox,~6573,0.0,0
2024,safety-driver,Zoox,~6584,0.0,0
2024,safety-driver,Zoox,~6594,10836.351,0
2024,safety-driver,Zoox,~6607,0.0,0
2024,safety-driver,Zoox,~6624,0.0,0
2024,safety-driver,Zoox,~6641,0.0,0
2024,safety-driver,Zoox,~6649,0.0,0
2024,safety-driver,Zoox,~6652,6951.217,1
2024,safety-driver,Zoox,~6679,0.0,0
2024,safety-driver,Zoox,~6691,0.0,0
2024,safety-driver,Zoox,~6725,0.0,0
2024,safety-driver,Zoox,~6731,7716.617,0
2024,safety-driver,Zoox,~6764,0.0,0
2024,safety-driver,Zoox,~6810,0.0,0
2024,safety-driver,Zoox,~6814,0.0,0
2024,safety-driver,Zoox,~6817,0.0,0
2024,safety-driver,Zoox,~6826,0.0,0
2024,safety-driver,Zoox,~6839,0.0,0
2024,safety-driver,Zoox,~6888,7445.754,1
2024,safety-driver,Zoox,~6954,0.0,0
2024,safety-driver,Zoox,~6969,1597.67,0
2024,safety-driver,Zoox,~6993,7160.661,0
2024,safety-driver,Zoox,~7006,0.0,0
2024,safety-driver,Zoox,~7014,0.0,0
2024,safety-driver,Zoox,~70224,0.0,0
2024,safety-driver,Zoox,~7061,0.0,0
2024,safety-driver,Zoox,~7100,0.0,0
2024,safety-driver,Zoox,~7108,0.0,0
2024,safety-driver,Zoox,~7155,11002.755,0
2024,safety-driver,Zoox,~7179,11869.366,0
2024,safety-driver,Zoox,~7186,6258.88,0
2024,safety-driver,Zoox,~7211,10656.965,2
2024,safety-driver,Zoox,~7215,10039.988,0
2024,safety-driver,Zoox,~7228,6835.141,1
2024,safety-driver,Zoox,~7304,0.0,0
2024,safety-driver,Zoox,~7360,0.0,0
2024,safety-driver,Zoox,~7379,0.0,0
2024,safety-driver,Zoox,~7397,3414.754,0
2024,safety-driver,Zoox,~7413,74.815,0
2024,safety-driver,Zoox,~74358,0.0,0
2024,safety-driver,Zoox,~74894,0.0,0
2024,safety-driver,Zoox,~7527,657.721,0
2024,safety-driver,Zoox,~7543,20.133,0
2024,safety-driver,Zoox,~7565,0.0,0
2024,safety-driver,Zoox,~7580,0.0,0
2024,safety-driver,Zoox,~7587,0.0,0
2024,safety-driver,Zoox,~7590,0.0,0
2024,safety-driver,Zoox,~7602,70.278,0
2024,safety-driver,Zoox,~7625,0.0,0
2024,safety-driver,Zoox,~7662,210.37,0
2024,safety-driver,Zoox,~7665,362.259,0
2024,safety-driver,Zoox,~7667,14821.34,1
2024,safety-driver,Zoox,~7693,297.271,0
2024,safety-driver,Zoox,~7703,0.0,0
2024,safety-driver,Zoox,~77236,0.0,0
2024,safety-driver,Zoox,~7735,0.0,0
2024,safety-driver,Zoox,~7742,0.0,0
2024,safety-driver,Zoox,~7746,4931.695,0
2024,safety-driver,Zoox,~7763,7216.131,0
2024,safety-driver,Zoox,~7765,0.0,0
2024,safety-driver,Zoox,~7797,0.0,0
2024,safety-driver,Zoox,~7818,5016.081,0
2024,safety-driver,Zoox,~7839,0.0,0
2024,safety-driver,Zoox,~7858,11366.85,0
2024,safety-driver,Zoox,~7864,860.579,0
2024,safety-driver,Zoox,~7880,2270.657,0
2024,safety-driver,Zoox,~7946,0.0,0
2024,safety-driver,Zoox,~8107,0.0,0
2024,safety-driver,Zoox,~8120,0.0,0
2024,safety-driver,Zoox,~8132,0.0,0
2024,safety-driver,Zoox,~8138,10060.036,0
2024,safety-driver,Zoox,~8251,0.0,0
2024,safety-driver,Zoox,~8312,7297.437,0
2024,safety-driver,Zoox,~8316,0.0,0
2024,safety-driver,Zoox,~8372,1338.93,0
2024,safety-driver,Zoox,~8451,6270.877,0
2024,safety-driver,Zoox,~8456,519.963,0
2024,safety-driver,Zoox,~8468,0.0,0
2024,safety-driver,Zoox,~8508,4672.545,0
2024,safety-driver,Zoox,~8510,0.0,0
2024,safety-driver,Zoox,~8530,0.0,0
2024,safety-driver,Zoox,~8545,0.0,0
2024,safety-driver,Zoox,~8547,4499.542,0
2024,safety-driver,Zoox,~8552,0.0,0
2024,safety-driver,Zoox,~8589,0.0,0
2024,safety-driver,Zoox,~8619,0.0,0
2024,safety-driver,Zoox,~8641,0.0,0
2024,safety-driver,Zoox,~8642,0.0,0
2024,safety-driver,Zoox,~8747,0.0,0
2024,safety-driver,Zoox,~8790,0.0,0
2024,safety-driver,Zoox,~8791,205.363,0
2024,safety-driver,Zoox,~8805,0.0,0
2024,safety-driver,Zoox,~8875,0.0,0
2024,safety-driver,Zoox,~8916,1.998,0
2024,safety-driver,Zoox,~8917,0.0,0
2024,safety-driver,Zoox,~8919,0.0,0
2024,safety-driver,Zoox,~8944,0.0,0
2024,safety-driver,Zoox,~8948,0.0,0
2024,safety-driver,Zoox,~8953,1439.84,0
2024,safety-driver,Zoox,~9061,0.0,0
2024,safety-driver,Zoox,~9086,0.0,0
2024,safety-driver,Zoox,~9096,0.0,0
2024,safety-driver,Zoox,~9098,4705.6,1
2024,safety-driver,Zoox,~9099,0.0,0
2024,safety-driver,Zoox,~9121,11378.242,0
2024,safety-driver,Zoox,~9130,1065.228,0
2024,safety-driver,Zoox,~9142,327.587,1
2024,safety-driver,Zoox,~9188,0.0,0
2024,safety-driver,Zoox,~9205,0.0,0
2024,safety-driver,Zoox,~9210,0.0,0
2024,safety-driver,Zoox,~9261,0.0,0
2024,safety-driver,Zoox,~9290,0.0,0
2024,safety-driver,Zoox,~9324,0.0,0
2024,safety-driver,Zoox,~9325,0.0,0
2024,safety-driver,Zoox,~9329,0.0,0
2024,safety-driver,Zoox,~9345,0.0,0
2024,safety-driver,Zoox,~9369,0.0,0
2024,safety-driver,Zoox,~9386,0.0,0
2024,safety-driver,Zoox,~9390,0.0,0
2024,safety-driver,Zoox,~9437,2065.374,0
2024,safety-driver,Zoox,~9454,0.0,0
2024,safety-driver,Zoox,~9493,0.0,0
2024,safety-driver,Zoox,~9501,5715.184,0
2024,safety-driver,Zoox,~9539,0.0,0
2024,safety-driver,Zoox,~9556,7339.833,2
2024,safety-driver,Zoox,~9578,0.0,0
2024,safety-driver,Zoox,~9609,0.0,0
2024,safety-driver,Zoox,~9639,5108.248,0
2024,safety-driver,Zoox,~9725,158.487,0
2024,safety-driver,Zoox,~9729,67.668,0
2024,safety-driver,Zoox,~9740,11247.029,0
2024,safety-driver,Zoox,~9765,0.0,0
2024,safety-driver,Zoox,~9781,213.067,0
2024,safety-driver,Zoox,~9819,11278.442,0
2024,safety-driver,Zoox,~9851,0.0,0
2024,safety-driver,Zoox,~9908,0.0,0
2024,safety-driver,Zoox,~9989,0.0,0
2024,safety-driver,aiMotive,1C4RJYB64P8914902,1249.98,68
2024,safety-driver,aiMotive,4T1B21HK3KU514477,1880.37,75
2024,safety-driver,aiMotive,4T1B21HK6KU514747,614.18,45
