city,cell_id,metric,benchmark_count,human_miles,waymo_miles
LOS_ANGELES,9278157763509223424,airbag,8.0,15792269.479211029,3554.0686435522975
LOS_ANGELES,9278159137898758144,airbag,4.0,27792969.33098808,3114.071081001338
LOS_ANGELES,9278159172258496512,airbag,0.0,8259717.172426751,0.06223591475232433
LOS_ANGELES,9278159206618234880,airbag,6.0,10357629.800613277,7084.111169004135
LOS_ANGELES,9278159240977973248,airbag,5.0,7464655.017376406,3555.886612082246
LOS_ANGELES,9278159275337711616,airbag,12.0,11324322.745925948,28159.744929353164
LOS_ANGELES,9278159309697449984,airbag,1.0,13274764.524209158,22344.744044716463
LOS_ANGELES,9278159344057188352,airbag,5.0,33065398.799584314,16318.063732230534
LOS_ANGELES,9278159378416926720,airbag,20.923667153284672,29671499.360535305,56927.49287991397
LOS_ANGELES,9278159412776665088,airbag,75.84733430656934,39927383.02695127,36213.612879929555
LOS_ANGELES,9278159790733787136,airbag,8.0,4560353.764220921,5492.7899336679
LOS_ANGELES,9278172194599337984,airbag,0.0,2443550.8532125647,1929.3206492798747
LOS_ANGELES,9278172228959076352,airbag,0.0,1247581.9710565577,788.9007396520989
LOS_ANGELES,9278172263318814720,airbag,5.0,28319772.749182645,6559.326014942575
LOS_ANGELES,9278172297678553088,airbag,0.0,13254730.195495386,703.5010014521027
LOS_ANGELES,9278172332038291456,airbag,4.0,17827483.04744671,3068.6587746587543
LOS_ANGELES,9278172366398029824,airbag,2.0,6259657.24800152,4842.219078663765
LOS_ANGELES,9278172400757768192,airbag,6.0,12991225.106670395,13175.170684758681
LOS_ANGELES,9278172435117506560,airbag,4.0,19576413.252362795,25325.17621040068
LOS_ANGELES,9278172469477244928,airbag,1.0,15312063.594528256,4104.509997007088
LOS_ANGELES,9278172538196721664,airbag,0.0,12885761.615382373,3653.0226453578034
LOS_ANGELES,9278172572556460032,airbag,3.0,28659782.441410188,6272.566555161513
LOS_ANGELES,9278172606916198400,airbag,7.0,31052654.683671113,124.48210996424511
LOS_ANGELES,9278172709995413504,airbag,6.0,20775655.640957627,1564.4485929929765
LOS_ANGELES,9278178585510674432,airbag,25.923667153284672,14280811.633272689,4.783449164028181
LOS_ANGELES,9278178619870412800,airbag,22.0,20339732.92277274,6.149180854532402
LOS_ANGELES,9278178654230151168,airbag,42.0,17277373.74416092,13.821698292428866
LOS_ANGELES,9278178688589889536,airbag,42.0,15968789.735214802,18.530485570008924
LOS_ANGELES,9278179135266488320,airbag,12.0,12980717.68297934,2.750364358445602
LOS_ANGELES,9278179238345703424,airbag,21.0,22298096.638434313,920.2904361014779
LOS_ANGELES,9278179272705441792,airbag,20.923667153284672,8235864.033777005,25372.40075000087
LOS_ANGELES,9278179307065180160,airbag,31.0,11223895.291945247,6944.456894111531
LOS_ANGELES,9278179341424918528,airbag,39.92366715328467,16473019.919521311,5414.033660119643
LOS_ANGELES,9278179375784656896,airbag,24.0,14707396.111490078,1910.7980797556934
LOS_ANGELES,9278179410144395264,airbag,66.84733430656934,30238904.427443333,483.39663537218235
LOS_ANGELES,9278179478863872000,airbag,23.0,8610471.303995924,0.3098160690113669
LOS_ANGELES,9278179513223610368,airbag,29.923667153284672,22728675.115193263,21720.521648390655
LOS_ANGELES,9278179547583348736,airbag,26.0,26375163.69201829,16762.244245538142
LOS_ANGELES,9278179581943087104,airbag,5.0,17643708.21761369,4708.388716325096
LOS_ANGELES,9278179616302825472,airbag,4.0,17729207.53667208,1944.4794791756035
LOS_ANGELES,9278179650662563840,airbag,24.0,17284471.682681095,19090.599111518426
LOS_ANGELES,9278179685022302208,airbag,22.0,27142941.763586074,20684.369043872437
LOS_ANGELES,9278179719382040576,airbag,4.0,12017178.915086808,17156.197182068918
LOS_ANGELES,9278179753741778944,airbag,6.0,20227196.79926225,1679.7807410573093
LOS_ANGELES,9278179856820994048,airbag,19.0,19775501.88745534,0.37411678357503747
LOS_ANGELES,9278180509656023040,airbag,17.923667153284672,33776315.66891059,3008.2344110576187
LOS_ANGELES,9278180544015761408,airbag,12.923667153284672,36084739.18852524,14042.325193841032
LOS_ANGELES,9278180578375499776,airbag,2.0,13899611.4885475,8368.384017221557
LOS_ANGELES,9278180612735238144,airbag,8.847334306569344,25304818.96696029,510.07176160751874
LOS_ANGELES,9278180715814453248,airbag,16.771001459854016,20800519.05931362,1461.7194401637196
LOS_ANGELES,9278180750174191616,airbag,12.0,12989969.20719385,7691.445778575404
LOS_ANGELES,9278180784533929984,airbag,3.0,13002569.564111514,20865.60830892231
LOS_ANGELES,9278180818893668352,airbag,20.923667153284672,24372905.6973422,22850.999082887443
LOS_ANGELES,9278180853253406720,airbag,7.0,18673824.34801599,13800.966526429564
LOS_ANGELES,9278180887613145088,airbag,21.847334306569344,24030140.247369092,38828.386124081524
LOS_ANGELES,9278180921972883456,airbag,21.847334306569344,24516582.883305177,32386.745484818784
LOS_ANGELES,9278180956332621824,airbag,12.847334306569344,11043222.178343622,17125.151132606472
LOS_ANGELES,9278180990692360192,airbag,10.923667153284672,35536697.46047453,24139.22814344566
LOS_ANGELES,9278181025052098560,airbag,21.542002919708032,45426034.91511943,46619.68345514378
LOS_ANGELES,9278181059411836928,airbag,31.923667153284672,40625169.05404779,43442.250989834516
LOS_ANGELES,9278181093771575296,airbag,16.0,36740177.90652192,32629.411851793564
LOS_ANGELES,9278181128131313664,airbag,16.0,45287631.708495826,33195.92673971727
LOS_ANGELES,9278181162491052032,airbag,14.923667153284672,44322762.1595861,33555.4411000382
LOS_ANGELES,9278181196850790400,airbag,19.0,32110043.400984365,17864.092688115856
LOS_ANGELES,9278181231210528768,airbag,8.0,35070743.98912507,5447.439404377141
LOS_ANGELES,9278181265570267136,airbag,19.847334306569344,19003155.726699848,13514.938721342858
LOS_ANGELES,9278181299930005504,airbag,7.847334306569344,25437740.87480644,18882.196535344126
LOS_ANGELES,9278181334289743872,airbag,5.0,30075824.772803247,38640.70690831914
LOS_ANGELES,9278181368649482240,airbag,9.923667153284672,22804536.688278757,20312.982150675954
LOS_ANGELES,9278181403009220608,airbag,13.771001459854016,30966697.050112627,43288.02203551828
LOS_ANGELES,9278181437368958976,airbag,14.0,27499488.739143305,38968.55101735121
LOS_ANGELES,9278181471728697344,airbag,14.0,39797037.69965273,31494.215445693288
LOS_ANGELES,9278181506088435712,airbag,5.0,37703631.971214265,31300.106645981483
LOS_ANGELES,9278181540448174080,airbag,12.0,30524307.097140048,39949.06291101819
LOS_ANGELES,9278181574807912448,airbag,14.0,27549519.792798072,53480.55035918627
LOS_ANGELES,9278181609167650816,airbag,13.0,18215425.35038997,51116.547237869636
LOS_ANGELES,9278181643527389184,airbag,10.0,19739692.45566708,47471.18741790872
LOS_ANGELES,9278181677887127552,airbag,16.923667153284672,18402881.66277809,49770.0852540799
LOS_ANGELES,9278181712246865920,airbag,7.0,25741067.568368778,42486.46771379034
LOS_ANGELES,9278181746606604288,airbag,6.0,27995277.078053568,35228.36628870185
LOS_ANGELES,9278181780966342656,airbag,0.0,21723746.224014696,32635.15901814941
LOS_ANGELES,9278181815326081024,airbag,9.0,26785404.22997757,57563.02746377008
LOS_ANGELES,9278181849685819392,airbag,11.0,36889579.25983392,62881.866339090346
LOS_ANGELES,9278181884045557760,airbag,17.0,41249174.1947163,60377.239792880515
LOS_ANGELES,9278181918405296128,airbag,21.0,43314970.6528466,57093.1090561825
LOS_ANGELES,9278181952765034496,airbag,25.0,26967639.41914767,27889.034063408744
LOS_ANGELES,9278181987124772864,airbag,26.0,22221569.3700267,66597.13214539117
LOS_ANGELES,9278182021484511232,airbag,1.0,14806731.622311393,18731.564925706174
LOS_ANGELES,9278182055844249600,airbag,10.0,24353007.451382812,35420.22901388157
LOS_ANGELES,9278182090203987968,airbag,15.923667153284672,27594935.829689343,52206.99954301986
LOS_ANGELES,9278182124563726336,airbag,5.0,17470870.734192826,17861.426992917368
LOS_ANGELES,9278182158923464704,airbag,2.0,25673968.519000545,77510.43080841066
LOS_ANGELES,9278182193283203072,airbag,4.0,13362957.565419475,23770.912801743627
LOS_ANGELES,9278182227642941440,airbag,4.923667153284672,18192490.85133222,10955.902726427283
LOS_ANGELES,9278182262002679808,airbag,8.0,27928333.478772238,42943.9149617274
LOS_ANGELES,9278182296362418176,airbag,11.0,15986915.191752004,21478.74623024347
LOS_ANGELES,9278182330722156544,airbag,20.923667153284672,17805707.59534013,22197.886333164548
LOS_ANGELES,9278182365081894912,airbag,21.771001459854016,22251421.910102587,14440.11479328565
LOS_ANGELES,9278182399441633280,airbag,5.0,14517683.978473404,17746.415263257557
LOS_ANGELES,9278182468161110016,airbag,4.0,14087025.661685096,222.05054027793042
LOS_ANGELES,9278182639959801856,airbag,0.0,9753101.216426672,9211.357668848195
LOS_ANGELES,9278182708679278592,airbag,4.0,17807101.984329518,23354.91053210552
LOS_ANGELES,9278182743039016960,airbag,0.0,11238401.56208585,7959.986673879355
LOS_ANGELES,9278182777398755328,airbag,7.0,20625389.062846534,19467.853208363093
LOS_ANGELES,9278182811758493696,airbag,4.0,12481817.002260901,14752.436819535807
LOS_ANGELES,9278182846118232064,airbag,4.0,13391157.373027084,8596.362949926153
LOS_ANGELES,9278182880477970432,airbag,2.0,27346486.914295707,47484.406341987924
LOS_ANGELES,9278182914837708800,airbag,3.0,19843193.693584293,28234.83447307058
LOS_ANGELES,9278182949197447168,airbag,5.0,30077358.795427017,21740.244391116074
LOS_ANGELES,9278182983557185536,airbag,5.847334306569344,23424678.688542403,31058.364130398717
LOS_ANGELES,9278183017916923904,airbag,0.0,18350428.02342749,24900.31785323657
LOS_ANGELES,9278183052276662272,airbag,4.0,22861606.854882903,20118.0126935819
LOS_ANGELES,9278183086636400640,airbag,1.0,27060742.362198234,32115.72145069987
LOS_ANGELES,9278183120996139008,airbag,2.0,23159171.352559425,17316.195430065436
LOS_ANGELES,9278183155355877376,airbag,4.0,29950805.534726553,20585.93176923131
LOS_ANGELES,9278183189715615744,airbag,4.0,17450121.29464267,13770.633573051868
LOS_ANGELES,9278183224075354112,airbag,9.0,15894326.642632373,7661.166970200125
LOS_ANGELES,9278183258435092480,airbag,9.923667153284672,19507597.204846013,9066.451825309287
LOS_ANGELES,9278183292794830848,airbag,19.0,29975410.478415497,23231.820208383047
LOS_ANGELES,9278183327154569216,airbag,12.0,26353017.843969665,37758.43062470337
LOS_ANGELES,9278183361514307584,airbag,24.0,5862098.841462032,10954.505305198503
LOS_ANGELES,9278183395874045952,airbag,0.0,3885477.6272276016,4004.0781628153695
LOS_ANGELES,9278183464593522688,airbag,0.0,51038.21837521174,96.16144440012792
LOS_ANGELES,9278183498953261056,airbag,13.0,15891152.278604535,29462.71116621131
LOS_ANGELES,9278183533312999424,airbag,7.0,18031601.359006807,21782.235001967303
LOS_ANGELES,9278183567672737792,airbag,8.923667153284672,8012610.38614307,21724.933936930538
LOS_ANGELES,9278183602032476160,airbag,13.923667153284672,19734631.747852013,36720.41660690615
LOS_ANGELES,9278183636392214528,airbag,14.0,14916040.26812593,16766.71451030431
LOS_ANGELES,9278183670751952896,airbag,3.0,10911903.911714323,9611.247033705455
LOS_ANGELES,9278183705111691264,airbag,1.923667153284672,20596121.843910433,8213.398850844636
LOS_ANGELES,9278183739471429632,airbag,2.0,13818847.456840355,12810.05598113049
LOS_ANGELES,9278183773831168000,airbag,4.0,14206245.882676529,16284.191842677492
LOS_ANGELES,9278183808190906368,airbag,6.0,28702444.278962404,38616.41645762758
LOS_ANGELES,9278183842550644736,airbag,12.0,31974516.71397249,100719.95634986083
LOS_ANGELES,9278183876910383104,airbag,11.0,24433710.443851,75256.39033744363
LOS_ANGELES,9278183911270121472,airbag,6.0,12822429.768351687,21260.79987481674
LOS_ANGELES,9278183945629859840,airbag,15.0,17428136.386974722,39049.76279538288
LOS_ANGELES,9278183979989598208,airbag,20.0,19037926.969158158,48954.533544211976
LOS_ANGELES,9278184014349336576,airbag,26.0,21702463.07058877,47910.90739127615
LOS_ANGELES,9278184048709074944,airbag,17.0,20205625.360721674,23354.531728059734
LOS_ANGELES,9278184083068813312,airbag,28.0,25612866.46158356,51199.22298967133
LOS_ANGELES,9278184117428551680,airbag,28.0,21163031.8147453,38861.70290055055
LOS_ANGELES,9278184151788290048,airbag,3.0,7216232.264826061,4993.051026878625
LOS_ANGELES,9278184186148028416,airbag,1.0,17702065.036761984,28030.160915199634
LOS_ANGELES,9278184220507766784,airbag,11.923667153284672,24367518.908999413,25961.156923000843
LOS_ANGELES,9278184254867505152,airbag,2.0,24620026.21735934,49890.098801135246
LOS_ANGELES,9278184289227243520,airbag,12.923667153284672,25384195.566254362,43170.09431884934
LOS_ANGELES,9278184323586981888,airbag,5.0,24351145.112795003,31579.586911980998
LOS_ANGELES,9278184357946720256,airbag,0.0,15649250.290723594,26226.656448754966
LOS_ANGELES,9278184392306458624,airbag,5.0,16884098.99320222,51264.042853686835
LOS_ANGELES,9278184426666196992,airbag,0.0,22434124.774780225,76053.2774674744
LOS_ANGELES,9278184461025935360,airbag,12.847334306569344,31424221.61740878,86094.70399568805
LOS_ANGELES,9278184495385673728,airbag,16.0,27932401.283578094,47615.20244887027
LOS_ANGELES,9278184529745412096,airbag,8.0,20985738.406804506,28241.779914598006
LOS_ANGELES,9278184564105150464,airbag,6.0,25998432.040112466,18537.488539977792
LOS_ANGELES,9278184598464888832,airbag,2.0,24409629.806245096,19815.00186139404
LOS_ANGELES,9278184632824627200,airbag,2.0,5373770.119283971,5098.84706393318
LOS_ANGELES,9278184667184365568,airbag,1.0,17187934.81233487,25354.10733284795
LOS_ANGELES,9278184701544103936,airbag,1.0,16840997.91965372,30778.029944209036
LOS_ANGELES,9278184770263580672,airbag,18.923667153284672,13771137.231801143,50208.27030376525
LOS_ANGELES,9278184804623319040,airbag,4.0,18273739.691654176,35538.21177720374
LOS_ANGELES,9278184838983057408,airbag,19.0,29094494.73160465,70495.21905034495
LOS_ANGELES,9278184873342795776,airbag,18.0,17387157.60595121,38621.209419727194
LOS_ANGELES,9278184907702534144,airbag,33.847334306569344,24654560.153063398,56451.799886999164
LOS_ANGELES,9278184942062272512,airbag,50.847334306569344,15355918.829328928,26138.46592579175
LOS_ANGELES,9278185388738871296,airbag,0.0,14740612.53297988,11749.758429949025
LOS_ANGELES,9278185423098609664,airbag,3.923667153284672,28161715.507138222,15510.73636703395
LOS_ANGELES,9278185457458348032,airbag,0.0,26265035.12063613,15016.108483171309
LOS_ANGELES,9278185491818086400,airbag,3.0,15425867.563880887,668.9034408327653
LOS_ANGELES,9278185526177824768,airbag,6.0,16874305.40617799,1876.6385812133178
LOS_ANGELES,9278185560537563136,airbag,3.0,6366746.983506982,2439.180262862361
LOS_ANGELES,9278185594897301504,airbag,0.0,17224989.427420683,3598.920467788753
LOS_ANGELES,9278185629257039872,airbag,9.923667153284672,19914901.724423546,3347.6546281486208
LOS_ANGELES,9278187793920557056,airbag,37.92366715328467,19611626.68810848,8982.948171777398
LOS_ANGELES,9278187828280295424,airbag,35.0,30369060.64348091,59484.44576170498
LOS_ANGELES,9278187862640033792,airbag,25.923667153284672,22755493.80732583,52246.56680934805
LOS_ANGELES,9278187896999772160,airbag,75.92366715328467,35910799.2727093,23752.5654507502
LOS_ANGELES,9278187931359510528,airbag,47.84733430656934,43205629.5823952,17986.712232985625
LOS_ANGELES,9278187965719248896,airbag,13.0,26049531.339408644,28453.654255615536
LOS_ANGELES,9278188000078987264,airbag,23.0,30627173.97063519,32220.053302646917
LOS_ANGELES,9278188034438725632,airbag,8.923667153284672,32623302.84012014,1877.90375176702
LOS_ANGELES,9278188309316632576,airbag,17.0,9573203.574188739,9.49834638977049
LOS_ANGELES,9278188343676370944,airbag,14.847334306569344,41889462.408941746,16866.041575115152
LOS_ANGELES,9278188378036109312,airbag,32.0,35601482.646624625,37371.129661485546
LOS_ANGELES,9278188412395847680,airbag,18.923667153284672,41426081.27542601,26269.38361524687
LOS_ANGELES,9278188446755586048,airbag,31.847334306569344,46446122.964330874,9981.000420664936
LOS_ANGELES,9278188481115324416,airbag,18.847334306569344,15141414.460803462,1902.5137812991343
LOS_ANGELES,9278188515475062784,airbag,32.847334306569344,27062804.682541188,11055.418171386522
LOS_ANGELES,9278188549834801152,airbag,23.61833576642336,28585708.62263802,2508.3149163956277
LOS_ANGELES,9278188584194539520,airbag,4.0,19450947.054845646,16.547617315341345
LOS_ANGELES,9278195971538288640,airbag,11.847334306569344,14880864.982115082,6.669585651501921
LOS_ANGELES,9278196005898027008,airbag,5.0,12880196.10615909,76.44314777468156
LOS_ANGELES,9278196040257765376,airbag,6.0,21394082.277511854,11554.748305764082
LOS_ANGELES,9278196074617503744,airbag,7.0,25820241.171973784,11565.44965471994
LOS_ANGELES,9278196108977242112,airbag,21.847334306569344,33062028.78511641,21445.03731125236
LOS_ANGELES,9278196143336980480,airbag,11.923667153284672,39015379.85164584,17375.766980872577
LOS_ANGELES,9278196177696718848,airbag,27.847334306569344,26764994.684339892,6748.317157060641
LOS_ANGELES,9278196212056457216,airbag,24.771001459854016,50907325.87659054,37123.59807925866
LOS_ANGELES,9278196246416195584,airbag,14.0,37434674.92187685,8266.789293435702
LOS_ANGELES,9278196280775933952,airbag,7.923667153284672,23333019.3587181,1962.480110179661
LOS_ANGELES,9278196967970701312,airbag,1.0,15872304.579055471,307.7328517319064
LOS_ANGELES,9278197002330439680,airbag,11.923667153284672,30607859.276720636,3282.9960453811273
LOS_ANGELES,9278197036690178048,airbag,20.923667153284672,31036886.01460258,18408.72630527672
LOS_ANGELES,9278197071049916416,airbag,1.0,28318086.594362553,641.5159535289533
LOS_ANGELES,9278197277208346624,airbag,1.0,16335570.290210336,136.64062764125885
LOS_ANGELES,9278197345927823360,airbag,4.0,16420386.991256917,2.094784921245317
LOS_ANGELES,9278197380287561728,airbag,10.923667153284672,12224354.24444935,5692.753522184793
LOS_ANGELES,9278197414647300096,airbag,16.0,28148656.108949482,17373.21274643107
LOS_ANGELES,9278197449007038464,airbag,11.847334306569344,41035508.45740118,13079.933769007312
LOS_ANGELES,9278197483366776832,airbag,20.0,35112978.93908095,21222.30117067348
LOS_ANGELES,9278197517726515200,airbag,33.77100145985402,25200734.510819614,25327.033767943674
LOS_ANGELES,9278197552086253568,airbag,12.923667153284672,30362476.082436156,34542.70379646195
LOS_ANGELES,9278197586445991936,airbag,21.0,23829403.69622721,21781.738503196884
LOS_ANGELES,9278197620805730304,airbag,21.771001459854016,22945914.05816554,36720.99996387913
LOS_ANGELES,9278197655165468672,airbag,23.923667153284672,28657586.57468863,37703.734966711585
LOS_ANGELES,9278197689525207040,airbag,35.77100145985401,27069494.480707634,29993.50033651442
LOS_ANGELES,9278197723884945408,airbag,9.923667153284672,28025843.03516332,22886.587193599236
LOS_ANGELES,9278197758244683776,airbag,40.847334306569344,35363497.922875024,48611.515005756686
LOS_ANGELES,9278197792604422144,airbag,12.0,41144087.45104134,32612.559842162736
LOS_ANGELES,9278197826964160512,airbag,31.847334306569344,34632546.529419474,28548.02101853982
LOS_ANGELES,9278197861323898880,airbag,34.69466861313869,48935938.01782932,39514.44757825979
LOS_ANGELES,9278197895683637248,airbag,23.771001459854016,25535750.03069182,16555.251755698966
LOS_ANGELES,9278197930043375616,airbag,28.69466861313869,33690226.69039634,25131.819714966197
LOS_ANGELES,9278197964403113984,airbag,19.847334306569344,22700055.149178043,16423.84740100668
LOS_ANGELES,9278197998762852352,airbag,4.0,14882439.682844916,37887.23425748111
LOS_ANGELES,9278198033122590720,airbag,7.0,29560863.539790757,26581.220409475583
LOS_ANGELES,9278198067482329088,airbag,8.0,22544766.632064965,8914.821453542154
LOS_ANGELES,9278198101842067456,airbag,22.771001459854016,21635510.023165807,510.12565393228743
LOS_ANGELES,9278198136201805824,airbag,30.847334306569344,30071515.89955155,2841.3515637223427
LOS_ANGELES,9278198548518666240,airbag,25.923667153284672,21687099.124290116,2.7886541264130615
LOS_ANGELES,9278198582878404608,airbag,11.847334306569344,26588296.315247666,6586.933220337938
LOS_ANGELES,9278198617238142976,airbag,9.847334306569344,20127641.859791085,1400.1755663999575
LOS_ANGELES,9278198651597881344,airbag,10.923667153284672,19525056.147515103,1954.5529831415413
LOS_ANGELES,9278198754677096448,airbag,12.923667153284672,25358887.380125485,1088.8874492376083
LOS_ANGELES,9278198789036834816,airbag,10.847334306569344,21247848.951785937,48.2952878381077
LOS_ANGELES,9278157763509223424,blincoe_any_injury,11.747430249632881,15792269.479211029,3554.0686435522975
LOS_ANGELES,9278159137898758144,blincoe_any_injury,8.34214390602055,27792969.33098808,3114.071081001338
LOS_ANGELES,9278159172258496512,blincoe_any_injury,0.0,8259717.172426751,0.06223591475232433
LOS_ANGELES,9278159206618234880,blincoe_any_injury,10.27900146842877,10357629.800613277,7084.111169004135
LOS_ANGELES,9278159240977973248,blincoe_any_injury,8.81057268722466,7464655.017376406,3555.886612082246
LOS_ANGELES,9278159275337711616,blincoe_any_injury,36.4865408319667,11324322.745925948,28159.744929353164
LOS_ANGELES,9278159309697449984,blincoe_any_injury,16.152716593245213,13274764.524209158,22344.744044716463
LOS_ANGELES,9278159344057188352,blincoe_any_injury,24.494860499265766,33065398.799584314,16318.063732230534
LOS_ANGELES,9278159378416926720,blincoe_any_injury,87.76945882504253,29671499.360535305,56927.49287991397
LOS_ANGELES,9278159412776665088,blincoe_any_injury,211.84391726207622,39927383.02695127,36213.612879929555
LOS_ANGELES,9278159790733787136,blincoe_any_injury,16.152716593245213,4560353.764220921,5492.7899336679
LOS_ANGELES,9278172194599337984,blincoe_any_injury,2.93685756240822,2443550.8532125647,1929.3206492798747
LOS_ANGELES,9278172228959076352,blincoe_any_injury,1.46842878120411,1247581.9710565577,788.9007396520989
LOS_ANGELES,9278172263318814720,blincoe_any_injury,10.27900146842877,28319772.749182645,6559.326014942575
LOS_ANGELES,9278172297678553088,blincoe_any_injury,0.0,13254730.195495386,703.5010014521027
LOS_ANGELES,9278172332038291456,blincoe_any_injury,2.93685756240822,17827483.04744671,3068.6587746587543
LOS_ANGELES,9278172366398029824,blincoe_any_injury,1.46842878120411,6259657.24800152,4842.219078663765
LOS_ANGELES,9278172400757768192,blincoe_any_injury,7.23005455695252,12991225.106670395,13175.170684758681
LOS_ANGELES,9278172435117506560,blincoe_any_injury,7.342143906020549,19576413.252362795,25325.17621040068
LOS_ANGELES,9278172469477244928,blincoe_any_injury,4.40528634361233,15312063.594528256,4104.509997007088
LOS_ANGELES,9278172538196721664,blincoe_any_injury,0.0,12885761.615382373,3653.0226453578034
LOS_ANGELES,9278172572556460032,blincoe_any_injury,5.87371512481644,28659782.441410188,6272.566555161513
LOS_ANGELES,9278172606916198400,blincoe_any_injury,18.865395457517373,31052654.683671113,124.48210996424511
LOS_ANGELES,9278172709995413504,blincoe_any_injury,8.69848333815663,20775655.640957627,1564.4485929929765
LOS_ANGELES,9278178585510674432,blincoe_any_injury,39.64757709251098,14280811.633272689,4.783449164028181
LOS_ANGELES,9278178619870412800,blincoe_any_injury,44.05286343612331,20339732.92277274,6.149180854532402
LOS_ANGELES,9278178654230151168,blincoe_any_injury,45.29711351919136,17277373.74416092,13.821698292428866
LOS_ANGELES,9278178688589889536,blincoe_any_injury,65.14243759177674,15968789.735214802,18.530485570008924
LOS_ANGELES,9278179135266488320,blincoe_any_injury,20.333824238721483,12980717.68297934,2.750364358445602
LOS_ANGELES,9278179238345703424,blincoe_any_injury,43.82868473798725,22298096.638434313,920.2904361014779
LOS_ANGELES,9278179272705441792,blincoe_any_injury,27.78805749381007,8235864.033777005,25372.40075000087
LOS_ANGELES,9278179307065180160,blincoe_any_injury,43.116005873715096,11223895.291945247,6944.456894111531
LOS_ANGELES,9278179341424918528,blincoe_any_injury,57.04454376882425,16473019.919521311,5414.033660119643
LOS_ANGELES,9278179375784656896,blincoe_any_injury,32.305433186490426,14707396.111490078,1910.7980797556934
LOS_ANGELES,9278179410144395264,blincoe_any_injury,86.30103004383842,30238904.427443333,483.39663537218235
LOS_ANGELES,9278179478863872000,blincoe_any_injury,24.963289280469876,8610471.303995924,0.3098160690113669
LOS_ANGELES,9278179513223610368,blincoe_any_injury,39.53548774344295,22728675.115193263,21720.521648390655
LOS_ANGELES,9278179547583348736,blincoe_any_injury,35.13020139983062,26375163.69201829,16762.244245538142
LOS_ANGELES,9278179581943087104,blincoe_any_injury,14.684287812041102,17643708.21761369,4708.388716325096
LOS_ANGELES,9278179616302825472,blincoe_any_injury,7.342143906020549,17729207.53667208,1944.4794791756035
LOS_ANGELES,9278179650662563840,blincoe_any_injury,39.53548774344295,17284471.682681095,19090.599111518426
LOS_ANGELES,9278179685022302208,blincoe_any_injury,41.19921969623886,27142941.763586074,20684.369043872437
LOS_ANGELES,9278179719382040576,blincoe_any_injury,8.698483338156631,12017178.915086808,17156.197182068918
LOS_ANGELES,9278179753741778944,blincoe_any_injury,7.23005455695252,20227196.79926225,1679.7807410573093
LOS_ANGELES,9278179856820994048,blincoe_any_injury,35.13020139983062,19775501.88745534,0.37411678357503747
LOS_ANGELES,9278180509656023040,blincoe_any_injury,31.940289612742085,33776315.66891059,3008.2344110576187
LOS_ANGELES,9278180544015761408,blincoe_any_injury,32.34807066465157,36084739.18852524,14042.325193841032
LOS_ANGELES,9278180578375499776,blincoe_any_injury,16.04062724417718,13899611.4885475,8368.384017221557
LOS_ANGELES,9278180612735238144,blincoe_any_injury,40.443469779306916,25304818.96696029,510.07176160751874
LOS_ANGELES,9278180715814453248,blincoe_any_injury,44.835565713795695,20800519.05931362,1461.7194401637196
LOS_ANGELES,9278180750174191616,blincoe_any_injury,29.95597473016279,12989969.20719385,7691.445778575404
LOS_ANGELES,9278180784533929984,blincoe_any_injury,14.572198462973072,13002569.564111514,20865.60830892231
LOS_ANGELES,9278180818893668352,blincoe_any_injury,53.210971413871796,24372905.6973422,22850.999082887443
LOS_ANGELES,9278180853253406720,blincoe_any_injury,11.523251551496822,18673824.34801599,13800.966526429564
LOS_ANGELES,9278180887613145088,blincoe_any_injury,35.32550457142242,24030140.247369092,38828.386124081524
LOS_ANGELES,9278180921972883456,blincoe_any_injury,42.479226281659614,24516582.883305177,32386.745484818784
LOS_ANGELES,9278180956332621824,blincoe_any_injury,28.583950180606,11043222.178343622,17125.151132606472
LOS_ANGELES,9278180990692360192,blincoe_any_injury,26.20753936353793,35536697.46047453,24139.22814344566
LOS_ANGELES,9278181025052098560,blincoe_any_injury,66.31474109564076,45426034.91511943,46619.68345514378
LOS_ANGELES,9278181059411836928,blincoe_any_injury,102.71175867176858,40625169.05404779,43442.250989834516
LOS_ANGELES,9278181093771575296,blincoe_any_injury,19.08957415565343,36740177.90652192,32629.411851793564
LOS_ANGELES,9278181128131313664,blincoe_any_injury,30.3886470090142,45287631.708495826,33195.92673971727
LOS_ANGELES,9278181162491052032,blincoe_any_injury,39.898708151387474,44322762.1595861,33555.4411000382
LOS_ANGELES,9278181196850790400,blincoe_any_injury,41.91189856051103,32110043.400984365,17864.092688115856
LOS_ANGELES,9278181231210528768,blincoe_any_injury,58.05581101214398,35070743.98912507,5447.439404377141
LOS_ANGELES,9278181265570267136,blincoe_any_injury,38.430279370183364,19003155.726699848,13514.938721342858
LOS_ANGELES,9278181299930005504,blincoe_any_injury,15.816448546041121,25437740.87480644,18882.196535344126
LOS_ANGELES,9278181334289743872,blincoe_any_injury,12.747430249632881,30075824.772803247,38640.70690831914
LOS_ANGELES,9278181368649482240,blincoe_any_injury,36.15027278476261,22804536.688278757,20312.982150675954
LOS_ANGELES,9278181403009220608,blincoe_any_injury,21.802253019925594,30966697.050112627,43288.02203551828
LOS_ANGELES,9278181437368958976,blincoe_any_injury,30.83700440528632,27499488.739143305,38968.55101735121
LOS_ANGELES,9278181471728697344,blincoe_any_injury,44.716595388919224,39797037.69965273,31494.215445693288
LOS_ANGELES,9278181506088435712,blincoe_any_injury,11.411162202428791,37703631.971214265,31300.106645981483
LOS_ANGELES,9278181540448174080,blincoe_any_injury,23.158592452061676,30524307.097140048,39949.06291101819
LOS_ANGELES,9278181574807912448,blincoe_any_injury,38.506612216898695,27549519.792798072,53480.55035918627
LOS_ANGELES,9278181609167650816,blincoe_any_injury,19.740115699325795,18215425.35038997,51116.547237869636
LOS_ANGELES,9278181643527389184,blincoe_any_injury,18.753306108449344,19739692.45566708,47471.18741790872
LOS_ANGELES,9278181677887127552,blincoe_any_injury,33.325504571422414,18402881.66277809,49770.0852540799
LOS_ANGELES,9278181712246865920,blincoe_any_injury,21.802253019925597,25741067.568368778,42486.46771379034
LOS_ANGELES,9278181746606604288,blincoe_any_injury,27.56387879567401,27995277.078053568,35228.36628870185
LOS_ANGELES,9278181780966342656,blincoe_any_injury,12.8795909836329,21723746.224014696,32635.15901814941
LOS_ANGELES,9278181815326081024,blincoe_any_injury,28.26336725082262,26785404.22997757,57563.02746377008
LOS_ANGELES,9278181849685819392,blincoe_any_injury,33.66177261862651,36889579.25983392,62881.866339090346
LOS_ANGELES,9278181884045557760,blincoe_any_injury,65.61086637298085,41249174.1947163,60377.239792880515
LOS_ANGELES,9278181918405296128,blincoe_any_injury,52.639257425211916,43314970.6528466,57093.1090561825
LOS_ANGELES,9278181952765034496,blincoe_any_injury,112.73274810551241,26967639.41914767,27889.034063408744
LOS_ANGELES,9278181987124772864,blincoe_any_injury,87.76945882504253,22221569.3700267,66597.13214539117
LOS_ANGELES,9278182021484511232,blincoe_any_injury,8.69848333815663,14806731.622311393,18731.564925706174
LOS_ANGELES,9278182055844249600,blincoe_any_injury,30.612825707150257,24353007.451382812,35420.22901388157
LOS_ANGELES,9278182090203987968,blincoe_any_injury,40.66764847744297,27594935.829689343,52206.99954301986
LOS_ANGELES,9278182124563726336,blincoe_any_injury,15.684287812041102,17470870.734192826,17861.426992917368
LOS_ANGELES,9278182158923464704,blincoe_any_injury,7.117965207884491,25673968.519000545,77510.43080841066
LOS_ANGELES,9278182193283203072,blincoe_any_injury,4.40528634361233,13362957.565419475,23770.912801743627
LOS_ANGELES,9278182227642941440,blincoe_any_injury,30.22761074846992,18192490.85133222,10955.902726427283
LOS_ANGELES,9278182262002679808,blincoe_any_injury,11.63534090056485,27928333.478772238,42943.9149617274
LOS_ANGELES,9278182296362418176,blincoe_any_injury,25.55068838655046,15986915.191752004,21478.74623024347
LOS_ANGELES,9278182330722156544,blincoe_any_injury,63.938330278572685,17805707.59534013,22197.886333164548
LOS_ANGELES,9278182365081894912,blincoe_any_injury,52.854631981735714,22251421.910102587,14440.11479328565
LOS_ANGELES,9278182399441633280,blincoe_any_injury,14.572198462973073,14517683.978473404,17746.415263257557
LOS_ANGELES,9278182468161110016,blincoe_any_injury,15.816448546041125,14087025.661685096,222.05054027793042
LOS_ANGELES,9278182639959801856,blincoe_any_injury,4.40528634361233,9753101.216426672,9211.357668848195
LOS_ANGELES,9278182708679278592,blincoe_any_injury,10.27900146842877,17807101.984329518,23354.91053210552
LOS_ANGELES,9278182743039016960,blincoe_any_injury,14.572198462973072,11238401.56208585,7959.986673879355
LOS_ANGELES,9278182777398755328,blincoe_any_injury,14.103769681768961,20625389.062846534,19467.853208363093
LOS_ANGELES,9278182811758493696,blincoe_any_injury,12.991680332700932,12481817.002260901,14752.436819535807
LOS_ANGELES,9278182846118232064,blincoe_any_injury,8.81057268722466,13391157.373027084,8596.362949926153
LOS_ANGELES,9278182880477970432,blincoe_any_injury,14.460109113905043,27346486.914295707,47484.406341987924
LOS_ANGELES,9278182914837708800,blincoe_any_injury,10.054822770292711,19843193.693584293,28234.83447307058
LOS_ANGELES,9278182949197447168,blincoe_any_injury,23.270681801129708,30077358.795427017,21740.244391116074
LOS_ANGELES,9278182983557185536,blincoe_any_injury,15.928537895109153,23424678.688542403,31058.364130398717
LOS_ANGELES,9278183017916923904,blincoe_any_injury,14.684287812041102,18350428.02342749,24900.31785323657
LOS_ANGELES,9278183052276662272,blincoe_any_injury,1.0,22861606.854882903,20118.0126935819
LOS_ANGELES,9278183086636400640,blincoe_any_injury,9.5863939890886,27060742.362198234,32115.72145069987
LOS_ANGELES,9278183120996139008,blincoe_any_injury,3.9368575624082194,23159171.352559425,17316.195430065436
LOS_ANGELES,9278183155355877376,blincoe_any_injury,10.27900146842877,29950805.534726553,20585.93176923131
LOS_ANGELES,9278183189715615744,blincoe_any_injury,8.5863939890886,17450121.29464267,13770.633573051868
LOS_ANGELES,9278183224075354112,blincoe_any_injury,34.213415222354385,15894326.642632373,7661.166970200125
LOS_ANGELES,9278183258435092480,blincoe_any_injury,29.256486275014176,19507597.204846013,9066.451825309287
LOS_ANGELES,9278183292794830848,blincoe_any_injury,43.82868473798725,29975410.478415497,23231.820208383047
LOS_ANGELES,9278183327154569216,blincoe_any_injury,24.858080907210294,26353017.843969665,37758.43062470337
LOS_ANGELES,9278183361514307584,blincoe_any_injury,42.5844346549192,5862098.841462032,10954.505305198503
LOS_ANGELES,9278183395874045952,blincoe_any_injury,2.93685756240822,3885477.6272276016,4004.0781628153695
LOS_ANGELES,9278183464593522688,blincoe_any_injury,0.0,51038.21837521174,96.16144440012792
LOS_ANGELES,9278183498953261056,blincoe_any_injury,21.914342368993623,15891152.278604535,29462.71116621131
LOS_ANGELES,9278183533312999424,blincoe_any_injury,20.221734889653455,18031601.359006807,21782.235001967303
LOS_ANGELES,9278183567672737792,blincoe_any_injury,18.865395457517376,8012610.38614307,21724.933936930538
LOS_ANGELES,9278183602032476160,blincoe_any_injury,48.34606043066761,19734631.747852013,36720.41660690615
LOS_ANGELES,9278183636392214528,blincoe_any_injury,21.914342368993626,14916040.26812593,16766.71451030431
LOS_ANGELES,9278183670751952896,blincoe_any_injury,2.93685756240822,10911903.911714323,9611.247033705455
LOS_ANGELES,9278183705111691264,blincoe_any_injury,15.159597569053654,20596121.843910433,8213.398850844636
LOS_ANGELES,9278183739471429632,blincoe_any_injury,5.87371512481644,13818847.456840355,12810.05598113049
LOS_ANGELES,9278183773831168000,blincoe_any_injury,11.747430249632881,14206245.882676529,16284.191842677492
LOS_ANGELES,9278183808190906368,blincoe_any_injury,8.81057268722466,28702444.278962404,38616.41645762758
LOS_ANGELES,9278183842550644736,blincoe_any_injury,31.74498644115028,31974516.71397249,100719.95634986083
LOS_ANGELES,9278183876910383104,blincoe_any_injury,20.221734889653455,24433710.443851,75256.39033744363
LOS_ANGELES,9278183911270121472,blincoe_any_injury,14.572198462973073,12822429.768351687,21260.79987481674
LOS_ANGELES,9278183945629859840,blincoe_any_injury,38.17914831130687,17428136.386974722,39049.76279538288
LOS_ANGELES,9278183979989598208,blincoe_any_injury,55.800293685756195,19037926.969158158,48954.533544211976
LOS_ANGELES,9278184014349336576,blincoe_any_injury,112.48849802244436,21702463.07058877,47910.90739127615
LOS_ANGELES,9278184048709074944,blincoe_any_injury,63.14243759177675,20205625.360721674,23354.531728059734
LOS_ANGELES,9278184083068813312,blincoe_any_injury,55.10768620641603,25612866.46158356,51199.22298967133
LOS_ANGELES,9278184117428551680,blincoe_any_injury,69.01615271659318,21163031.8147453,38861.70290055055
LOS_ANGELES,9278184151788290048,blincoe_any_injury,7.342143906020549,7216232.264826061,4993.051026878625
LOS_ANGELES,9278184186148028416,blincoe_any_injury,2.93685756240822,17702065.036761984,28030.160915199634
LOS_ANGELES,9278184220507766784,blincoe_any_injury,30.27655765994617,24367518.908999413,25961.156923000843
LOS_ANGELES,9278184254867505152,blincoe_any_injury,17.284877327245233,24620026.21735934,49890.098801135246
LOS_ANGELES,9278184289227243520,blincoe_any_injury,38.618701565966724,25384195.566254362,43170.09431884934
LOS_ANGELES,9278184323586981888,blincoe_any_injury,17.284877327245233,24351145.112795003,31579.586911980998
LOS_ANGELES,9278184357946720256,blincoe_any_injury,4.2931969945443,15649250.290723594,26226.656448754966
LOS_ANGELES,9278184392306458624,blincoe_any_injury,11.52325155149682,16884098.99320222,51264.042853686835
LOS_ANGELES,9278184426666196992,blincoe_any_injury,1.46842878120411,22434124.774780225,76053.2774674744
LOS_ANGELES,9278184461025935360,blincoe_any_injury,25.983360665401868,31424221.61740878,86094.70399568805
LOS_ANGELES,9278184495385673728,blincoe_any_injury,29.144396925946147,27932401.283578094,47615.20244887027
LOS_ANGELES,9278184529745412096,blincoe_any_injury,10.27900146842877,20985738.406804506,28241.779914598006
LOS_ANGELES,9278184564105150464,blincoe_any_injury,7.342143906020549,25998432.040112466,18537.488539977792
LOS_ANGELES,9278184598464888832,blincoe_any_injury,10.27900146842877,24409629.806245096,19815.00186139404
LOS_ANGELES,9278184632824627200,blincoe_any_injury,2.93685756240822,5373770.119283971,5098.84706393318
LOS_ANGELES,9278184667184365568,blincoe_any_injury,5.2931969945443,17187934.81233487,25354.10733284795
LOS_ANGELES,9278184701544103936,blincoe_any_injury,5.2931969945443,16840997.91965372,30778.029944209036
LOS_ANGELES,9278184770263580672,blincoe_any_injury,52.30298937800783,13771137.231801143,50208.27030376525
LOS_ANGELES,9278184804623319040,blincoe_any_injury,5.87371512481644,18273739.691654176,35538.21177720374
LOS_ANGELES,9278184838983057408,blincoe_any_injury,105.50269354855989,29094494.73160465,70495.21905034495
LOS_ANGELES,9278184873342795776,blincoe_any_injury,105.50269354855989,17387157.60595121,38621.209419727194
LOS_ANGELES,9278184907702534144,blincoe_any_injury,112.39648005830833,24654560.153063398,56451.799886999164
LOS_ANGELES,9278184942062272512,blincoe_any_injury,121.54332079273708,15355918.829328928,26138.46592579175
LOS_ANGELES,9278185388738871296,blincoe_any_injury,0.0,14740612.53297988,11749.758429949025
LOS_ANGELES,9278185423098609664,blincoe_any_injury,10.166912119360742,28161715.507138222,15510.73636703395
LOS_ANGELES,9278185457458348032,blincoe_any_injury,11.411162202428793,26265035.12063613,15016.108483171309
LOS_ANGELES,9278185491818086400,blincoe_any_injury,0.0,15425867.563880887,668.9034408327653
LOS_ANGELES,9278185526177824768,blincoe_any_injury,19.04062724417718,16874305.40617799,1876.6385812133178
LOS_ANGELES,9278185560537563136,blincoe_any_injury,4.40528634361233,6366746.983506982,2439.180262862361
LOS_ANGELES,9278185594897301504,blincoe_any_injury,2.8247682133401906,17224989.427420683,3598.920467788753
LOS_ANGELES,9278185629257039872,blincoe_any_injury,17.348019764837012,19914901.724423546,3347.6546281486208
LOS_ANGELES,9278187793920557056,blincoe_any_injury,88.88154817411056,19611626.68810848,8982.948171777398
LOS_ANGELES,9278187828280295424,blincoe_any_injury,102.6779253352197,30369060.64348091,59484.44576170498
LOS_ANGELES,9278187862640033792,blincoe_any_injury,50.702399862803695,22755493.80732583,52246.56680934805
LOS_ANGELES,9278187896999772160,blincoe_any_injury,183.4415083014453,35910799.2727093,23752.5654507502
LOS_ANGELES,9278187931359510528,blincoe_any_injury,116.44542696978458,43205629.5823952,17986.712232985625
LOS_ANGELES,9278187965719248896,blincoe_any_injury,27.67596814474204,26049531.339408644,28453.654255615536
LOS_ANGELES,9278188000078987264,blincoe_any_injury,45.52129221732742,30627173.97063519,32220.053302646917
LOS_ANGELES,9278188034438725632,blincoe_any_injury,21.690163670857565,32623302.84012014,1877.90375176702
LOS_ANGELES,9278188309316632576,blincoe_any_injury,27.78805749381007,9573203.574188739,9.49834638977049
LOS_ANGELES,9278188343676370944,blincoe_any_injury,70.17526581133365,41889462.408941746,16866.041575115152
LOS_ANGELES,9278188378036109312,blincoe_any_injury,84.94469061170234,35601482.646624625,37371.129661485546
LOS_ANGELES,9278188412395847680,blincoe_any_injury,34.13708237563906,41426081.27542601,26269.38361524687
LOS_ANGELES,9278188446755586048,blincoe_any_injury,91.84974436477052,46446122.964330874,9981.000420664936
LOS_ANGELES,9278188481115324416,blincoe_any_injury,37.4865408319667,15141414.460803462,1902.5137812991343
LOS_ANGELES,9278188515475062784,blincoe_any_injury,70.8952592259129,27062804.682541188,11055.418171386522
LOS_ANGELES,9278188549834801152,blincoe_any_injury,58.9725971896202,28585708.62263802,2508.3149163956277
LOS_ANGELES,9278188584194539520,blincoe_any_injury,7.342143906020549,19450947.054845646,16.547617315341345
LOS_ANGELES,9278195971538288640,blincoe_any_injury,22.934413753925618,14880864.982115082,6.669585651501921
LOS_ANGELES,9278196005898027008,blincoe_any_injury,20.109645540585426,12880196.10615909,76.44314777468156
LOS_ANGELES,9278196040257765376,blincoe_any_injury,33.32550457142242,21394082.277511854,11554.748305764082
LOS_ANGELES,9278196074617503744,blincoe_any_injury,46.0930062059873,25820241.171973784,11565.44965471994
LOS_ANGELES,9278196108977242112,blincoe_any_injury,93.86981574970251,33062028.78511641,21445.03731125236
LOS_ANGELES,9278196143336980480,blincoe_any_injury,24.158592452061676,39015379.85164584,17375.766980872577
LOS_ANGELES,9278196177696718848,blincoe_any_injury,72.86099231486537,26764994.684339892,6748.317157060641
LOS_ANGELES,9278196212056457216,blincoe_any_injury,81.0102961510016,50907325.87659054,37123.59807925866
LOS_ANGELES,9278196246416195584,blincoe_any_injury,28.45178944660598,37434674.92187685,8266.789293435702
LOS_ANGELES,9278196280775933952,blincoe_any_injury,42.57563051330694,23333019.3587181,1962.480110179661
LOS_ANGELES,9278196967970701312,blincoe_any_injury,13.215859030836992,15872304.579055471,307.7328517319064
LOS_ANGELES,9278197002330439680,blincoe_any_injury,37.73079091503475,30607859.276720636,3282.9960453811273
LOS_ANGELES,9278197036690178048,blincoe_any_injury,53.07881067987177,31036886.01460258,18408.72630527672
LOS_ANGELES,9278197071049916416,blincoe_any_injury,24.290753186061696,28318086.594362553,641.5159535289533
LOS_ANGELES,9278197277208346624,blincoe_any_injury,10.054822770292711,16335570.290210336,136.64062764125885
LOS_ANGELES,9278197345927823360,blincoe_any_injury,28.563878795674007,16420386.991256917,2.094784921245317
LOS_ANGELES,9278197380287561728,blincoe_any_injury,30.583950180606003,12224354.24444935,5692.753522184793
LOS_ANGELES,9278197414647300096,blincoe_any_injury,38.506612216898695,28148656.108949482,17373.21274643107
LOS_ANGELES,9278197449007038464,blincoe_any_injury,27.33970009753795,41035508.45740118,13079.933769007312
LOS_ANGELES,9278197483366776832,blincoe_any_injury,49.58150637212341,35112978.93908095,21222.30117067348
LOS_ANGELES,9278197517726515200,blincoe_any_injury,77.36956386593347,25200734.510819614,25327.033767943674
LOS_ANGELES,9278197552086253568,blincoe_any_injury,57.7709845847133,30362476.082436156,34542.70379646195
LOS_ANGELES,9278197586445991936,blincoe_any_injury,60.56880043731305,23829403.69622721,21781.738503196884
LOS_ANGELES,9278197620805730304,blincoe_any_injury,57.72834710655216,22945914.05816554,36720.99996387913
LOS_ANGELES,9278197655165468672,blincoe_any_injury,80.41851077740972,28657586.57468863,37703.734966711585
LOS_ANGELES,9278197689525207040,blincoe_any_injury,109.81842502974365,27069494.480707634,29993.50033651442
LOS_ANGELES,9278197723884945408,blincoe_any_injury,32.520807743014224,28025843.03516332,22886.587193599236
LOS_ANGELES,9278197758244683776,blincoe_any_injury,147.32503724664224,35363497.922875024,48611.515005756686
LOS_ANGELES,9278197792604422144,blincoe_any_injury,67.8952592259129,41144087.45104134,32612.559842162736
LOS_ANGELES,9278197826964160512,blincoe_any_injury,85.4043152512942,34632546.529419474,28548.02101853982
LOS_ANGELES,9278197861323898880,blincoe_any_injury,118.34460486403628,48935938.01782932,39514.44757825979
LOS_ANGELES,9278197895683637248,blincoe_any_injury,47.093006205987294,25535750.03069182,16555.251755698966
LOS_ANGELES,9278197930043375616,blincoe_any_injury,72.1884562204572,33690226.69039634,25131.819714966197
LOS_ANGELES,9278197964403113984,blincoe_any_injury,54.435150112007854,22700055.149178043,16423.84740100668
LOS_ANGELES,9278197998762852352,blincoe_any_injury,17.368091149769008,14882439.682844916,37887.23425748111
LOS_ANGELES,9278198033122590720,blincoe_any_injury,27.67596814474204,29560863.539790757,26581.220409475583
LOS_ANGELES,9278198067482329088,blincoe_any_injury,37.7019153884905,22544766.632064965,8914.821453542154
LOS_ANGELES,9278198101842067456,blincoe_any_injury,41.799809211443,21635510.023165807,510.12565393228743
LOS_ANGELES,9278198136201805824,blincoe_any_injury,63.24572279923252,30071515.89955155,2841.3515637223427
LOS_ANGELES,9278198548518666240,blincoe_any_injury,79.55755248721819,21687099.124290116,2.7886541264130615
LOS_ANGELES,9278198582878404608,blincoe_any_injury,40.10720173210282,26588296.315247666,6586.933220337938
LOS_ANGELES,9278198617238142976,blincoe_any_injury,44.62457742478319,20127641.859791085,1400.1755663999575
LOS_ANGELES,9278198651597881344,blincoe_any_injury,24.514931884197757,19525056.147515103,1954.5529831415413
LOS_ANGELES,9278198754677096448,blincoe_any_injury,50.49829254959963,25358887.380125485,1088.8874492376083
LOS_ANGELES,9278198789036834816,blincoe_any_injury,22.934413753925618,21247848.951785937,48.2952878381077
LOS_ANGELES,9278157763509223424,observed_any_injury,8.0,15792269.479211029,3554.0686435522975
LOS_ANGELES,9278159137898758144,observed_any_injury,6.0,27792969.33098808,3114.071081001338
LOS_ANGELES,9278159172258496512,observed_any_injury,0.0,8259717.172426751,0.06223591475232433
LOS_ANGELES,9278159206618234880,observed_any_injury,7.0,10357629.800613277,7084.111169004135
LOS_ANGELES,9278159240977973248,observed_any_injury,6.0,7464655.017376406,3555.886612082246
LOS_ANGELES,9278159275337711616,observed_any_injury,24.847334306569344,11324322.745925948,28159.744929353164
LOS_ANGELES,9278159309697449984,observed_any_injury,11.0,13274764.524209158,22344.744044716463
LOS_ANGELES,9278159344057188352,observed_any_injury,17.0,33065398.799584314,16318.063732230534
LOS_ANGELES,9278159378416926720,observed_any_injury,59.771001459854006,29671499.360535305,56927.49287991397
LOS_ANGELES,9278159412776665088,observed_any_injury,144.85500729927003,39927383.02695127,36213.612879929555
LOS_ANGELES,9278159790733787136,observed_any_injury,11.0,4560353.764220921,5492.7899336679
LOS_ANGELES,9278172194599337984,observed_any_injury,2.0,2443550.8532125647,1929.3206492798747
LOS_ANGELES,9278172228959076352,observed_any_injury,1.0,1247581.9710565577,788.9007396520989
LOS_ANGELES,9278172263318814720,observed_any_injury,7.0,28319772.749182645,6559.326014942575
LOS_ANGELES,9278172297678553088,observed_any_injury,0.0,13254730.195495386,703.5010014521027
LOS_ANGELES,9278172332038291456,observed_any_injury,2.0,17827483.04744671,3068.6587746587543
LOS_ANGELES,9278172366398029824,observed_any_injury,1.0,6259657.24800152,4842.219078663765
LOS_ANGELES,9278172400757768192,observed_any_injury,4.923667153284672,12991225.106670395,13175.170684758681
LOS_ANGELES,9278172435117506560,observed_any_injury,5.0,19576413.252362795,25325.17621040068
LOS_ANGELES,9278172469477244928,observed_any_injury,3.0,15312063.594528256,4104.509997007088
LOS_ANGELES,9278172538196721664,observed_any_injury,0.0,12885761.615382373,3653.0226453578034
LOS_ANGELES,9278172572556460032,observed_any_injury,4.0,28659782.441410188,6272.566555161513
LOS_ANGELES,9278172606916198400,observed_any_injury,12.847334306569344,31052654.683671113,124.48210996424511
LOS_ANGELES,9278172709995413504,observed_any_injury,5.923667153284672,20775655.640957627,1564.4485929929765
LOS_ANGELES,9278178585510674432,observed_any_injury,27.0,14280811.633272689,4.783449164028181
LOS_ANGELES,9278178619870412800,observed_any_injury,30.0,20339732.92277274,6.149180854532402
LOS_ANGELES,9278178654230151168,observed_any_injury,30.847334306569344,17277373.74416092,13.821698292428866
LOS_ANGELES,9278178688589889536,observed_any_injury,45.0,15968789.735214802,18.530485570008924
LOS_ANGELES,9278179135266488320,observed_any_injury,13.847334306569344,12980717.68297934,2.750364358445602
LOS_ANGELES,9278179238345703424,observed_any_injury,29.847334306569344,22298096.638434313,920.2904361014779
LOS_ANGELES,9278179272705441792,observed_any_injury,18.923667153284672,8235864.033777005,25372.40075000087
LOS_ANGELES,9278179307065180160,observed_any_injury,30.0,11223895.291945247,6944.456894111531
LOS_ANGELES,9278179341424918528,observed_any_injury,38.847334306569344,16473019.919521311,5414.033660119643
LOS_ANGELES,9278179375784656896,observed_any_injury,22.0,14707396.111490078,1910.7980797556934
LOS_ANGELES,9278179410144395264,observed_any_injury,58.771001459854006,30238904.427443333,483.39663537218235
LOS_ANGELES,9278179478863872000,observed_any_injury,17.0,8610471.303995924,0.3098160690113669
LOS_ANGELES,9278179513223610368,observed_any_injury,26.923667153284672,22728675.115193263,21720.521648390655
LOS_ANGELES,9278179547583348736,observed_any_injury,23.923667153284672,26375163.69201829,16762.244245538142
LOS_ANGELES,9278179581943087104,observed_any_injury,10.0,17643708.21761369,4708.388716325096
LOS_ANGELES,9278179616302825472,observed_any_injury,5.0,17729207.53667208,1944.4794791756035
LOS_ANGELES,9278179650662563840,observed_any_injury,26.923667153284672,17284471.682681095,19090.599111518426
LOS_ANGELES,9278179685022302208,observed_any_injury,28.69466861313869,27142941.763586074,20684.369043872437
LOS_ANGELES,9278179719382040576,observed_any_injury,5.923667153284672,12017178.915086808,17156.197182068918
LOS_ANGELES,9278179753741778944,observed_any_injury,4.923667153284672,20227196.79926225,1679.7807410573093
LOS_ANGELES,9278179856820994048,observed_any_injury,23.923667153284672,19775501.88745534,0.37411678357503747
LOS_ANGELES,9278180509656023040,observed_any_injury,22.389337226277377,33776315.66891059,3008.2344110576187
LOS_ANGELES,9278180544015761408,observed_any_injury,22.61833576642336,36084739.18852524,14042.325193841032
LOS_ANGELES,9278180578375499776,observed_any_injury,10.923667153284672,13899611.4885475,8368.384017221557
LOS_ANGELES,9278180612735238144,observed_any_injury,27.542002919708032,25304818.96696029,510.07176160751874
LOS_ANGELES,9278180715814453248,observed_any_injury,31.465670072992705,20800519.05931362,1461.7194401637196
LOS_ANGELES,9278180750174191616,observed_any_injury,20.69466861313869,12989969.20719385,7691.445778575404
LOS_ANGELES,9278180784533929984,observed_any_injury,9.923667153284672,13002569.564111514,20865.60830892231
LOS_ANGELES,9278180818893668352,observed_any_injury,36.236671532846714,24372905.6973422,22850.999082887443
LOS_ANGELES,9278180853253406720,observed_any_injury,7.847334306569344,18673824.34801599,13800.966526429564
LOS_ANGELES,9278180887613145088,observed_any_injury,24.69466861313869,24030140.247369092,38828.386124081524
LOS_ANGELES,9278180921972883456,observed_any_injury,29.542002919708032,24516582.883305177,32386.745484818784
LOS_ANGELES,9278180956332621824,observed_any_injury,19.465670072992705,11043222.178343622,17125.151132606472
LOS_ANGELES,9278180990692360192,observed_any_injury,17.847334306569344,35536697.46047453,24139.22814344566
LOS_ANGELES,9278181025052098560,observed_any_injury,45.16033868613138,45426034.91511943,46619.68345514378
LOS_ANGELES,9278181059411836928,observed_any_injury,70.85500729927006,40625169.05404779,43442.250989834516
LOS_ANGELES,9278181093771575296,observed_any_injury,13.0,36740177.90652192,32629.411851793564
LOS_ANGELES,9278181128131313664,observed_any_injury,20.69466861313869,45287631.708495826,33195.92673971727
LOS_ANGELES,9278181162491052032,observed_any_injury,27.465670072992705,44322762.1595861,33555.4411000382
LOS_ANGELES,9278181196850790400,observed_any_injury,28.542002919708032,32110043.400984365,17864.092688115856
LOS_ANGELES,9278181231210528768,observed_any_injury,39.85500729927007,35070743.98912507,5447.439404377141
LOS_ANGELES,9278181265570267136,observed_any_injury,26.465670072992705,19003155.726699848,13514.938721342858
LOS_ANGELES,9278181299930005504,observed_any_injury,10.771001459854016,25437740.87480644,18882.196535344126
LOS_ANGELES,9278181334289743872,observed_any_injury,9.0,30075824.772803247,38640.70690831914
LOS_ANGELES,9278181368649482240,observed_any_injury,24.61833576642336,22804536.688278757,20312.982150675954
LOS_ANGELES,9278181403009220608,observed_any_injury,14.847334306569344,30966697.050112627,43288.02203551828
LOS_ANGELES,9278181437368958976,observed_any_injury,21.0,27499488.739143305,38968.55101735121
LOS_ANGELES,9278181471728697344,observed_any_injury,30.771001459854016,39797037.69965273,31494.215445693288
LOS_ANGELES,9278181506088435712,observed_any_injury,7.771001459854016,37703631.971214265,31300.106645981483
LOS_ANGELES,9278181540448174080,observed_any_injury,15.771001459854016,30524307.097140048,39949.06291101819
LOS_ANGELES,9278181574807912448,observed_any_injury,26.542002919708032,27549519.792798072,53480.55035918627
LOS_ANGELES,9278181609167650816,observed_any_injury,14.694668613138688,18215425.35038997,51116.547237869636
LOS_ANGELES,9278181643527389184,observed_any_injury,12.771001459854016,19739692.45566708,47471.18741790872
LOS_ANGELES,9278181677887127552,observed_any_injury,22.69466861313869,18402881.66277809,49770.0852540799
LOS_ANGELES,9278181712246865920,observed_any_injury,14.847334306569344,25741067.568368778,42486.46771379034
LOS_ANGELES,9278181746606604288,observed_any_injury,18.771001459854016,27995277.078053568,35228.36628870185
LOS_ANGELES,9278181780966342656,observed_any_injury,8.771001459854016,21723746.224014696,32635.15901814941
LOS_ANGELES,9278181815326081024,observed_any_injury,19.542002919708032,26785404.22997757,57563.02746377008
LOS_ANGELES,9278181849685819392,observed_any_injury,22.923667153284672,36889579.25983392,62881.866339090346
LOS_ANGELES,9278181884045557760,observed_any_injury,45.0,41249174.1947163,60377.239792880515
LOS_ANGELES,9278181918405296128,observed_any_injury,35.847334306569344,43314970.6528466,57093.1090561825
LOS_ANGELES,9278181952765034496,observed_any_injury,76.771001459854,26967639.41914767,27889.034063408744
LOS_ANGELES,9278181987124772864,observed_any_injury,59.77100145985402,22221569.3700267,66597.13214539117
LOS_ANGELES,9278182021484511232,observed_any_injury,5.923667153284672,14806731.622311393,18731.564925706174
LOS_ANGELES,9278182055844249600,observed_any_injury,20.847334306569344,24353007.451382812,35420.22901388157
LOS_ANGELES,9278182090203987968,observed_any_injury,27.69466861313869,27594935.829689343,52206.99954301986
LOS_ANGELES,9278182124563726336,observed_any_injury,11.0,17470870.734192826,17861.426992917368
LOS_ANGELES,9278182158923464704,observed_any_injury,4.847334306569344,25673968.519000545,77510.43080841066
LOS_ANGELES,9278182193283203072,observed_any_injury,3.0,13362957.565419475,23770.912801743627
LOS_ANGELES,9278182227642941440,observed_any_injury,21.542002919708032,18192490.85133222,10955.902726427283
LOS_ANGELES,9278182262002679808,observed_any_injury,7.923667153284672,27928333.478772238,42943.9149617274
LOS_ANGELES,9278182296362418176,observed_any_injury,17.69466861313869,15986915.191752004,21478.74623024347
LOS_ANGELES,9278182330722156544,observed_any_injury,43.542002919708025,17805707.59534013,22197.886333164548
LOS_ANGELES,9278182365081894912,observed_any_injury,36.313004379562045,22251421.910102587,14440.11479328565
LOS_ANGELES,9278182399441633280,observed_any_injury,9.923667153284672,14517683.978473404,17746.415263257557
LOS_ANGELES,9278182468161110016,observed_any_injury,10.771001459854016,14087025.661685096,222.05054027793042
LOS_ANGELES,9278182639959801856,observed_any_injury,3.0,9753101.216426672,9211.357668848195
LOS_ANGELES,9278182708679278592,observed_any_injury,7.0,17807101.984329518,23354.91053210552
LOS_ANGELES,9278182743039016960,observed_any_injury,9.923667153284672,11238401.56208585,7959.986673879355
LOS_ANGELES,9278182777398755328,observed_any_injury,9.923667153284672,20625389.062846534,19467.853208363093
LOS_ANGELES,9278182811758493696,observed_any_injury,8.847334306569344,12481817.002260901,14752.436819535807
LOS_ANGELES,9278182846118232064,observed_any_injury,6.0,13391157.373027084,8596.362949926153
LOS_ANGELES,9278182880477970432,observed_any_injury,9.847334306569344,27346486.914295707,47484.406341987924
LOS_ANGELES,9278182914837708800,observed_any_injury,6.847334306569344,19843193.693584293,28234.83447307058
LOS_ANGELES,9278182949197447168,observed_any_injury,15.847334306569344,30077358.795427017,21740.244391116074
LOS_ANGELES,9278182983557185536,observed_any_injury,10.847334306569344,23424678.688542403,31058.364130398717
LOS_ANGELES,9278183017916923904,observed_any_injury,10.0,18350428.02342749,24900.31785323657
LOS_ANGELES,9278183052276662272,observed_any_injury,1.0,22861606.854882903,20118.0126935819
LOS_ANGELES,9278183086636400640,observed_any_injury,6.847334306569344,27060742.362198234,32115.72145069987
LOS_ANGELES,9278183120996139008,observed_any_injury,3.0,23159171.352559425,17316.195430065436
LOS_ANGELES,9278183155355877376,observed_any_injury,7.0,29950805.534726553,20585.93176923131
LOS_ANGELES,9278183189715615744,observed_any_injury,5.847334306569344,17450121.29464267,13770.633573051868
LOS_ANGELES,9278183224075354112,observed_any_injury,23.61833576642336,15894326.642632373,7661.166970200125
LOS_ANGELES,9278183258435092480,observed_any_injury,19.923667153284672,19507597.204846013,9066.451825309287
LOS_ANGELES,9278183292794830848,observed_any_injury,29.847334306569344,29975410.478415497,23231.820208383047
LOS_ANGELES,9278183327154569216,observed_any_injury,17.542002919708032,26353017.843969665,37758.43062470337
LOS_ANGELES,9278183361514307584,observed_any_injury,29.0,5862098.841462032,10954.505305198503
LOS_ANGELES,9278183395874045952,observed_any_injury,2.0,3885477.6272276016,4004.0781628153695
LOS_ANGELES,9278183464593522688,observed_any_injury,0.0,51038.21837521174,96.16144440012792
LOS_ANGELES,9278183498953261056,observed_any_injury,14.923667153284672,15891152.278604535,29462.71116621131
LOS_ANGELES,9278183533312999424,observed_any_injury,13.771001459854016,18031601.359006807,21782.235001967303
LOS_ANGELES,9278183567672737792,observed_any_injury,12.847334306569344,8012610.38614307,21724.933936930538
LOS_ANGELES,9278183602032476160,observed_any_injury,32.92366715328467,19734631.747852013,36720.41660690615
LOS_ANGELES,9278183636392214528,observed_any_injury,14.923667153284672,14916040.26812593,16766.71451030431
LOS_ANGELES,9278183670751952896,observed_any_injury,2.0,10911903.911714323,9611.247033705455
LOS_ANGELES,9278183705111691264,observed_any_injury,10.61833576642336,20596121.843910433,8213.398850844636
LOS_ANGELES,9278183739471429632,observed_any_injury,4.0,13818847.456840355,12810.05598113049
LOS_ANGELES,9278183773831168000,observed_any_injury,8.0,14206245.882676529,16284.191842677492
LOS_ANGELES,9278183808190906368,observed_any_injury,6.0,28702444.278962404,38616.41645762758
LOS_ANGELES,9278183842550644736,observed_any_injury,21.61833576642336,31974516.71397249,100719.95634986083
LOS_ANGELES,9278183876910383104,observed_any_injury,13.771001459854016,24433710.443851,75256.39033744363
LOS_ANGELES,9278183911270121472,observed_any_injury,9.923667153284672,12822429.768351687,21260.79987481674
LOS_ANGELES,9278183945629859840,observed_any_injury,26.0,17428136.386974722,39049.76279538288
LOS_ANGELES,9278183979989598208,observed_any_injury,38.0,19037926.969158158,48954.533544211976
LOS_ANGELES,9278184014349336576,observed_any_injury,76.92366715328467,21702463.07058877,47910.90739127615
LOS_ANGELES,9278184048709074944,observed_any_injury,43.0,20205625.360721674,23354.531728059734
LOS_ANGELES,9278184083068813312,observed_any_injury,37.84733430656934,25612866.46158356,51199.22298967133
LOS_ANGELES,9278184117428551680,observed_any_injury,47.0,21163031.8147453,38861.70290055055
LOS_ANGELES,9278184151788290048,observed_any_injury,5.0,7216232.264826061,4993.051026878625
LOS_ANGELES,9278184186148028416,observed_any_injury,2.0,17702065.036761984,28030.160915199634
LOS_ANGELES,9278184220507766784,observed_any_injury,20.61833576642336,24367518.908999413,25961.156923000843
LOS_ANGELES,9278184254867505152,observed_any_injury,11.771001459854016,24620026.21735934,49890.098801135246
LOS_ANGELES,9278184289227243520,observed_any_injury,26.61833576642336,25384195.566254362,43170.09431884934
LOS_ANGELES,9278184323586981888,observed_any_injury,11.771001459854016,24351145.112795003,31579.586911980998
LOS_ANGELES,9278184357946720256,observed_any_injury,2.923667153284672,15649250.290723594,26226.656448754966
LOS_ANGELES,9278184392306458624,observed_any_injury,7.847334306569344,16884098.99320222,51264.042853686835
LOS_ANGELES,9278184426666196992,observed_any_injury,1.0,22434124.774780225,76053.2774674744
LOS_ANGELES,9278184461025935360,observed_any_injury,17.69466861313869,31424221.61740878,86094.70399568805
LOS_ANGELES,9278184495385673728,observed_any_injury,19.847334306569344,27932401.283578094,47615.20244887027
LOS_ANGELES,9278184529745412096,observed_any_injury,7.0,20985738.406804506,28241.779914598006
LOS_ANGELES,9278184564105150464,observed_any_injury,5.0,25998432.040112466,18537.488539977792
LOS_ANGELES,9278184598464888832,observed_any_injury,7.0,24409629.806245096,19815.00186139404
LOS_ANGELES,9278184632824627200,observed_any_injury,2.0,5373770.119283971,5098.84706393318
LOS_ANGELES,9278184667184365568,observed_any_injury,3.923667153284672,17187934.81233487,25354.10733284795
LOS_ANGELES,9278184701544103936,observed_any_injury,3.923667153284672,16840997.91965372,30778.029944209036
LOS_ANGELES,9278184770263580672,observed_any_injury,35.61833576642336,13771137.231801143,50208.27030376525
LOS_ANGELES,9278184804623319040,observed_any_injury,4.0,18273739.691654176,35538.21177720374
LOS_ANGELES,9278184838983057408,observed_any_injury,71.84733430656934,29094494.73160465,70495.21905034495
LOS_ANGELES,9278184873342795776,observed_any_injury,71.84733430656934,17387157.60595121,38621.209419727194
LOS_ANGELES,9278184907702534144,observed_any_injury,76.54200291970801,24654560.153063398,56451.799886999164
LOS_ANGELES,9278184942062272512,observed_any_injury,82.77100145985402,15355918.829328928,26138.46592579175
LOS_ANGELES,9278185388738871296,observed_any_injury,0.0,14740612.53297988,11749.758429949025
LOS_ANGELES,9278185423098609664,observed_any_injury,6.923667153284672,28161715.507138222,15510.73636703395
LOS_ANGELES,9278185457458348032,observed_any_injury,7.771001459854016,26265035.12063613,15016.108483171309
LOS_ANGELES,9278185491818086400,observed_any_injury,0.0,15425867.563880887,668.9034408327653
LOS_ANGELES,9278185526177824768,observed_any_injury,13.923667153284672,16874305.40617799,1876.6385812133178
LOS_ANGELES,9278185560537563136,observed_any_injury,3.0,6366746.983506982,2439.180262862361
LOS_ANGELES,9278185594897301504,observed_any_injury,1.923667153284672,17224989.427420683,3598.920467788753
LOS_ANGELES,9278185629257039872,observed_any_injury,12.771001459854016,19914901.724423546,3347.6546281486208
LOS_ANGELES,9278187793920557056,observed_any_injury,60.847334306569344,19611626.68810848,8982.948171777398
LOS_ANGELES,9278187828280295424,observed_any_injury,69.92366715328467,30369060.64348091,59484.44576170498
LOS_ANGELES,9278187862640033792,observed_any_injury,34.847334306569344,22755493.80732583,52246.56680934805
LOS_ANGELES,9278187896999772160,observed_any_injury,124.92366715328467,35910799.2727093,23752.5654507502
LOS_ANGELES,9278187931359510528,observed_any_injury,79.61833576642334,43205629.5823952,17986.712232985625
LOS_ANGELES,9278187965719248896,observed_any_injury,18.847334306569344,26049531.339408644,28453.654255615536
LOS_ANGELES,9278188000078987264,observed_any_injury,31.0,30627173.97063519,32220.053302646917
LOS_ANGELES,9278188034438725632,observed_any_injury,14.771001459854016,32623302.84012014,1877.90375176702
LOS_ANGELES,9278188309316632576,observed_any_injury,18.923667153284672,9573203.574188739,9.49834638977049
LOS_ANGELES,9278188343676370944,observed_any_injury,48.084005839416065,41889462.408941746,16866.041575115152
LOS_ANGELES,9278188378036109312,observed_any_injury,57.84733430656934,35601482.646624625,37371.129661485546
LOS_ANGELES,9278188412395847680,observed_any_injury,23.542002919708032,41426081.27542601,26269.38361524687
LOS_ANGELES,9278188446755586048,observed_any_injury,62.54967591240873,46446122.964330874,9981.000420664936
LOS_ANGELES,9278188481115324416,observed_any_injury,25.847334306569344,15141414.460803462,1902.5137812991343
LOS_ANGELES,9278188515475062784,observed_any_injury,49.23667153284671,27062804.682541188,11055.418171386522
LOS_ANGELES,9278188549834801152,observed_any_injury,40.16033868613138,28585708.62263802,2508.3149163956277
LOS_ANGELES,9278188584194539520,observed_any_injury,5.0,19450947.054845646,16.547617315341345
LOS_ANGELES,9278195971538288640,observed_any_injury,15.61833576642336,14880864.982115082,6.669585651501921
LOS_ANGELES,9278196005898027008,observed_any_injury,13.694668613138688,12880196.10615909,76.44314777468156
LOS_ANGELES,9278196040257765376,observed_any_injury,22.69466861313869,21394082.277511854,11554.748305764082
LOS_ANGELES,9278196074617503744,observed_any_injury,31.389337226277377,25820241.171973784,11565.44965471994
LOS_ANGELES,9278196108977242112,observed_any_injury,64.24434452554742,33062028.78511641,21445.03731125236
LOS_ANGELES,9278196143336980480,observed_any_injury,16.771001459854016,39015379.85164584,17375.766980872577
LOS_ANGELES,9278196177696718848,observed_any_injury,49.61833576642336,26764994.684339892,6748.317157060641
LOS_ANGELES,9278196212056457216,observed_any_injury,55.1680116788321,50907325.87659054,37123.59807925866
LOS_ANGELES,9278196246416195584,observed_any_injury,19.69466861313869,37434674.92187685,8266.789293435702
LOS_ANGELES,9278196280775933952,observed_any_injury,29.31300437956205,23333019.3587181,1962.480110179661
LOS_ANGELES,9278196967970701312,observed_any_injury,9.0,15872304.579055471,307.7328517319064
LOS_ANGELES,9278197002330439680,observed_any_injury,25.69466861313869,30607859.276720636,3282.9960453811273
LOS_ANGELES,9278197036690178048,observed_any_injury,36.4656700729927,31036886.01460258,18408.72630527672
LOS_ANGELES,9278197071049916416,observed_any_injury,16.542002919708032,28318086.594362553,641.5159535289533
LOS_ANGELES,9278197277208346624,observed_any_injury,6.847334306569344,16335570.290210336,136.64062764125885
LOS_ANGELES,9278197345927823360,observed_any_injury,19.771001459854016,16420386.991256917,2.094784921245317
LOS_ANGELES,9278197380287561728,observed_any_injury,21.465670072992705,12224354.24444935,5692.753522184793
LOS_ANGELES,9278197414647300096,observed_any_injury,26.542002919708032,28148656.108949482,17373.21274643107
LOS_ANGELES,9278197449007038464,observed_any_injury,18.61833576642336,41035508.45740118,13079.933769007312
LOS_ANGELES,9278197483366776832,observed_any_injury,34.084005839416065,35112978.93908095,21222.30117067348
LOS_ANGELES,9278197517726515200,observed_any_injury,53.00767299270073,25200734.510819614,25327.033767943674
LOS_ANGELES,9278197552086253568,observed_any_injury,39.9313401459854,30362476.082436156,34542.70379646195
LOS_ANGELES,9278197586445991936,observed_any_injury,41.542002919708025,23829403.69622721,21781.738503196884
LOS_ANGELES,9278197620805730304,observed_any_injury,39.313004379562045,22945914.05816554,36720.99996387913
LOS_ANGELES,9278197655165468672,observed_any_injury,55.084005839416044,28657586.57468863,37703.734966711585
LOS_ANGELES,9278197689525207040,observed_any_injury,74.78634744525544,27069494.480707634,29993.50033651442
LOS_ANGELES,9278197723884945408,observed_any_injury,22.465670072992705,28025843.03516332,22886.587193599236
LOS_ANGELES,9278197758244683776,observed_any_injury,100.32835036496346,35363497.922875024,48611.515005756686
LOS_ANGELES,9278197792604422144,observed_any_injury,46.236671532846714,41144087.45104134,32612.559842162736
LOS_ANGELES,9278197826964160512,observed_any_injury,58.16033868613137,34632546.529419474,28548.02101853982
LOS_ANGELES,9278197861323898880,observed_any_injury,81.54967591240873,48935938.01782932,39514.44757825979
LOS_ANGELES,9278197895683637248,observed_any_injury,32.38933722627738,25535750.03069182,16555.251755698966
LOS_ANGELES,9278197930043375616,observed_any_injury,49.16033868613138,33690226.69039634,25131.819714966197
LOS_ANGELES,9278197964403113984,observed_any_injury,37.38933722627738,22700055.149178043,16423.84740100668
LOS_ANGELES,9278197998762852352,observed_any_injury,12.465670072992705,14882439.682844916,37887.23425748111
LOS_ANGELES,9278198033122590720,observed_any_injury,18.847334306569344,29560863.539790757,26581.220409475583
LOS_ANGELES,9278198067482329088,observed_any_injury,26.31300437956205,22544766.632064965,8914.821453542154
LOS_ANGELES,9278198101842067456,observed_any_injury,28.465670072992705,21635510.023165807,510.12565393228743
LOS_ANGELES,9278198136201805824,observed_any_injury,43.38933722627736,30071515.89955155,2841.3515637223427
LOS_ANGELES,9278198548518666240,observed_any_injury,54.47334306569341,21687099.124290116,2.7886541264130615
LOS_ANGELES,9278198582878404608,observed_any_injury,27.31300437956205,26588296.315247666,6586.933220337938
LOS_ANGELES,9278198617238142976,observed_any_injury,30.389337226277377,20127641.859791085,1400.1755663999575
LOS_ANGELES,9278198651597881344,observed_any_injury,16.69466861313869,19525056.147515103,1954.5529831415413
LOS_ANGELES,9278198754677096448,observed_any_injury,34.38933722627738,25358887.380125485,1088.8874492376083
LOS_ANGELES,9278198789036834816,observed_any_injury,15.61833576642336,21247848.951785937,48.2952878381077
PHOENIX,9739878636298698752,airbag,7.0,8360097.04480056,733.5138661579498
PHOENIX,9739878670658437120,airbag,9.0,11169015.518518345,3519.336896580618
PHOENIX,9739878705018175488,airbag,29.914671400817312,6831295.642236972,1200.6492155113435
PHOENIX,9739878911176605696,airbag,2.0,6481933.521086218,3233.7313145756434
PHOENIX,9739879014255820800,airbag,31.829342801634624,12587465.79402222,8603.217997198803
PHOENIX,9739879048615559168,airbag,2.0,11606198.005368067,8687.69834808398
PHOENIX,9739879082975297536,airbag,5.0,5271080.356332197,2097.613286514209
PHOENIX,9739879117335035904,airbag,9.0,14254715.154384198,9115.186735070904
PHOENIX,9739879151694774272,airbag,52.0,18219354.54205562,20970.01358616667
PHOENIX,9739879186054512640,airbag,27.0,21356947.378828492,25730.58665317661
PHOENIX,9739879220414251008,airbag,7.0,10428316.200334013,18828.761778004948
PHOENIX,9739879254773989376,airbag,17.0,9615664.834368367,21724.15940274484
PHOENIX,9739879289133727744,airbag,37.91467140081731,14399230.358571773,25347.71798447376
PHOENIX,9739879323493466112,airbag,14.0,15429450.664896723,46759.62922029118
PHOENIX,9739879357853204480,airbag,41.0,19594589.959312048,55910.54498129095
PHOENIX,9739879392212942848,airbag,34.0,19118259.909942873,70884.46988718482
PHOENIX,9739879426572681216,airbag,31.0,14535433.683965798,41710.79432733014
PHOENIX,9739879460932419584,airbag,17.0,9588401.073125837,10908.579978795016
PHOENIX,9739879495292157952,airbag,20.0,16489545.883620596,47589.997445869485
PHOENIX,9739879529651896320,airbag,54.91467140081731,19122801.736882087,62002.3931017796
PHOENIX,9739879564011634688,airbag,11.0,800714.2729349568,5077.103599328104
PHOENIX,9739879632731111424,airbag,23.0,10518052.388152773,15660.808070472536
PHOENIX,9739879667090849792,airbag,4.0,9152483.793516165,6780.67326218982
PHOENIX,9739879873249280000,airbag,3.0,205831.74237167867,499.61401893162866
PHOENIX,9739879907609018368,airbag,3.0,3983280.208042367,12278.217621340558
PHOENIX,9739879941968756736,airbag,0.0,2498057.951155164,3036.638532353863
PHOENIX,9739880045047971840,airbag,3.0,4111810.199811897,1884.9441059590006
PHOENIX,9739880079407710208,airbag,18.0,3906071.8042531675,1137.6724901290474
PHOENIX,9739883034345209856,airbag,8.0,8257103.558644557,6968.820832026268
PHOENIX,9739883068704948224,airbag,0.0,2026901.1482279147,908.54950334978
PHOENIX,9739883103064686592,airbag,18.0,14642527.764966745,3857.973001450729
PHOENIX,9739883137424424960,airbag,10.0,8936016.827871537,11164.878612076733
PHOENIX,9739883171784163328,airbag,29.0,11527155.86024161,22307.471026928266
PHOENIX,9739883206143901696,airbag,16.0,22073635.622400597,29939.73360745229
PHOENIX,9739883240503640064,airbag,18.0,6912129.358750104,1562.4725878104382
PHOENIX,9739883274863378432,airbag,28.0,12088018.365231369,5967.680576607792
PHOENIX,9739883309223116800,airbag,60.0,18445116.591177106,1188.3334883980062
PHOENIX,9739884958490558464,airbag,29.0,16209766.495679589,3822.6602320226393
PHOENIX,9739884992850296832,airbag,4.0,8274280.417957301,4583.611452676268
PHOENIX,9739885027210035200,airbag,12.0,14247558.746388128,29712.187059581232
PHOENIX,9739885061569773568,airbag,30.914671400817312,17481992.882533286,49459.064212986385
PHOENIX,9739885095929511936,airbag,2.0,10266974.862616118,43038.733152597364
PHOENIX,9739885130289250304,airbag,3.0,7862724.945479543,3646.531865721924
PHOENIX,9739885164648988672,airbag,24.82934280163462,9815624.730220366,2369.6407795767764
PHOENIX,9739885199008727040,airbag,58.829342801634624,20262921.12243103,93826.88982596144
PHOENIX,9739885233368465408,airbag,39.91467140081731,16743296.279855393,98034.78142748235
PHOENIX,9739885267728203776,airbag,21.0,11597286.690768518,48524.269536323096
PHOENIX,9739885302087942144,airbag,26.0,15518846.018170882,83269.9145447116
PHOENIX,9739885336447680512,airbag,56.829342801634624,18291308.230730925,132702.74307108842
PHOENIX,9739885370807418880,airbag,41.91467140081731,17198839.57323426,125450.05190858795
PHOENIX,9739885405167157248,airbag,31.0,16452830.44951252,130963.28941151344
PHOENIX,9739885439526895616,airbag,15.0,13369085.389073119,108198.55898358587
PHOENIX,9739885473886633984,airbag,2.0,2326168.1344579356,12573.502867869542
PHOENIX,9739885508246372352,airbag,2.0,7327671.276647412,20499.392736493028
PHOENIX,9739885542606110720,airbag,24.744014202451933,15401770.809625924,94221.89258900228
PHOENIX,9739885576965849088,airbag,30.914671400817312,16889157.685949236,99656.11181594689
PHOENIX,9739885611325587456,airbag,0.0,10109543.955612967,31838.65112466547
PHOENIX,9739885645685325824,airbag,15.0,16509039.132924639,31524.147692761642
PHOENIX,9739885680045064192,airbag,4.0,8614694.533793768,51172.6633498345
PHOENIX,9739885714404802560,airbag,11.0,7983326.101155693,24856.139307653186
PHOENIX,9739885748764540928,airbag,19.829342801634624,18554309.7149395,2576.6618929459896
PHOENIX,9739885783124279296,airbag,17.0,16431489.76897683,24986.105370970577
PHOENIX,9739885817484017664,airbag,15.0,17886765.38749303,32550.18467517462
PHOENIX,9739885851843756032,airbag,2.0,5998886.868344898,11695.698168119861
PHOENIX,9739885886203494400,airbag,32.91467140081731,14597729.648687052,22022.93673404563
PHOENIX,9739885920563232768,airbag,10.0,13437156.599121371,11955.345316228111
PHOENIX,9739885954922971136,airbag,31.0,15958872.104642946,18140.733352863404
PHOENIX,9739885989282709504,airbag,19.914671400817312,12384810.922846863,23572.44026555525
PHOENIX,9739886023642447872,airbag,6.0,9996428.009996312,17012.485986628246
PHOENIX,9739886058002186240,airbag,25.0,15379647.967591187,46643.06374882211
PHOENIX,9739886092361924608,airbag,10.0,9054318.46543402,31311.19210508794
PHOENIX,9739886126721662976,airbag,10.0,15976349.742043512,77632.54424347918
PHOENIX,9739886161081401344,airbag,28.0,15893234.077040706,88193.08253949013
PHOENIX,9739886195441139712,airbag,37.0,14298835.015449349,87445.23706239415
PHOENIX,9739886229800878080,airbag,2.0,6590076.0739114145,17022.115612270594
PHOENIX,9739886264160616448,airbag,3.0,9779857.835463433,40462.71702249016
PHOENIX,9739886298520354816,airbag,5.914671400817311,9183341.539953128,72595.69614341033
PHOENIX,9739886332880093184,airbag,4.0,6329833.436763809,7881.135301246788
PHOENIX,9739886367239831552,airbag,12.0,8697408.423112253,23750.34815474512
PHOENIX,9739886401599569920,airbag,33.0,11592153.006833771,26024.270125861276
PHOENIX,9739886435959308288,airbag,13.0,10172178.689769194,26371.20146423733
PHOENIX,9739886470319046656,airbag,30.0,18359901.211580712,46741.02157616005
PHOENIX,9739886504678785024,airbag,17.0,19657343.419204097,61379.05910336481
PHOENIX,9739886539038523392,airbag,0.0,4788969.6698278375,6731.259438546914
PHOENIX,9739886573398261760,airbag,14.914671400817312,14527995.913318314,41453.35494828808
PHOENIX,9739886607758000128,airbag,45.91467140081731,12473505.142078212,57294.98890188763
PHOENIX,9739886642117738496,airbag,15.0,15540466.45134574,60511.38215788517
PHOENIX,9739886676477476864,airbag,20.914671400817312,17961859.23875544,66326.43587576992
PHOENIX,9739886710837215232,airbag,11.914671400817312,10098961.734397236,41781.66680498485
PHOENIX,9739886745196953600,airbag,21.0,16649879.252939027,59687.70720368134
PHOENIX,9739886779556691968,airbag,33.0,13455873.616067613,71667.94249003087
PHOENIX,9739886813916430336,airbag,20.0,13536906.565671341,76627.93440614874
PHOENIX,9739886848276168704,airbag,30.0,15439034.3314975,56917.553481292234
PHOENIX,9739886882635907072,airbag,16.146714008173106,13968071.548153471,37533.7959774288
PHOENIX,9739886916995645440,airbag,5.488028404903866,12216694.116721762,34521.47098013186
PHOENIX,9739886951355383808,airbag,16.061385408990418,11100765.70455872,72537.20106945434
PHOENIX,9739886985715122176,airbag,5.914671400817311,8416748.904289931,58542.56768005544
PHOENIX,9739887020074860544,airbag,0.0,4175140.136385731,6593.289210588172
PHOENIX,9739887054434598912,airbag,22.0,11158906.14052764,31007.071875995396
PHOENIX,9739887088794337280,airbag,23.573357004086557,12861729.274565933,19739.183974374933
PHOENIX,9739887123154075648,airbag,3.658685603269244,8614258.831137704,21123.844204233756
PHOENIX,9739887157513814016,airbag,6.6586856032692445,16340886.002663082,58244.79289388034
PHOENIX,9739887191873552384,airbag,18.0,10898573.134192135,62926.43478253379
PHOENIX,9739887226233290752,airbag,1.0,1758387.5755965803,5943.465716310569
PHOENIX,9739887260593029120,airbag,12.914671400817312,11302046.809806805,32531.44529948406
PHOENIX,9739887294952767488,airbag,57.50152743350978,20651746.78837325,79415.15610430868
PHOENIX,9739887329312505856,airbag,14.402699805721175,20143884.825946473,98776.9015892235
PHOENIX,9739887363672244224,airbag,33.12277081798085,20796219.900583867,49400.83503289135
PHOENIX,9739887398031982592,airbag,36.69612782206741,30249240.852345098,53259.36643580173
PHOENIX,9739887432391720960,airbag,18.63474241307697,14243032.020619715,35508.12191924443
PHOENIX,9739887466751459328,airbag,27.037442218798155,10481981.80880663,70918.60476372656
PHOENIX,9739887501111197696,airbag,30.12277081798085,18779559.25453348,138553.33549166395
PHOENIX,9739887535470936064,airbag,4.573357004086555,5865319.2127010785,12593.583710038047
PHOENIX,9739887569830674432,airbag,19.634742413076975,7231250.798290551,28653.686499448773
PHOENIX,9739887604190412800,airbag,2.0,5371422.858548767,11424.94810195403
PHOENIX,9739887638550151168,airbag,28.378756615528914,13792541.191117411,35616.696973635924
PHOENIX,9739887672909889536,airbag,14.146714008173108,13230282.686858239,51349.57506102343
PHOENIX,9739887707269627904,airbag,50.0,15334624.30892901,46112.30753367973
PHOENIX,9739887741629366272,airbag,44.48802840490387,8497858.90121333,35703.773550270445
PHOENIX,9739887775989104640,airbag,8.829342801634622,10280189.245369123,52223.033778992234
PHOENIX,9739887810348843008,airbag,26.0,13689375.68691878,60252.56082792758
PHOENIX,9739887844708581376,airbag,8.0,8699122.946160529,123497.55462657448
PHOENIX,9739887879068319744,airbag,45.29342801634623,17240481.41275171,165999.5935682789
PHOENIX,9739887913428058112,airbag,8.91467140081731,7694510.740728371,24862.50505446765
PHOENIX,9739887947787796480,airbag,12.0,8807132.464785678,32567.869031259444
PHOENIX,9739887982147534848,airbag,28.914671400817312,21714903.45781455,114108.78059657835
PHOENIX,9739888016507273216,airbag,34.91467140081731,22405536.065084293,235923.0013816161
PHOENIX,9739888050867011584,airbag,39.0,17586915.35729459,133355.2923638543
PHOENIX,9739888085226749952,airbag,23.914671400817312,21927469.329135854,96533.38688043688
PHOENIX,9739888119586488320,airbag,49.0,16867236.698271368,72512.30385005403
PHOENIX,9739888153946226688,airbag,6.0,6156633.067730358,66945.41327496424
PHOENIX,9739888188305965056,airbag,12.0,9199275.560016051,57730.76245498577
PHOENIX,9739888222665703424,airbag,10.0,9807412.267290432,54630.196825871426
PHOENIX,9739888257025441792,airbag,35.91467140081731,21804305.538441934,209596.0313652466
PHOENIX,9739888291385180160,airbag,20.914671400817312,12161088.425548226,109862.86648275895
PHOENIX,9739888325744918528,airbag,21.0,11665663.043328669,131467.0751873061
PHOENIX,9739888360104656896,airbag,40.0,20470227.48621306,172782.43755415396
PHOENIX,9739888394464395264,airbag,42.91467140081731,24151811.546610452,169991.2298426496
PHOENIX,9739888428824133632,airbag,85.91467140081731,20596160.556321934,166932.06381559526
PHOENIX,9739888463183872000,airbag,19.0,16770323.795185879,238940.3269335595
PHOENIX,9739888497543610368,airbag,68.0,24459008.28368415,267610.8146699898
PHOENIX,9739888531903348736,airbag,57.91467140081731,12916570.938277243,197369.36598088438
PHOENIX,9739888566263087104,airbag,9.0,9730731.08643672,145558.4622654589
PHOENIX,9739888600622825472,airbag,41.91467140081731,20558627.023139626,121428.04643958333
PHOENIX,9739888634982563840,airbag,52.829342801634624,15057564.019118031,110393.70520139426
PHOENIX,9739888669342302208,airbag,11.0,8272381.208458713,133646.9365953408
PHOENIX,9739888703702040576,airbag,11.0,8042022.857027133,118232.94571798707
PHOENIX,9739888738061778944,airbag,8.0,7734069.465837087,172094.098941729
PHOENIX,9739888772421517312,airbag,4.0,7045217.978610487,94454.49200431093
PHOENIX,9739888806781255680,airbag,2.0,3461028.1887366213,35681.528513977995
PHOENIX,9739888841140994048,airbag,0.0,3049798.484947014,46265.791686104814
PHOENIX,9739888875500732416,airbag,27.0,18962128.970702246,184374.46868763628
PHOENIX,9739888909860470784,airbag,9.0,12674613.776836134,102741.54133502427
PHOENIX,9739888944220209152,airbag,11.0,24940304.00221048,155714.68439811424
PHOENIX,9739888978579947520,airbag,14.0,18051913.606074158,96447.58721984776
PHOENIX,9739889012939685888,airbag,2.0,7491748.432642117,113715.23825354953
PHOENIX,9739889047299424256,airbag,33.0,23311128.028116845,173948.43062453528
PHOENIX,9739889081659162624,airbag,6.0,8805460.694745483,36344.79259283717
PHOENIX,9739889150378639360,airbag,0.0,4549239.640005004,7515.585369069608
PHOENIX,9739889184738377728,airbag,0.0,6280064.323157931,26585.12966447046
PHOENIX,9739889322177331200,airbag,0.0,4255002.706327681,3157.3413505839567
PHOENIX,9739889425256546304,airbag,0.0,466128.77156423446,572.2795659959231
PHOENIX,9739889768853929984,airbag,0.0,6599058.7151953215,1003.4665281626435
PHOENIX,9739889803213668352,airbag,7.0,17792052.78553856,16076.381091973812
PHOENIX,9739889837573406720,airbag,8.0,13215092.488798015,19873.193312624877
PHOENIX,9739889871933145088,airbag,4.0,8901638.860583333,755.1867204332902
PHOENIX,9739889906292883456,airbag,3.0,8321521.902668537,742.5574835668976
PHOENIX,9739889940652621824,airbag,1.0,4506409.752350367,16344.19810914547
PHOENIX,9739889975012360192,airbag,2.0,11977400.488522764,21125.84719682573
PHOENIX,9739890456048697344,airbag,2.0,9555513.55158777,5455.452150340259
PHOENIX,9739890490408435712,airbag,10.0,9714792.366907092,6431.584975341935
PHOENIX,9739890524768174080,airbag,9.914671400817312,17943595.414664287,39188.348277737656
PHOENIX,9739890559127912448,airbag,1.829342801634622,13267560.801515313,26603.59643447924
PHOENIX,9739890593487650816,airbag,7.0,7818317.109272328,17800.26425219409
PHOENIX,9739890627847389184,airbag,0.0,10064336.042636989,15019.29636975051
PHOENIX,9739890662207127552,airbag,0.0,6033255.264400725,767.5986248722629
PHOENIX,9739890696566865920,airbag,11.0,9561973.783231692,14934.985796082545
PHOENIX,9739890730926604288,airbag,11.0,17587317.68311195,81748.79621455501
PHOENIX,9739890765286342656,airbag,9.0,18651258.786940765,58055.41361831396
PHOENIX,9739890799646081024,airbag,15.0,15716959.658643432,45886.09965817725
PHOENIX,9739890834005819392,airbag,3.914671400817311,12050338.0363069,65872.85885197768
PHOENIX,9739890868365557760,airbag,15.829342801634622,22545385.65627794,53478.27134276843
PHOENIX,9739890902725296128,airbag,2.914671400817311,5002089.540560535,3385.809473402233
PHOENIX,9739890937085034496,airbag,9.0,14889162.687499933,26302.395694323808
PHOENIX,9739890971444772864,airbag,0.0,17959318.252989233,36443.09509384076
PHOENIX,9739891005804511232,airbag,0.0,5958796.654678246,10215.706810502901
PHOENIX,9739891040164249600,airbag,0.0,5472370.065304551,6425.665971792693
PHOENIX,9739891074523987968,airbag,0.0,937137.3064913462,1327.3394485417357
PHOENIX,9739891143243464704,airbag,7.0,9649570.508331727,30768.324874348284
PHOENIX,9739891177603203072,airbag,0.0,9326607.092890855,27580.87137683855
PHOENIX,9739891211962941440,airbag,0.0,2314106.4544695583,6792.454240708529
PHOENIX,9739891246322679808,airbag,0.0,2705497.0454742094,14417.890770966513
PHOENIX,9739891280682418176,airbag,11.0,4298352.342451159,82370.16158547114
PHOENIX,9739891315042156544,airbag,6.0,8402188.063289378,74264.49761428879
PHOENIX,9739891349401894912,airbag,30.0,16483382.071293982,213235.1100882347
PHOENIX,9739891383761633280,airbag,16.914671400817312,6095104.677470162,76861.34369232159
PHOENIX,9739891418121371648,airbag,16.0,20478989.178657584,85317.65636317256
PHOENIX,9739891452481110016,airbag,6.914671400817311,16037985.378399944,81965.88084799868
PHOENIX,9739891486840848384,airbag,4.0,12399643.897318915,142631.93003442077
PHOENIX,9739891521200586752,airbag,20.0,26958161.89932826,269324.64475466445
PHOENIX,9739891555560325120,airbag,21.0,24815680.2718815,141172.54343245068
PHOENIX,9739891589920063488,airbag,7.0,22633083.65569256,153060.3188982333
PHOENIX,9739891624279801856,airbag,12.0,21253790.72607727,142268.14024622724
PHOENIX,9739891658639540224,airbag,16.914671400817312,22774129.98293586,130660.26752487285
PHOENIX,9739891692999278592,airbag,13.829342801634622,8318139.830345277,52927.46444718067
PHOENIX,9739891727359016960,airbag,14.0,11811780.88038093,77318.8715201601
PHOENIX,9739891761718755328,airbag,13.0,10702778.168491805,120464.960728801
PHOENIX,9739891796078493696,airbag,4.0,9250923.776966427,82460.2758391744
PHOENIX,9739891830438232064,airbag,0.0,5982680.001124344,40731.99511993096
PHOENIX,9739891864797970432,airbag,7.0,7281111.629381528,54823.41914875458
PHOENIX,9739891899157708800,airbag,13.0,11759315.701598195,57312.21706420105
PHOENIX,9739891933517447168,airbag,46.91467140081731,15309178.054545056,88826.97043743446
PHOENIX,9739891967877185536,airbag,56.0,27249004.896609183,158771.77346521695
PHOENIX,9739892002236923904,airbag,58.0,15334417.456020102,105978.92052213653
PHOENIX,9739892036596662272,airbag,15.0,10703576.982624697,68099.0552566029
PHOENIX,9739892070956400640,airbag,81.91467140081731,22400798.4503092,127403.9385816863
PHOENIX,9739892105316139008,airbag,8.0,13364668.615383718,87036.59360037555
PHOENIX,9739892139675877376,airbag,19.0,11565784.050785767,77506.86098401464
PHOENIX,9739892174035615744,airbag,28.0,14504402.46397665,92249.72546948251
PHOENIX,9739892208395354112,airbag,28.0,19758943.042502638,109604.80923529065
PHOENIX,9739892242755092480,airbag,7.0,3051903.2832299974,52420.053043984386
PHOENIX,9739892277114830848,airbag,6.0,7981534.363519879,56740.27741891038
PHOENIX,9739892311474569216,airbag,17.0,12391669.551994218,69701.92511591954
PHOENIX,9739892345834307584,airbag,10.914671400817312,1859528.0276888483,59181.621113070876
PHOENIX,9739892414553784320,airbag,3.0,703212.8076956759,25714.567839272022
PHOENIX,9739892448913522688,airbag,0.0,1966895.1426353473,11789.696754624118
PHOENIX,9739892483273261056,airbag,0.0,1895337.1434675003,9157.130831864026
PHOENIX,9739892517632999424,airbag,3.0,7408736.204212689,25963.85162671192
PHOENIX,9739892586352476160,airbag,3.914671400817311,8815374.021598617,28197.99023374262
PHOENIX,9739892620712214528,airbag,6.0,14042826.11884671,61371.52758293519
PHOENIX,9739892655071952896,airbag,2.0,7571645.304088804,18094.34303234353
PHOENIX,9739892723791429632,airbag,1.0,1034478.677295041,526.2804574671848
PHOENIX,9739892792510906368,airbag,0.0,3753702.6013156925,9820.354800477686
PHOENIX,9739892826870644736,airbag,2.0,13083834.242613133,68576.18065549765
PHOENIX,9739892861230383104,airbag,42.0,14246876.146287598,113672.58898902203
PHOENIX,9739892895590121472,airbag,30.0,7843485.515014404,90173.22999065057
PHOENIX,9739892929949859840,airbag,8.0,6101630.613059032,49180.84771203694
PHOENIX,9739892964309598208,airbag,27.0,10912924.695622563,58948.46072885362
PHOENIX,9739892998669336576,airbag,22.914671400817312,7665986.000544109,73172.71353120249
PHOENIX,9739893033029074944,airbag,0.0,2694471.727452297,35951.29596535017
PHOENIX,9739893067388813312,airbag,3.0,2230852.0610680827,4592.181957228915
PHOENIX,9739893101748551680,airbag,2.0,6155412.174932009,14475.688801103817
PHOENIX,9739893136108290048,airbag,7.0,9806253.204199884,21766.554571895576
PHOENIX,9739893170468028416,airbag,2.0,7554008.232039406,15753.8618440003
PHOENIX,9739893204827766784,airbag,18.0,9556605.278192269,42534.11315275899
PHOENIX,9739893239187505152,airbag,7.0,14777970.97192666,20349.910121038756
PHOENIX,9739893273547243520,airbag,22.914671400817312,10035767.55070998,19172.407350392034
PHOENIX,9739893307906981888,airbag,21.0,19066831.37647179,53689.06186158426
PHOENIX,9739893342266720256,airbag,116.0,19778114.04651048,101073.81913777569
PHOENIX,9739893376626458624,airbag,18.914671400817312,12193373.3354868,91318.52139698366
PHOENIX,9739893410986196992,airbag,34.0,19151079.305907205,94557.17643485375
PHOENIX,9739893445345935360,airbag,39.91467140081731,24561634.796605032,98636.97846669736
PHOENIX,9739893479705673728,airbag,17.0,12220899.29688514,85945.26423758759
PHOENIX,9739893514065412096,airbag,22.0,13389203.344054235,77617.17692195479
PHOENIX,9739893548425150464,airbag,58.0,20381239.08364994,84311.77763187187
PHOENIX,9739893582784888832,airbag,42.0,17225478.66169611,102233.12760297388
PHOENIX,9739893617144627200,airbag,99.0,27036809.044162262,144106.27875431467
PHOENIX,9739893651504365568,airbag,20.0,12804704.559222506,81814.35427120447
PHOENIX,9739893685864103936,airbag,23.0,17218833.13638673,68851.5151093289
PHOENIX,9739893720223842304,airbag,71.0,25016017.10670612,96760.23292114184
PHOENIX,9739893754583580672,airbag,33.0,20228083.283325464,110053.99683243108
PHOENIX,9739893788943319040,airbag,10.0,8337530.764689735,27521.404717467107
PHOENIX,9739893823303057408,airbag,27.914671400817312,9717484.063589739,64043.23794637819
PHOENIX,9739893857662795776,airbag,51.91467140081731,13606543.919630809,80316.45115394842
PHOENIX,9739893892022534144,airbag,18.0,14649027.060833674,80032.47003665147
PHOENIX,9739893926382272512,airbag,61.0,18259797.323008478,106962.2263771567
PHOENIX,9739893960742010880,airbag,12.0,9760604.66463271,77306.39575234073
PHOENIX,9739893995101749248,airbag,23.0,10407505.644320058,147944.74491768985
PHOENIX,9739894029461487616,airbag,29.914671400817312,10897567.860742562,170140.20305931184
PHOENIX,9739894063821225984,airbag,50.0,16640099.941001846,261790.75117604798
PHOENIX,9739894098180964352,airbag,29.0,14245469.848265043,135298.4721350202
PHOENIX,9739894132540702720,airbag,11.0,8200625.72306071,62283.44928095166
PHOENIX,9739894166900441088,airbag,3.0,4476873.543602556,21936.285981753572
PHOENIX,9739894201260179456,airbag,31.0,10161794.222329263,62748.66748911091
PHOENIX,9739894235619917824,airbag,6.0,7150362.054310629,33223.4339680178
PHOENIX,9739894269979656192,airbag,27.0,9184552.502222488,38319.97444725151
PHOENIX,9739894304339394560,airbag,1.0,57895.28127601948,123.21203876587599
PHOENIX,9739894338699132928,airbag,0.0,347951.77875890996,763.0687034479184
PHOENIX,9739894373058871296,airbag,2.0,7708835.038571293,23085.45565616418
PHOENIX,9739894407418609664,airbag,0.0,7651177.357082844,39894.75194956933
PHOENIX,9739894441778348032,airbag,7.0,9552767.575319322,83374.54765869318
PHOENIX,9739894476138086400,airbag,17.0,15557161.915610254,85688.65891357981
PHOENIX,9739894510497824768,airbag,18.0,16003601.169035997,267240.8118473978
PHOENIX,9739894544857563136,airbag,4.0,12222334.648147771,232869.31784365943
PHOENIX,9739894579217301504,airbag,5.0,12307524.156194732,233909.39972905608
PHOENIX,9739894613577039872,airbag,3.0,3957665.945078345,128030.60059719994
PHOENIX,9739894647936778240,airbag,11.0,12466731.819050023,263912.61155242944
PHOENIX,9739894682296516608,airbag,34.91467140081731,20735681.536910146,216653.41518013313
PHOENIX,9739894716656254976,airbag,7.0,6053390.742966929,33095.855505176274
PHOENIX,9739894751015993344,airbag,0.0,4485279.100070956,25762.819691555695
PHOENIX,9739894785375731712,airbag,7.0,9918565.218849503,241474.107302711
PHOENIX,9739894819735470080,airbag,14.0,9261488.079742018,210448.4736006017
PHOENIX,9739894888454946816,airbag,36.91467140081731,15996222.902578179,167510.89190018235
PHOENIX,9739894922814685184,airbag,25.0,22694330.028416697,168007.9921912156
PHOENIX,9739894957174423552,airbag,22.0,12923464.24670529,95105.81638329705
PHOENIX,9739894991534161920,airbag,27.0,9136782.338052388,121496.08775290355
PHOENIX,9739895025893900288,airbag,1.0,17123437.189216215,110797.45201288848
PHOENIX,9739895060253638656,airbag,3.0,12729662.110974949,70869.1039693193
PHOENIX,9739895094613377024,airbag,6.0,7888146.660960025,38207.25980065508
PHOENIX,9739895128973115392,airbag,53.0,17183736.54792075,39054.30400683655
PHOENIX,9739895163332853760,airbag,10.0,14905978.30086123,26726.2962462581
PHOENIX,9739895197692592128,airbag,43.0,20588374.37273606,40908.611341301155
PHOENIX,9739895232052330496,airbag,30.0,10061190.80752865,10673.241721428576
PHOENIX,9739895266412068864,airbag,0.0,4798699.230434271,24059.667720179852
PHOENIX,9739895300771807232,airbag,19.914671400817312,16785504.332533773,202171.8752384408
PHOENIX,9739895335131545600,airbag,37.91467140081731,18924915.25202362,174594.35708277268
PHOENIX,9739895369491283968,airbag,40.91467140081731,12128855.032587111,24830.532348469416
PHOENIX,9739895403851022336,airbag,14.0,8910139.413275093,218725.28306008014
PHOENIX,9739895438210760704,airbag,22.0,20836835.877294086,218053.9645889266
PHOENIX,9739895472570499072,airbag,17.0,14521509.08127516,109391.7078209591
PHOENIX,9739895506930237440,airbag,38.0,14679696.800615015,6872.526294408149
PHOENIX,9739895541289975808,airbag,50.91467140081731,29249997.510785643,5895.304261500263
PHOENIX,9739895575649714176,airbag,59.91467140081731,15954029.175657881,107313.18575288837
PHOENIX,9739895610009452544,airbag,27.0,13402835.749505699,92077.10097010543
PHOENIX,9739895644369190912,airbag,28.0,18848020.453653254,3165.025466028763
PHOENIX,9739895747448406016,airbag,3.0,5836395.89593191,4400.605932543559
PHOENIX,9739895781808144384,airbag,1.9146714008173111,3486954.739473003,34864.29021427075
PHOENIX,9739895816167882752,airbag,7.0,6310757.798826622,47349.42434602681
PHOENIX,9739895850527621120,airbag,20.0,10694287.562049093,30895.185573699717
PHOENIX,9739895884887359488,airbag,29.0,13413272.215793602,50105.335709993684
PHOENIX,9739895919247097856,airbag,53.0,16078815.08447396,92500.16211355815
PHOENIX,9739895953606836224,airbag,40.829342801634624,14514252.757852364,78571.84235543778
PHOENIX,9739895987966574592,airbag,40.91467140081731,15354152.47753286,53390.85360904278
PHOENIX,9739896022326312960,airbag,27.0,13946506.892407648,66115.54067387339
PHOENIX,9739896056686051328,airbag,34.0,14478851.842338318,76619.67524744598
PHOENIX,9739896091045789696,airbag,51.0,18837688.413046755,1683.9592581187735
PHOENIX,9739896125405528064,airbag,31.0,16761365.490186574,4051.612928087957
PHOENIX,9739896297204219904,airbag,45.0,17417607.140106965,299.20821911108226
PHOENIX,9739896331563958272,airbag,26.829342801634624,13819711.946076283,1129.4010667256046
PHOENIX,9739896365923696640,airbag,9.0,7969173.977112439,32206.248918510617
PHOENIX,9739896400283435008,airbag,2.0,2960580.6372788935,6331.4200989106075
PHOENIX,9739896434643173376,airbag,35.0,13611445.143310172,33143.62089189809
PHOENIX,9739896469002911744,airbag,21.0,9802813.012226146,18351.392508789653
PHOENIX,9739896503362650112,airbag,12.0,14425098.075314486,9666.51962051546
PHOENIX,9739896537722388480,airbag,72.91467140081731,24495537.48329765,18877.89473697348
PHOENIX,9739896572082126848,airbag,25.0,12698064.114206668,8479.736782231616
PHOENIX,9739896606441865216,airbag,10.0,11061295.846859433,4695.031251595112
PHOENIX,9739896675161341952,airbag,48.0,19752906.953292653,40.026401153921135
PHOENIX,9739897190557417472,airbag,20.0,12308918.483294733,25.430853155687515
PHOENIX,9739897259276894208,airbag,36.0,16415461.809575938,1203.3475129860972
PHOENIX,9739897293636632576,airbag,59.829342801634624,15683332.62279452,1795.094301889015
PHOENIX,9739897327996370944,airbag,18.0,11381066.313814133,2183.6931624404597
PHOENIX,9739897431075586048,airbag,4.0,2903550.4124819688,28.330964197232383
PHOENIX,9739897740313231360,airbag,30.914671400817312,12792736.539058892,601.0078392811995
PHOENIX,9739897809032708096,airbag,9.914671400817312,14323790.03025839,37.3261961568959
PHOENIX,9739897843392446464,airbag,29.0,17706459.89836524,7175.558360086724
PHOENIX,9739897877752184832,airbag,12.0,8581641.599707695,7067.316075813578
PHOENIX,9739897912111923200,airbag,49.91467140081731,21988652.409435183,82040.14428735261
PHOENIX,9739897946471661568,airbag,34.0,17752206.3149216,22534.78451515477
PHOENIX,9739897980831399936,airbag,0.0,2378583.3535608156,5182.237672836861
PHOENIX,9739898049550876672,airbag,17.914671400817312,8712290.238636715,5366.733894367658
PHOENIX,9739898083910615040,airbag,61.0,20959179.02492822,16579.686722952945
PHOENIX,9739898118270353408,airbag,12.0,16531482.73520456,18764.341325731406
PHOENIX,9739898152630091776,airbag,5.0,9441204.343241856,36087.57014304536
PHOENIX,9739898186989830144,airbag,28.914671400817312,14856463.385510089,38882.34892616971
PHOENIX,9739898221349568512,airbag,5.0,8554886.40721097,12899.235471727761
PHOENIX,9739898255709306880,airbag,38.91467140081731,7876032.361620155,41356.23519916892
PHOENIX,9739898290069045248,airbag,31.0,13515438.441214785,163751.44689667894
PHOENIX,9739898324428783616,airbag,20.0,11313959.114954215,51009.59194541625
PHOENIX,9739898358788521984,airbag,16.0,16973049.639218777,410047.37426747783
PHOENIX,9739898393148260352,airbag,13.0,12832617.347719133,231221.2118465331
PHOENIX,9739898427507998720,airbag,24.914671400817312,21177897.855515674,292193.89477895654
PHOENIX,9739898461867737088,airbag,70.0,26483924.47223472,208817.9495012514
PHOENIX,9739898496227475456,airbag,80.0,34739618.83309472,277536.22626230423
PHOENIX,9739898530587213824,airbag,46.0,28671541.583493356,410915.9626436218
PHOENIX,9739898564946952192,airbag,49.0,27304778.70806304,246410.3952630512
PHOENIX,9739898599306690560,airbag,17.0,10202464.650814835,36395.91819102633
PHOENIX,9739898633666428928,airbag,27.0,13427138.665034777,77923.51297674404
PHOENIX,9739898668026167296,airbag,66.91467140081731,24239225.28675876,248495.47495267482
PHOENIX,9739898702385905664,airbag,56.91467140081731,28982749.248545058,205114.84922917245
PHOENIX,9739898736745644032,airbag,20.0,10392128.441204011,52647.714164541474
PHOENIX,9739898771105382400,airbag,11.0,18579921.372709233,39723.16466010649
PHOENIX,9739898805465120768,airbag,46.0,27993745.79457984,161506.7662532965
PHOENIX,9739898839824859136,airbag,41.0,35868981.631548196,167419.12431058954
PHOENIX,9739898874184597504,airbag,27.0,23288791.61529928,115325.45750992732
PHOENIX,9739898908544335872,airbag,37.0,13098958.09171712,101580.92668512474
PHOENIX,9739898942904074240,airbag,32.0,30235956.08331099,143287.95597673528
PHOENIX,9739898977263812608,airbag,47.0,20842644.03296574,86805.72120770435
PHOENIX,9739899011623550976,airbag,81.82934280163462,29236680.009065706,117761.85078854099
PHOENIX,9739899045983289344,airbag,67.0,12723693.583595958,61765.22811466583
PHOENIX,9739899080343027712,airbag,43.0,7624812.873739188,60324.034449218976
PHOENIX,9739899114702766080,airbag,12.0,8117588.069246821,35652.09766741356
PHOENIX,9739899149062504448,airbag,15.0,16313013.856891299,19958.78881444334
PHOENIX,9739899183422242816,airbag,42.0,20468411.06351001,28386.825210082454
PHOENIX,9739899217781981184,airbag,37.0,16131947.147344502,63964.32022573318
PHOENIX,9739899252141719552,airbag,69.0,17777458.130207863,80788.95708992533
PHOENIX,9739899286501457920,airbag,34.0,21147264.090280253,27685.015308527898
PHOENIX,9739899320861196288,airbag,30.914671400817312,15626497.339495916,28391.98955184636
PHOENIX,9739899355220934656,airbag,17.0,6373877.518816633,38577.03329973656
PHOENIX,9739899389580673024,airbag,17.0,18596382.3440209,63232.70147881684
PHOENIX,9739899423940411392,airbag,26.0,16630840.620109474,85333.48511604266
PHOENIX,9739899458300149760,airbag,66.0,35833069.943943664,183644.6274877316
PHOENIX,9739899492659888128,airbag,31.0,20105820.955694277,67517.07303996233
PHOENIX,9739899527019626496,airbag,14.0,13072246.974052457,28542.277428056084
PHOENIX,9739899561379364864,airbag,92.82934280163462,29393248.66555958,5993.365076599138
PHOENIX,9739899595739103232,airbag,64.0,25932584.968162984,3864.9346157854416
PHOENIX,9739899630098841600,airbag,52.91467140081731,19813318.675169747,30763.825507966918
PHOENIX,9739899664458579968,airbag,42.91467140081731,11030521.51240828,24309.37866288062
PHOENIX,9739899698818318336,airbag,41.91467140081731,14764729.257826643,21323.706294912805
PHOENIX,9739899733178056704,airbag,46.829342801634624,14067620.775571724,2952.7026846336094
PHOENIX,9739899767537795072,airbag,104.65868560326925,15356067.675768396,3213.6079599361383
PHOENIX,9739900214214393856,airbag,26.0,18486361.28093926,5260.628747905677
PHOENIX,9739900248574132224,airbag,25.0,15881892.609258581,28538.795715224023
PHOENIX,9739900282933870592,airbag,36.91467140081731,18225651.603456683,21873.61577458062
PHOENIX,9739900317293608960,airbag,31.914671400817312,17793713.313069463,2095.0623646916265
PHOENIX,9739900351653347328,airbag,34.0,17736718.434963614,1999.3214964158472
PHOENIX,9739900386013085696,airbag,15.0,18101622.935086727,8418.560017928048
PHOENIX,9739900420372824064,airbag,28.0,14504135.776223734,16776.086765598513
PHOENIX,9739900454732562432,airbag,13.91467140081731,14774768.172741747,1864.831104651273
PHOENIX,9739997727151882240,airbag,23.914671400817312,22966090.23528204,666.4649320161287
PHOENIX,9739997761511620608,airbag,38.0,17172110.45231854,610.33620596106
PHOENIX,9739998208188219392,airbag,56.74401420245193,21818775.351813667,1735.1991779647926
PHOENIX,9739998242547957760,airbag,101.0,22687567.097648893,3493.0826028202378
PHOENIX,9739998276907696128,airbag,20.0,18430391.675058577,12757.250483367394
PHOENIX,9739998311267434496,airbag,33.0,23193731.07636463,7744.201335071334
PHOENIX,9739998345627172864,airbag,60.0,17873216.98437176,6284.526468889841
PHOENIX,9739998379986911232,airbag,56.91467140081731,17168514.197307836,1271.5832598588179
PHOENIX,9739998414346649600,airbag,22.914671400817312,15957050.345327834,1578.8726517211992
PHOENIX,9739998448706387968,airbag,13.0,14580874.563212214,2349.684480385737
PHOENIX,9739998483066126336,airbag,0.0,9897779.938319081,1842.6797741249297
PHOENIX,9739998517425864704,airbag,36.0,20100362.4892564,1974.1783423004413
PHOENIX,9739998551785603072,airbag,20.0,20701020.907767665,7231.101294726978
PHOENIX,9739998586145341440,airbag,8.0,12719233.330634572,2991.8824514236076
PHOENIX,9739998620505079808,airbag,19.0,13076758.521278169,5450.7565920195575
PHOENIX,9739998654864818176,airbag,2.0,8270916.664391908,6386.242375195925
PHOENIX,9739998689224556544,airbag,37.0,20922559.27770931,15958.122340462734
PHOENIX,9739998723584294912,airbag,38.0,10838997.395711385,7889.9873714415235
PHOENIX,9739998757944033280,airbag,13.0,6462529.481353892,3985.8461016305264
PHOENIX,9739998792303771648,airbag,21.914671400817312,21645662.561635353,14736.453603182186
PHOENIX,9739998826663510016,airbag,25.0,16903016.003702015,10028.177968668902
PHOENIX,9739998861023248384,airbag,31.0,21940322.249199357,5893.748264687852
PHOENIX,9739998895382986752,airbag,9.0,7089216.7070956705,3.3499394602487556
PHOENIX,9739998929742725120,airbag,40.0,17336947.59851401,2363.5370026598052
PHOENIX,9739999204620632064,airbag,16.0,6543770.44440665,0.7379116953189077
PHOENIX,9740002606234730496,airbag,6.0,14667801.973887993,250.27946993523952
PHOENIX,9740002674954207232,airbag,0.0,1298564.3740745399,0.09969139216623821
PHOENIX,9740002709313945600,airbag,5.0,10657942.491250152,5177.3676685947785
PHOENIX,9740002743673683968,airbag,23.914671400817312,14117348.421208927,3320.107934237033
PHOENIX,9740002915472375808,airbag,8.0,5410645.953483107,1970.2956877625222
PHOENIX,9740002949832114176,airbag,2.0,11779494.11085129,8267.289322385992
PHOENIX,9740002984191852544,airbag,17.0,10964097.261854578,6691.8648269547
PHOENIX,9740003018551590912,airbag,0.0,3444797.810421834,1779.6573956741654
PHOENIX,9740003052911329280,airbag,5.0,7386958.045625767,2130.5976182288773
PHOENIX,9740003087271067648,airbag,6.0,9292962.581707237,4625.168033420369
PHOENIX,9740003155990544384,airbag,0.0,2327896.5629988057,1438.169713563127
PHOENIX,9740003190350282752,airbag,0.0,5825691.966848621,3248.6527339016175
PHOENIX,9740003224710021120,airbag,17.0,14071680.873854736,8538.54196703154
PHOENIX,9740003259069759488,airbag,3.0,10972637.512010418,5456.5841480242425
PHOENIX,9740003293429497856,airbag,24.0,22665065.030069835,10847.538381050792
PHOENIX,9740003327789236224,airbag,6.0,13253667.5098634,8680.390051375993
PHOENIX,9740003362148974592,airbag,30.0,13043265.350483803,1681.0547033212679
PHOENIX,9740003396508712960,airbag,0.0,6482563.220618698,1321.0393889669158
PHOENIX,9740003430868451328,airbag,5.0,5905362.262705181,142.99851099956612
PHOENIX,9740003533947666432,airbag,25.0,14369725.150434004,35.32598677532409
PHOENIX,9740004152422957056,airbag,19.0,10896780.11071058,776.225774728828
PHOENIX,9740004186782695424,airbag,10.0,8637683.170941463,925.3948858547836
PHOENIX,9740004289861910528,airbag,25.0,15952253.24930936,894.4466853836901
PHOENIX,9740004324221648896,airbag,3.0,2002887.9992401053,1361.6093872229226
PHOENIX,9740004358581387264,airbag,15.0,10191363.129051521,1.532711843239909
PHOENIX,9740004633459294208,airbag,7.0,4893529.897677651,30.431404946400807
PHOENIX,9740004667819032576,airbag,4.0,8382694.854623479,2842.885297280273
PHOENIX,9740004702178770944,airbag,47.0,21889776.200297553,19490.85445135839
PHOENIX,9740004736538509312,airbag,0.0,4760017.511159565,5566.577473748273
PHOENIX,9740005011416416256,airbag,9.0,5116786.88278831,139.98675675556396
PHOENIX,9740005045776154624,airbag,3.0,10878577.31079399,2682.0486228912587
PHOENIX,9740005080135892992,airbag,11.0,14622038.409715697,4648.570052370415
PHOENIX,9740005114495631360,airbag,30.0,23937829.49622813,26635.850449329253
PHOENIX,9740005148855369728,airbag,5.0,10215774.515426196,23609.349535168833
PHOENIX,9740005320654061568,airbag,1.0,8640794.245970232,19278.49849463348
PHOENIX,9740005389373538304,airbag,0.0,8575363.22243168,29446.9561409269
PHOENIX,9740005423733276672,airbag,0.0,960546.460769936,840.8555351032013
PHOENIX,9740005458093015040,airbag,0.0,4242490.857306789,1883.8213365055412
PHOENIX,9740005492452753408,airbag,2.0,5689382.6268239645,4635.770159892403
PHOENIX,9740005526812491776,airbag,1.0,1286170.5701760822,1857.4647122479425
PHOENIX,9740005561172230144,airbag,9.0,11355017.252320996,9522.342443513122
PHOENIX,9740005595531968512,airbag,11.0,11951588.964065887,7653.031568241883
PHOENIX,9740005629891706880,airbag,17.0,13879588.88011244,9095.775436791513
PHOENIX,9740005664251445248,airbag,11.0,17516735.6687251,5502.101043738202
PHOENIX,9740005698611183616,airbag,6.0,15883015.984933825,2674.452664686517
PHOENIX,9740005732970921984,airbag,22.0,13627560.41495119,6046.7486002672285
PHOENIX,9740005767330660352,airbag,30.0,21754966.064012196,21089.62244805794
PHOENIX,9740005801690398720,airbag,3.0,5012620.819738936,2476.2089741918408
PHOENIX,9740005836050137088,airbag,31.0,18719618.15387999,4512.38555547973
PHOENIX,9740005870409875456,airbag,16.914671400817312,29895649.703185987,16985.469837353405
PHOENIX,9740005904769613824,airbag,13.0,23583148.078031655,14684.585510269937
PHOENIX,9740005939129352192,airbag,23.0,13407471.372491518,3069.9191773137245
PHOENIX,9740005973489090560,airbag,21.0,14047172.631897153,2229.598275327226
PHOENIX,9740006007848828928,airbag,14.0,20152448.589578792,12537.402937124958
PHOENIX,9740006042208567296,airbag,11.0,10504867.928758906,4610.435236508445
PHOENIX,9740006076568305664,airbag,0.0,5688503.662676038,1297.5166542656402
PHOENIX,9740006110928044032,airbag,11.0,9212078.919846725,4348.631242924271
PHOENIX,9740006145287782400,airbag,14.0,13096025.70973847,6924.695125383925
PHOENIX,9740006179647520768,airbag,2.0,7271255.038771269,4383.126847117582
PHOENIX,9740006214007259136,airbag,24.0,14646664.085293693,11174.677558843387
PHOENIX,9740006248366997504,airbag,12.0,8493073.511443587,10188.91638116534
PHOENIX,9740006282726735872,airbag,2.0,7609434.190769755,4808.023986977025
PHOENIX,9740006317086474240,airbag,16.914671400817312,26037099.6556093,17788.204522456566
PHOENIX,9740006351446212608,airbag,2.0,15839736.814683117,5511.109910421345
PHOENIX,9740006385805950976,airbag,13.0,7697825.2296180185,7384.010133963227
PHOENIX,9740006420165689344,airbag,10.91467140081731,20700550.489822034,23052.835895736378
PHOENIX,9740006454525427712,airbag,10.0,17402612.02611957,13719.26272355254
PHOENIX,9740006488885166080,airbag,7.0,9083756.56774889,16603.61816869672
PHOENIX,9740006523244904448,airbag,0.0,6376715.371065345,16490.977764366275
PHOENIX,9740006557604642816,airbag,4.0,14823262.349194538,13094.707821201153
PHOENIX,9740006591964381184,airbag,4.0,1817039.0772593797,2110.501994947304
PHOENIX,9740006626324119552,airbag,2.0,7801044.936318398,3545.083154059786
PHOENIX,9740006660683857920,airbag,4.0,16711853.810518544,8124.880928653481
PHOENIX,9740006695043596288,airbag,11.914671400817312,10563612.947064195,12815.549650460747
PHOENIX,9740006763763073024,airbag,1.0,7409987.663923094,7833.700232370532
PHOENIX,9740006798122811392,airbag,20.914671400817312,12363289.311650462,10865.748767870495
PHOENIX,9740006832482549760,airbag,7.0,11394012.106825707,13055.160712957819
PHOENIX,9740006866842288128,airbag,2.0,5346162.797731906,6349.353094390623
PHOENIX,9740006901202026496,airbag,0.0,2368092.5576868956,4084.7764657755706
PHOENIX,9740006969921503232,airbag,3.0,4078690.8929230864,3937.209207145863
PHOENIX,9740007004281241600,airbag,9.0,21410558.735474408,20445.153956202314
PHOENIX,9740007038640979968,airbag,9.0,19150532.990989354,28500.338422601166
PHOENIX,9740007073000718336,airbag,1.0,10334880.99807115,4591.2547624133
PHOENIX,9740007107360456704,airbag,1.0,14727512.691504976,25706.767905323366
PHOENIX,9740007141720195072,airbag,11.0,17347111.685253464,26325.56743031155
PHOENIX,9740007176079933440,airbag,32.0,27838018.764121477,22104.18799265383
PHOENIX,9740007210439671808,airbag,13.0,20738273.543049466,22198.441395619568
PHOENIX,9740007244799410176,airbag,13.0,12887921.482654199,25077.26339686281
PHOENIX,9740007279159148544,airbag,2.0,5434002.879839123,1773.524120961065
PHOENIX,9740007313518886912,airbag,7.0,6557606.894995282,134.28730636821155
PHOENIX,9740007347878625280,airbag,0.0,5982139.028188703,15.751484707349574
PHOENIX,9740007382238363648,airbag,1.9146714008173111,1544051.1989750904,1287.048920156875
PHOENIX,9740007416598102016,airbag,10.0,16506441.319828415,4851.124972451965
PHOENIX,9740007450957840384,airbag,6.0,10730720.785990888,26719.00594719351
PHOENIX,9740007485317578752,airbag,11.0,14110235.027056385,3032.933680115702
PHOENIX,9740007519677317120,airbag,17.0,21958078.359869238,2672.405668616361
PHOENIX,9740007554037055488,airbag,10.0,12947316.706226079,70.67391986741195
PHOENIX,9740007588396793856,airbag,3.0,7499660.953872471,3.173654840792374
PHOENIX,9740007828914962432,airbag,0.0,7614737.4014027,7.750620441754792
PHOENIX,9740007863274700800,airbag,0.0,10623547.898140773,2980.5318204639875
PHOENIX,9740007897634439168,airbag,23.82934280163462,19381042.230671007,5082.423993468011
PHOENIX,9740007931994177536,airbag,7.0,13808219.084532358,1164.7016410035546
PHOENIX,9740007966353915904,airbag,4.0,4387219.945744709,1339.9733845595094
PHOENIX,9740008035073392640,airbag,15.914671400817312,9671008.307737375,13108.338659565672
PHOENIX,9740008069433131008,airbag,8.0,16505972.139453096,6727.039167041377
PHOENIX,9740008103792869376,airbag,25.82934280163462,17474051.306475107,2399.3337552133557
PHOENIX,9740008138152607744,airbag,17.0,15251761.01844654,16032.391910675293
PHOENIX,9740008172512346112,airbag,2.0,12175302.181313256,712.9177073075339
PHOENIX,9740008206872084480,airbag,4.914671400817311,11490704.622904377,792.4901454108403
PHOENIX,9740008241231822848,airbag,3.914671400817311,4116485.185313645,769.9364150911348
PHOENIX,9740008275591561216,airbag,3.0,6253960.010880129,1779.2380898468778
PHOENIX,9740008309951299584,airbag,24.829342801634624,13067003.135928491,2979.211307780268
PHOENIX,9740008344311037952,airbag,3.0,13236893.622375622,411.7280586805747
PHOENIX,9740008378670776320,airbag,2.0,15023353.341392508,141.1131622795504
PHOENIX,9740008413030514688,airbag,0.0,3829978.618317919,281.2456224641764
PHOENIX,9740008859707113472,airbag,12.0,25549136.396438166,191.66558685877607
PHOENIX,9740008928426590208,airbag,0.0,6547460.1625026595,1595.4076441459363
PHOENIX,9740008962786328576,airbag,3.0,8958227.613096884,155.27847933718087
PHOENIX,9740008997146066944,airbag,25.0,15055701.794000765,2824.097191820859
PHOENIX,9740009031505805312,airbag,21.0,17029186.66559966,12219.266999495585
PHOENIX,9740009065865543680,airbag,3.0,7680505.1491239825,3505.043471117922
PHOENIX,9740009100225282048,airbag,8.0,10511790.48100323,6923.963648224812
PHOENIX,9740009134585020416,airbag,6.0,2501684.730546621,1483.8300380980968
PHOENIX,9740009168944758784,airbag,8.0,5923748.218310366,3858.091068330545
PHOENIX,9740009375103188992,airbag,5.0,19840527.143039417,54.531535813603355
PHOENIX,9740062289100275712,airbag,23.634742413076978,16309618.499521248,37.33545253940857
PHOENIX,9740062735776874496,airbag,20.464085214711595,16913943.84494563,2756.683181300714
PHOENIX,9740062770136612864,airbag,15.890728210625038,7891402.5337572945,4217.652954269286
PHOENIX,9740062804496351232,airbag,8.829342801634622,7712851.690563553,6109.685207062379
PHOENIX,9740062838856089600,airbag,49.330870235144396,15882766.445430534,39667.34513848114
PHOENIX,9740062873215827968,airbag,21.805399611442354,9003630.418097895,15118.600273091211
PHOENIX,9740062907575566336,airbag,18.549413813894283,10828089.050777901,5220.554283594726
PHOENIX,9740062941935304704,airbag,9.317371206538487,6985703.574733968,12.244285024048276
PHOENIX,9740063045014519808,airbag,21.634742413076975,12893381.36753486,316.4531618000669
PHOENIX,9740063079374258176,airbag,43.92817042942322,15782367.39509578,5207.772228365453
PHOENIX,9740063113733996544,airbag,11.146714008173108,6842068.058675979,345.23851861269566
PHOENIX,9740063148093734912,airbag,33.52547062370203,12003233.786571715,416.1916432102504
PHOENIX,9740063182453473280,airbag,42.098827627788594,16865290.854115944,3523.960454673736
PHOENIX,9740063216813211648,airbag,20.232042607355798,18074570.69290329,19595.27901263044
PHOENIX,9740063251172950016,airbag,30.696127822067403,17014665.61847427,22695.867031129652
PHOENIX,9740063285532688384,airbag,18.72007101225966,15179853.079377675,23748.919434488376
PHOENIX,9740063319892426752,airbag,40.757513231057835,22026765.694833074,27586.976132975702
PHOENIX,9740063354252165120,airbag,8.573357004086555,12469052.181361161,30827.023445151775
PHOENIX,9740063388611903488,airbag,39.26948482615396,20329138.653212905,23466.788766013
PHOENIX,9740063422971641856,airbag,47.84284183024053,15589598.98531564,12334.775278515446
PHOENIX,9740063457331380224,airbag,8.573357004086555,8303595.888412717,27950.39428654569
PHOENIX,9740063491691118592,airbag,4.744014202451933,5380619.603911149,10117.998461888144
PHOENIX,9740063526050856960,airbag,6.573357004086556,8429425.086515043,9756.363039496506
PHOENIX,9740063560410595328,airbag,33.57335700408655,17742322.869361807,13364.782501776788
PHOENIX,9740063594770333696,airbag,25.061385408990425,19447769.500515953,18412.572123863407
PHOENIX,9740063835288502272,airbag,24.378756615528914,13745786.319205014,56.1398745980419
PHOENIX,9740065278397513728,airbag,11.0,10185971.427933384,17629.317082432128
PHOENIX,9740065312757252096,airbag,22.0,14137246.738546355,13412.95752653257
PHOENIX,9740065347116990464,airbag,4.0,7423854.44270719,13912.078075213398
PHOENIX,9740065381476728832,airbag,0.0,4325633.9333124375,13497.590825943576
PHOENIX,9740065415836467200,airbag,16.0,8565862.293660618,17874.664420420566
PHOENIX,9740065450196205568,airbag,41.0,15745402.61195746,16450.066768375447
PHOENIX,9740065484555943936,airbag,24.0,15048810.539227365,13654.156580462515
PHOENIX,9740065518915682304,airbag,9.0,8846773.649226302,14765.599849451366
PHOENIX,9740065553275420672,airbag,8.0,8075256.308867522,20142.415850273348
PHOENIX,9740065587635159040,airbag,4.0,3751059.751112262,9874.879368553662
PHOENIX,9740065621994897408,airbag,24.0,13380407.73640541,16500.43045742929
PHOENIX,9740065656354635776,airbag,36.0,12585708.137476876,14885.807055568748
PHOENIX,9740065690714374144,airbag,9.0,9808132.598387567,3.8615253588008227
PHOENIX,9740065931232542720,airbag,14.0,11551622.90516442,1.0364031032046725
PHOENIX,9740065965592281088,airbag,41.0,13878187.072184779,2799.908870381805
PHOENIX,9740065999952019456,airbag,35.91467140081731,13716601.689801808,7448.950798735272
PHOENIX,9740066034311757824,airbag,5.0,4085224.4187746895,10590.00496784468
PHOENIX,9740066068671496192,airbag,3.0,4994968.628779192,4018.216864068315
PHOENIX,9740066103031234560,airbag,4.0,9689056.227115069,4486.667359930661
PHOENIX,9740066137390972928,airbag,2.0,11969929.327754868,1453.108484705954
PHOENIX,9740066171750711296,airbag,15.0,14159185.510683365,801.7245045134174
PHOENIX,9740066206110449664,airbag,0.0,5352998.155897495,6424.503930946751
PHOENIX,9740066240470188032,airbag,6.0,6821540.607697336,5643.226212040418
PHOENIX,9740066274829926400,airbag,4.0,7637576.255567061,789.1638487575808
PHOENIX,9740066309189664768,airbag,9.0,10318085.994102068,1878.6083190076513
PHOENIX,9740066343549403136,airbag,44.0,12342660.08114805,3422.314338356196
PHOENIX,9740066584067571712,airbag,8.0,11441889.084420549,0.06249851731898389
PHOENIX,9740066618427310080,airbag,0.0,7542811.657876962,0.6937111733892911
PHOENIX,9740066652787048448,airbag,9.0,7738002.404160435,0.7568680199743034
PHOENIX,9740066687146786816,airbag,49.488028404903865,16500628.08965891,0.7506718035304214
PHOENIX,9740067133823385600,airbag,0.0,5934524.140506294,0.68880508122085
PHOENIX,9740067168183123968,airbag,13.146714008173108,7446259.335575519,0.7058120396056055
PHOENIX,9740068302054490112,airbag,29.293428016346226,16054420.544249758,0.1072753839558348
PHOENIX,9740068370773966848,airbag,11.976056809807728,13962874.664445236,0.6958119820373636
PHOENIX,9740068405133705216,airbag,12.232042607355798,15513955.563784942,0.5890178629384893
PHOENIX,9740068714371350528,airbag,6.573357004086556,19468655.6589924,0.695427247917693
PHOENIX,9740068748731088896,airbag,5.6586856032692445,9633648.284482533,0.7032777812803324
PHOENIX,9740068920529780736,airbag,4.744014202451933,11430308.492708731,0.4652494172488321
PHOENIX,9740068954889519104,airbag,7.744014202451933,8504785.268210508,0.7039779790268437
PHOENIX,9740069092328472576,airbag,2.914671400817311,7503119.984231338,0.25273473360882326
PHOENIX,9740069126688210944,airbag,15.488028404903865,12441167.99086244,0.6985086499719458
PHOENIX,9740069229767426048,airbag,24.208099417163535,14591776.7123436,1.2597557113570201
PHOENIX,9740069264127164416,airbag,13.146714008173108,5455175.5238147285,0.6569868586168881
PHOENIX,9740069298486902784,airbag,30.464085214711602,15828849.20174038,0.3804748306023257
PHOENIX,9739878636298698752,blincoe_any_injury,7.342143906020549,8360097.04480056,733.5138661579498
PHOENIX,9739878670658437120,blincoe_any_injury,17.621145374449323,11169015.518518345,3519.336896580618
PHOENIX,9739878705018175488,blincoe_any_injury,29.243276653182516,6831295.642236972,1200.6492155113435
PHOENIX,9739878911176605696,blincoe_any_injury,2.93685756240822,6481933.521086218,3233.7313145756434
PHOENIX,9739879014255820800,blincoe_any_injury,36.71071953010276,12587465.79402222,8603.217997198803
PHOENIX,9739879048615559168,blincoe_any_injury,1.46842878120411,11606198.005368067,8687.69834808398
PHOENIX,9739879082975297536,blincoe_any_injury,2.93685756240822,5271080.356332197,2097.613286514209
PHOENIX,9739879117335035904,blincoe_any_injury,10.27900146842877,14254715.154384198,9115.186735070904
PHOENIX,9739879151694774272,blincoe_any_injury,42.45913568401951,18219354.54205562,20970.01358616667
PHOENIX,9739879186054512640,blincoe_any_injury,17.621145374449323,21356947.378828492,25730.58665317661
PHOENIX,9739879220414251008,blincoe_any_injury,16.152716593245213,10428316.200334013,18828.761778004948
PHOENIX,9739879254773989376,blincoe_any_injury,19.089574155653434,9615664.834368367,21724.15940274484
PHOENIX,9739879289133727744,blincoe_any_injury,55.800293685756195,14399230.358571773,25347.71798447376
PHOENIX,9739879323493466112,blincoe_any_injury,14.684287812041102,15429450.664896723,46759.62922029118
PHOENIX,9739879357853204480,blincoe_any_injury,60.080281058468834,19594589.959312048,55910.54498129095
PHOENIX,9739879392212942848,blincoe_any_injury,27.900146842878097,19118259.909942873,70884.46988718482
PHOENIX,9739879426572681216,blincoe_any_injury,32.305433186490426,14535433.683965798,41710.79432733014
PHOENIX,9739879460932419584,blincoe_any_injury,22.026431718061655,9588401.073125837,10908.579978795016
PHOENIX,9739879495292157952,blincoe_any_injury,30.83700440528632,16489545.883620596,47589.997445869485
PHOENIX,9739879529651896320,blincoe_any_injury,84.5751415577346,19122801.736882087,62002.3931017796
PHOENIX,9739879564011634688,blincoe_any_injury,11.747430249632881,800714.2729349568,5077.103599328104
PHOENIX,9739879632731111424,blincoe_any_injury,17.621145374449323,10518052.388152773,15660.808070472536
PHOENIX,9739879667090849792,blincoe_any_injury,2.93685756240822,9152483.793516165,6780.67326218982
PHOENIX,9739879873249280000,blincoe_any_injury,4.40528634361233,205831.74237167867,499.61401893162866
PHOENIX,9739879907609018368,blincoe_any_injury,1.46842878120411,3983280.208042367,12278.217621340558
PHOENIX,9739879941968756736,blincoe_any_injury,0.0,2498057.951155164,3036.638532353863
PHOENIX,9739880045047971840,blincoe_any_injury,0.0,4111810.199811897,1884.9441059590006
PHOENIX,9739880079407710208,blincoe_any_injury,23.494860499265766,3906071.8042531675,1137.6724901290474
PHOENIX,9739883034345209856,blincoe_any_injury,7.342143906020549,8257103.558644557,6968.820832026268
PHOENIX,9739883068704948224,blincoe_any_injury,0.0,2026901.1482279147,908.54950334978
PHOENIX,9739883103064686592,blincoe_any_injury,13.090560059937301,14642527.764966745,3857.973001450729
PHOENIX,9739883137424424960,blincoe_any_injury,17.621145374449323,8936016.827871537,11164.878612076733
PHOENIX,9739883171784163328,blincoe_any_injury,26.431718061673987,11527155.86024161,22307.471026928266
PHOENIX,9739883206143901696,blincoe_any_injury,27.649548901078713,22073635.622400597,29939.73360745229
PHOENIX,9739883240503640064,blincoe_any_injury,45.52129221732742,6912129.358750104,1562.4725878104382
PHOENIX,9739883274863378432,blincoe_any_injury,32.305433186490426,12088018.365231369,5967.680576607792
PHOENIX,9739883309223116800,blincoe_any_injury,73.42143906020551,18445116.591177106,1188.3334883980062
PHOENIX,9739884958490558464,blincoe_any_injury,36.46012158830338,16209766.495679589,3822.6602320226393
PHOENIX,9739884992850296832,blincoe_any_injury,2.93685756240822,8274280.417957301,4583.611452676268
PHOENIX,9739885027210035200,blincoe_any_injury,24.963289280469876,14247558.746388128,29712.187059581232
PHOENIX,9739885061569773568,blincoe_any_injury,46.86442202763184,17481992.882533286,49459.064212986385
PHOENIX,9739885095929511936,blincoe_any_injury,1.46842878120411,10266974.862616118,43038.733152597364
PHOENIX,9739885130289250304,blincoe_any_injury,4.27998737271264,7862724.945479543,3646.531865721924
PHOENIX,9739885164648988672,blincoe_any_injury,29.117977682282824,9815624.730220366,2369.6407795767764
PHOENIX,9739885199008727040,blincoe_any_injury,71.70241233720202,20262921.12243103,93826.88982596144
PHOENIX,9739885233368465408,blincoe_any_injury,71.23398355599791,16743296.279855393,98034.78142748235
PHOENIX,9739885267728203776,blincoe_any_injury,32.305433186490426,11597286.690768518,48524.269536323096
PHOENIX,9739885302087942144,blincoe_any_injury,33.773861967694536,15518846.018170882,83269.9145447116
PHOENIX,9739885336447680512,blincoe_any_injury,73.42143906020551,18291308.230730925,132702.74307108842
PHOENIX,9739885370807418880,blincoe_any_injury,57.01812452516092,17198839.57323426,125450.05190858795
PHOENIX,9739885405167157248,blincoe_any_injury,55.45814977973564,16452830.44951252,130963.28941151344
PHOENIX,9739885439526895616,blincoe_any_injury,24.837990309570184,13369085.389073119,108198.55898358587
PHOENIX,9739885473886633984,blincoe_any_injury,1.34312981030442,2326168.1344579356,12573.502867869542
PHOENIX,9739885508246372352,blincoe_any_injury,12.965261089037611,7327671.276647412,20499.392736493028
PHOENIX,9739885542606110720,blincoe_any_injury,42.20853774222012,15401770.809625924,94221.89258900228
PHOENIX,9739885576965849088,blincoe_any_injury,43.92756446522362,16889157.685949236,99656.11181594689
PHOENIX,9739885611325587456,blincoe_any_injury,0.0,10109543.955612967,31838.65112466547
PHOENIX,9739885645685325824,blincoe_any_injury,26.431718061673987,16509039.132924639,31524.147692761642
PHOENIX,9739885680045064192,blincoe_any_injury,16.152716593245213,8614694.533793768,51172.6633498345
PHOENIX,9739885714404802560,blincoe_any_injury,21.901132747161963,7983326.101155693,24856.139307653186
PHOENIX,9739885748764540928,blincoe_any_injury,14.684287812041102,18554309.7149395,2576.6618929459896
PHOENIX,9739885783124279296,blincoe_any_injury,14.684287812041102,16431489.76897683,24986.105370970577
PHOENIX,9739885817484017664,blincoe_any_injury,23.026431718061655,17886765.38749303,32550.18467517462
PHOENIX,9739885851843756032,blincoe_any_injury,0.0,5998886.868344898,11695.698168119861
PHOENIX,9739885886203494400,blincoe_any_injury,39.522278121611286,14597729.648687052,22022.93673404563
PHOENIX,9739885920563232768,blincoe_any_injury,11.747430249632881,13437156.599121371,11955.345316228111
PHOENIX,9739885954922971136,blincoe_any_injury,33.773861967694536,15958872.104642946,18140.733352863404
PHOENIX,9739885989282709504,blincoe_any_injury,23.494860499265766,12384810.922846863,23572.44026555525
PHOENIX,9739886023642447872,blincoe_any_injury,5.87371512481644,9996428.009996312,17012.485986628246
PHOENIX,9739886058002186240,blincoe_any_injury,32.305433186490426,15379647.967591187,46643.06374882211
PHOENIX,9739886092361924608,blincoe_any_injury,11.747430249632881,9054318.46543402,31311.19210508794
PHOENIX,9739886126721662976,blincoe_any_injury,24.963289280469876,15976349.742043512,77632.54424347918
PHOENIX,9739886161081401344,blincoe_any_injury,33.648562996794844,15893234.077040706,88193.08253949013
PHOENIX,9739886195441139712,blincoe_any_injury,39.64757709251098,14298835.015449349,87445.23706239415
PHOENIX,9739886229800878080,blincoe_any_injury,7.342143906020549,6590076.0739114145,17022.115612270594
PHOENIX,9739886264160616448,blincoe_any_injury,7.342143906020549,9779857.835463433,40462.71702249016
PHOENIX,9739886298520354816,blincoe_any_injury,10.15370249752908,9183341.539953128,72595.69614341033
PHOENIX,9739886332880093184,blincoe_any_injury,2.93685756240822,6329833.436763809,7881.135301246788
PHOENIX,9739886367239831552,blincoe_any_injury,17.621145374449323,8697408.423112253,23750.34815474512
PHOENIX,9739886401599569920,blincoe_any_injury,33.648562996794844,11592153.006833771,26024.270125861276
PHOENIX,9739886435959308288,blincoe_any_injury,23.494860499265766,10172178.689769194,26371.20146423733
PHOENIX,9739886470319046656,blincoe_any_injury,48.20755183793626,18359901.211580712,46741.02157616005
PHOENIX,9739886504678785024,blincoe_any_injury,39.522278121611286,19657343.419204097,61379.05910336481
PHOENIX,9739886539038523392,blincoe_any_injury,0.0,4788969.6698278375,6731.259438546914
PHOENIX,9739886573398261760,blincoe_any_injury,19.089574155653434,14527995.913318314,41453.35494828808
PHOENIX,9739886607758000128,blincoe_any_injury,45.52129221732742,12473505.142078212,57294.98890188763
PHOENIX,9739886642117738496,blincoe_any_injury,16.152716593245213,15540466.45134574,60511.38215788517
PHOENIX,9739886676477476864,blincoe_any_injury,18.152716593245213,17961859.23875544,66326.43587576992
PHOENIX,9739886710837215232,blincoe_any_injury,17.621145374449323,10098961.734397236,41781.66680498485
PHOENIX,9739886745196953600,blincoe_any_injury,45.05286343612331,16649879.252939027,59687.70720368134
PHOENIX,9739886779556691968,blincoe_any_injury,44.58443465491921,13455873.616067613,71667.94249003087
PHOENIX,9739886813916430336,blincoe_any_injury,29.900146842878097,13536906.565671341,76627.93440614874
PHOENIX,9739886848276168704,blincoe_any_injury,38.17914831130687,15439034.3314975,56917.553481292234
PHOENIX,9739886882635907072,blincoe_any_injury,21.02403995086413,13968071.548153471,37533.7959774288
PHOENIX,9739886916995645440,blincoe_any_injury,9.52720764303063,12216694.116721762,34521.47098013186
PHOENIX,9739886951355383808,blincoe_any_injury,22.617767702967928,11100765.70455872,72537.20106945434
PHOENIX,9739886985715122176,blincoe_any_injury,2.81155859150853,8416748.904289931,58542.56768005544
PHOENIX,9739887020074860544,blincoe_any_injury,2.68625962060884,4175140.136385731,6593.289210588172
PHOENIX,9739887054434598912,blincoe_any_injury,19.089574155653434,11158906.14052764,31007.071875995396
PHOENIX,9739887088794337280,blincoe_any_injury,27.524249930179025,12861729.274565933,19739.183974374933
PHOENIX,9739887123154075648,blincoe_any_injury,9.52720764303063,8614258.831137704,21123.844204233756
PHOENIX,9739887157513814016,blincoe_any_injury,14.057792957542652,16340886.002663082,58244.79289388034
PHOENIX,9739887191873552384,blincoe_any_injury,24.963289280469876,10898573.134192135,62926.43478253379
PHOENIX,9739887226233290752,blincoe_any_injury,2.81155859150853,1758387.5755965803,5943.465716310569
PHOENIX,9739887260593029120,blincoe_any_injury,21.43270396595785,11302046.809806805,32531.44529948406
PHOENIX,9739887294952767488,blincoe_any_injury,97.86819594960757,20651746.78837325,79415.15610430868
PHOENIX,9739887329312505856,blincoe_any_injury,21.991272848469478,20143884.825946473,98776.9015892235
PHOENIX,9739887363672244224,blincoe_any_injury,40.07845523692538,20796219.900583867,49400.83503289135
PHOENIX,9739887398031982592,blincoe_any_injury,60.47600033329104,30249240.852345098,53259.36643580173
PHOENIX,9739887432391720960,blincoe_any_injury,25.334402658773897,14243032.020619715,35508.12191924443
PHOENIX,9739887466751459328,blincoe_any_injury,35.79846786421273,10481981.80880663,70918.60476372656
PHOENIX,9739887501111197696,blincoe_any_injury,52.10685876355477,18779559.25453348,138553.33549166395
PHOENIX,9739887535470936064,blincoe_any_injury,10.74503848243536,5865319.2127010785,12593.583710038047
PHOENIX,9739887569830674432,blincoe_any_injury,13.932493986642962,7231250.798290551,28653.686499448773
PHOENIX,9739887604190412800,blincoe_any_injury,5.62311718301706,5371422.858548767,11424.94810195403
PHOENIX,9739887638550151168,blincoe_any_injury,44.641807653832046,13792541.191117411,35616.696973635924
PHOENIX,9739887672909889536,blincoe_any_injury,33.215321052912685,13230282.686858239,51349.57506102343
PHOENIX,9739887707269627904,blincoe_any_injury,99.72785815097981,15334624.30892901,46112.30753367973
PHOENIX,9739887741629366272,blincoe_any_injury,52.863436123347974,8497858.90121333,35703.773550270445
PHOENIX,9739887775989104640,blincoe_any_injury,13.879932489854921,10280189.245369123,52223.033778992234
PHOENIX,9739887810348843008,blincoe_any_injury,48.33285080883595,13689375.68691878,60252.56082792758
PHOENIX,9739887844708581376,blincoe_any_injury,7.342143906020549,8699122.946160529,123497.55462657448
PHOENIX,9739887879068319744,blincoe_any_injury,87.69467108995536,17240481.41275171,165999.5935682789
PHOENIX,9739887913428058112,blincoe_any_injury,10.27900146842877,7694510.740728371,24862.50505446765
PHOENIX,9739887947787796480,blincoe_any_injury,22.026431718061655,8807132.464785678,32567.869031259444
PHOENIX,9739887982147534848,blincoe_any_injury,61.17281292697387,21714903.45781455,114108.78059657835
PHOENIX,9739888016507273216,blincoe_any_injury,54.0812669627527,22405536.065084293,235923.0013816161
PHOENIX,9739888050867011584,blincoe_any_injury,72.3592825268976,17586915.35729459,133355.2923638543
PHOENIX,9739888085226749952,blincoe_any_injury,40.52227812161129,21927469.329135854,96533.38688043688
PHOENIX,9739888119586488320,blincoe_any_injury,82.23201174743018,16867236.698271368,72512.30385005403
PHOENIX,9739888153946226688,blincoe_any_injury,16.152716593245213,6156633.067730358,66945.41327496424
PHOENIX,9739888188305965056,blincoe_any_injury,22.026431718061655,9199275.560016051,57730.76245498577
PHOENIX,9739888222665703424,blincoe_any_injury,26.431718061673987,9807412.267290432,54630.196825871426
PHOENIX,9739888257025441792,blincoe_any_injury,70.3592825268976,21804305.538441934,209596.0313652466
PHOENIX,9739888291385180160,blincoe_any_injury,36.33482261740369,12161088.425548226,109862.86648275895
PHOENIX,9739888325744918528,blincoe_any_injury,34.99169280709926,11665663.043328669,131467.0751873061
PHOENIX,9739888360104656896,blincoe_any_injury,59.32848723307068,20470227.48621306,172782.43755415396
PHOENIX,9739888394464395264,blincoe_any_injury,91.88451836136049,24151811.546610452,169991.2298426496
PHOENIX,9739888428824133632,blincoe_any_injury,153.30792923013354,20596160.556321934,166932.06381559526
PHOENIX,9739888463183872000,blincoe_any_injury,52.36224023974921,16770323.795185879,238940.3269335595
PHOENIX,9739888497543610368,blincoe_any_injury,95.07197386556811,24459008.28368415,267610.8146699898
PHOENIX,9739888531903348736,blincoe_any_injury,61.42341086877325,12916570.938277243,197369.36598088438
PHOENIX,9739888566263087104,blincoe_any_injury,19.089574155653434,9730731.08643672,145558.4622654589
PHOENIX,9739888600622825472,blincoe_any_injury,70.7655547747938,20558627.023139626,121428.04643958333
PHOENIX,9739888634982563840,blincoe_any_injury,109.63096270670951,15057564.019118031,110393.70520139426
PHOENIX,9739888669342302208,blincoe_any_injury,27.649548901078713,8272381.208458713,133646.9365953408
PHOENIX,9739888703702040576,blincoe_any_injury,17.49584640354963,8042022.857027133,118232.94571798707
PHOENIX,9739888738061778944,blincoe_any_injury,7.342143906020549,7734069.465837087,172094.098941729
PHOENIX,9739888772421517312,blincoe_any_injury,0.0,7045217.978610487,94454.49200431093
PHOENIX,9739888806781255680,blincoe_any_injury,2.93685756240822,3461028.1887366213,35681.528513977995
PHOENIX,9739888841140994048,blincoe_any_injury,0.0,3049798.484947014,46265.791686104814
PHOENIX,9739888875500732416,blincoe_any_injury,36.71071953010276,18962128.970702246,184374.46868763628
PHOENIX,9739888909860470784,blincoe_any_injury,19.089574155653434,12674613.776836134,102741.54133502427
PHOENIX,9739888944220209152,blincoe_any_injury,47.52129221732742,24940304.00221048,155714.68439811424
PHOENIX,9739888978579947520,blincoe_any_injury,32.305433186490426,18051913.606074158,96447.58721984776
PHOENIX,9739889012939685888,blincoe_any_injury,11.747430249632881,7491748.432642117,113715.23825354953
PHOENIX,9739889047299424256,blincoe_any_injury,67.42242496448938,23311128.028116845,173948.43062453528
PHOENIX,9739889081659162624,blincoe_any_injury,14.684287812041102,8805460.694745483,36344.79259283717
PHOENIX,9739889150378639360,blincoe_any_injury,2.93685756240822,4549239.640005004,7515.585369069608
PHOENIX,9739889184738377728,blincoe_any_injury,4.40528634361233,6280064.323157931,26585.12966447046
PHOENIX,9739889322177331200,blincoe_any_injury,0.914671400817311,4255002.706327681,3157.3413505839567
PHOENIX,9739889425256546304,blincoe_any_injury,0.0,466128.77156423446,572.2795659959231
PHOENIX,9739889768853929984,blincoe_any_injury,8.81057268722466,6599058.7151953215,1003.4665281626435
PHOENIX,9739889803213668352,blincoe_any_injury,7.342143906020549,17792052.78553856,16076.381091973812
PHOENIX,9739889837573406720,blincoe_any_injury,26.306419090774295,13215092.488798015,19873.193312624877
PHOENIX,9739889871933145088,blincoe_any_injury,2.93685756240822,8901638.860583333,755.1867204332902
PHOENIX,9739889906292883456,blincoe_any_injury,11.747430249632881,8321521.902668537,742.5574835668976
PHOENIX,9739889940652621824,blincoe_any_injury,4.40528634361233,4506409.752350367,16344.19810914547
PHOENIX,9739889975012360192,blincoe_any_injury,2.93685756240822,11977400.488522764,21125.84719682573
PHOENIX,9739890456048697344,blincoe_any_injury,0.0,9555513.55158777,5455.452150340259
PHOENIX,9739890490408435712,blincoe_any_injury,14.684287812041102,9714792.366907092,6431.584975341935
PHOENIX,9739890524768174080,blincoe_any_injury,14.684287812041102,17943595.414664287,39188.348277737656
PHOENIX,9739890559127912448,blincoe_any_injury,5.62311718301706,13267560.801515313,26603.59643447924
PHOENIX,9739890593487650816,blincoe_any_injury,10.27900146842877,7818317.109272328,17800.26425219409
PHOENIX,9739890627847389184,blincoe_any_injury,0.0,10064336.042636989,15019.29636975051
PHOENIX,9739890662207127552,blincoe_any_injury,10.15370249752908,6033255.264400725,767.5986248722629
PHOENIX,9739890696566865920,blincoe_any_injury,24.963289280469876,9561973.783231692,14934.985796082545
PHOENIX,9739890730926604288,blincoe_any_injury,23.494860499265766,17587317.68311195,81748.79621455501
PHOENIX,9739890765286342656,blincoe_any_injury,13.215859030836992,18651258.786940765,58055.41361831396
PHOENIX,9739890799646081024,blincoe_any_injury,26.431718061673987,15716959.658643432,45886.09965817725
PHOENIX,9739890834005819392,blincoe_any_injury,8.68527371632497,12050338.0363069,65872.85885197768
PHOENIX,9739890868365557760,blincoe_any_injury,36.585420559203065,22545385.65627794,53478.27134276843
PHOENIX,9739890902725296128,blincoe_any_injury,2.93685756240822,5002089.540560535,3385.809473402233
PHOENIX,9739890937085034496,blincoe_any_injury,13.215859030836992,14889162.687499933,26302.395694323808
PHOENIX,9739890971444772864,blincoe_any_injury,10.27900146842877,17959318.252989233,36443.09509384076
PHOENIX,9739891005804511232,blincoe_any_injury,1.46842878120411,5958796.654678246,10215.706810502901
PHOENIX,9739891040164249600,blincoe_any_injury,0.0,5472370.065304551,6425.665971792693
PHOENIX,9739891074523987968,blincoe_any_injury,1.34312981030442,937137.3064913462,1327.3394485417357
PHOENIX,9739891143243464704,blincoe_any_injury,7.342143906020549,9649570.508331727,30768.324874348284
PHOENIX,9739891177603203072,blincoe_any_injury,0.0,9326607.092890855,27580.87137683855
PHOENIX,9739891211962941440,blincoe_any_injury,1.46842878120411,2314106.4544695583,6792.454240708529
PHOENIX,9739891246322679808,blincoe_any_injury,0.0,2705497.0454742094,14417.890770966513
PHOENIX,9739891280682418176,blincoe_any_injury,10.27900146842877,4298352.342451159,82370.16158547114
PHOENIX,9739891315042156544,blincoe_any_injury,14.558988841141412,8402188.063289378,74264.49761428879
PHOENIX,9739891349401894912,blincoe_any_injury,61.548709839672945,16483382.071293982,213235.1100882347
PHOENIX,9739891383761633280,blincoe_any_injury,33.648562996794844,6095104.677470162,76861.34369232159
PHOENIX,9739891418121371648,blincoe_any_injury,26.306419090774295,20478989.178657584,85317.65636317256
PHOENIX,9739891452481110016,blincoe_any_injury,29.368575624082208,16037985.378399944,81965.88084799868
PHOENIX,9739891486840848384,blincoe_any_injury,39.053849340407176,12399643.897318915,142631.93003442077
PHOENIX,9739891521200586752,blincoe_any_injury,90.54138855105607,26958161.89932826,269324.64475466445
PHOENIX,9739891555560325120,blincoe_any_injury,70.10868458509823,24815680.2718815,141172.54343245068
PHOENIX,9739891589920063488,blincoe_any_injury,29.243276653182516,22633083.65569256,153060.3188982333
PHOENIX,9739891624279801856,blincoe_any_injury,59.95498208756914,21253790.72607727,142268.14024622724
PHOENIX,9739891658639540224,blincoe_any_injury,91.54138855105607,22774129.98293586,130660.26752487285
PHOENIX,9739891692999278592,blincoe_any_injury,27.52424993017902,8318139.830345277,52927.46444718067
PHOENIX,9739891727359016960,blincoe_any_injury,26.431718061673987,11811780.88038093,77318.8715201601
PHOENIX,9739891761718755328,blincoe_any_injury,52.4875392106489,10702778.168491805,120464.960728801
PHOENIX,9739891796078493696,blincoe_any_injury,8.81057268722466,9250923.776966427,82460.2758391744
PHOENIX,9739891830438232064,blincoe_any_injury,7.342143906020549,5982680.001124344,40731.99511993096
PHOENIX,9739891864797970432,blincoe_any_injury,15.558988841141412,7281111.629381528,54823.41914875458
PHOENIX,9739891899157708800,blincoe_any_injury,22.026431718061655,11759315.701598195,57312.21706420105
PHOENIX,9739891933517447168,blincoe_any_injury,34.99169280709927,15309178.054545056,88826.97043743446
PHOENIX,9739891967877185536,blincoe_any_injury,87.98042790134694,27249004.896609183,158771.77346521695
PHOENIX,9739892002236923904,blincoe_any_injury,69.9308241174105,15334417.456020102,105978.92052213653
PHOENIX,9739892036596662272,blincoe_any_injury,4.40528634361233,10703576.982624697,68099.0552566029
PHOENIX,9739892070956400640,blincoe_any_injury,108.53843083820448,22400798.4503092,127403.9385816863
PHOENIX,9739892105316139008,blincoe_any_injury,12.747430249632881,13364668.615383718,87036.59360037555
PHOENIX,9739892139675877376,blincoe_any_injury,29.368575624082208,11565784.050785767,77506.86098401464
PHOENIX,9739892174035615744,blincoe_any_injury,27.900146842878097,14504402.46397665,92249.72546948251
PHOENIX,9739892208395354112,blincoe_any_injury,39.522278121611286,19758943.042502638,109604.80923529065
PHOENIX,9739892242755092480,blincoe_any_injury,4.40528634361233,3051903.2832299974,52420.053043984386
PHOENIX,9739892277114830848,blincoe_any_injury,4.27998737271264,7981534.363519879,56740.27741891038
PHOENIX,9739892311474569216,blincoe_any_injury,20.558002936857545,12391669.551994218,69701.92511591954
PHOENIX,9739892345834307584,blincoe_any_injury,17.02741762234552,1859528.0276888483,59181.621113070876
PHOENIX,9739892414553784320,blincoe_any_injury,1.46842878120411,703212.8076956759,25714.567839272022
PHOENIX,9739892448913522688,blincoe_any_injury,1.46842878120411,1966895.1426353473,11789.696754624118
PHOENIX,9739892483273261056,blincoe_any_injury,0.0,1895337.1434675003,9157.130831864026
PHOENIX,9739892517632999424,blincoe_any_injury,2.93685756240822,7408736.204212689,25963.85162671192
PHOENIX,9739892586352476160,blincoe_any_injury,7.216844935120859,8815374.021598617,28197.99023374262
PHOENIX,9739892620712214528,blincoe_any_injury,5.87371512481644,14042826.11884671,61371.52758293519
PHOENIX,9739892655071952896,blincoe_any_injury,2.93685756240822,7571645.304088804,18094.34303234353
PHOENIX,9739892723791429632,blincoe_any_injury,1.46842878120411,1034478.677295041,526.2804574671848
PHOENIX,9739892792510906368,blincoe_any_injury,0.0,3753702.6013156925,9820.354800477686
PHOENIX,9739892826870644736,blincoe_any_injury,1.46842878120411,13083834.242613133,68576.18065549765
PHOENIX,9739892861230383104,blincoe_any_injury,27.900146842878097,14246876.146287598,113672.58898902203
PHOENIX,9739892895590121472,blincoe_any_injury,24.963289280469876,7843485.515014404,90173.22999065057
PHOENIX,9739892929949859840,blincoe_any_injury,10.27900146842877,6101630.613059032,49180.84771203694
PHOENIX,9739892964309598208,blincoe_any_injury,45.52129221732742,10912924.695622563,58948.46072885362
PHOENIX,9739892998669336576,blincoe_any_injury,33.648562996794844,7665986.000544109,73172.71353120249
PHOENIX,9739893033029074944,blincoe_any_injury,0.0,2694471.727452297,35951.29596535017
PHOENIX,9739893067388813312,blincoe_any_injury,0.0,2230852.0610680827,4592.181957228915
PHOENIX,9739893101748551680,blincoe_any_injury,0.0,6155412.174932009,14475.688801103817
PHOENIX,9739893136108290048,blincoe_any_injury,4.40528634361233,9806253.204199884,21766.554571895576
PHOENIX,9739893170468028416,blincoe_any_injury,5.87371512481644,7554008.232039406,15753.8618440003
PHOENIX,9739893204827766784,blincoe_any_injury,20.558002936857545,9556605.278192269,42534.11315275899
PHOENIX,9739893239187505152,blincoe_any_injury,8.81057268722466,14777970.97192666,20349.910121038756
PHOENIX,9739893273547243520,blincoe_any_injury,17.621145374449323,10035767.55070998,19172.407350392034
PHOENIX,9739893307906981888,blincoe_any_injury,25.837990309570184,19066831.37647179,53689.06186158426
PHOENIX,9739893342266720256,blincoe_any_injury,137.3132787101828,19778114.04651048,101073.81913777569
PHOENIX,9739893376626458624,blincoe_any_injury,24.963289280469876,12193373.3354868,91318.52139698366
PHOENIX,9739893410986196992,blincoe_any_injury,61.548709839672945,19151079.305907205,94557.17643485375
PHOENIX,9739893445345935360,blincoe_any_injury,55.800293685756195,24561634.796605032,98636.97846669736
PHOENIX,9739893479705673728,blincoe_any_injury,26.431718061673987,12220899.29688514,85945.26423758759
PHOENIX,9739893514065412096,blincoe_any_injury,36.71071953010276,13389203.344054235,77617.17692195479
PHOENIX,9739893548425150464,blincoe_any_injury,80.35829662261374,20381239.08364994,84311.77763187187
PHOENIX,9739893582784888832,blincoe_any_injury,44.05286343612331,17225478.66169611,102233.12760297388
PHOENIX,9739893617144627200,blincoe_any_injury,111.60058737151239,27036809.044162262,144106.27875431467
PHOENIX,9739893651504365568,blincoe_any_injury,18.152716593245213,12804704.559222506,81814.35427120447
PHOENIX,9739893685864103936,blincoe_any_injury,40.64757709251098,17218833.13638673,68851.5151093289
PHOENIX,9739893720223842304,blincoe_any_injury,109.57840120992148,25016017.10670612,96760.23292114184
PHOENIX,9739893754583580672,blincoe_any_injury,59.611852277264724,20228083.283325464,110053.99683243108
PHOENIX,9739893788943319040,blincoe_any_injury,4.40528634361233,8337530.764689735,27521.404717467107
PHOENIX,9739893823303057408,blincoe_any_injury,30.83700440528632,9717484.063589739,64043.23794637819
PHOENIX,9739893857662795776,blincoe_any_injury,102.53941674248834,13606543.919630809,80316.45115394842
PHOENIX,9739893892022534144,blincoe_any_injury,23.494860499265766,14649027.060833674,80032.47003665147
PHOENIX,9739893926382272512,blincoe_any_injury,77.57612746201846,18259797.323008478,106962.2263771567
PHOENIX,9739893960742010880,blincoe_any_injury,11.62213127873319,9760604.66463271,77306.39575234073
PHOENIX,9739893995101749248,blincoe_any_injury,16.152716593245213,10407505.644320058,147944.74491768985
PHOENIX,9739894029461487616,blincoe_any_injury,32.05483524469104,10897567.860742562,170140.20305931184
PHOENIX,9739894063821225984,blincoe_any_injury,54.26970837124417,16640099.941001846,261790.75117604798
PHOENIX,9739894098180964352,blincoe_any_injury,39.64757709251098,14245469.848265043,135298.4721350202
PHOENIX,9739894132540702720,blincoe_any_injury,8.81057268722466,8200625.72306071,62283.44928095166
PHOENIX,9739894166900441088,blincoe_any_injury,2.93685756240822,4476873.543602556,21936.285981753572
PHOENIX,9739894201260179456,blincoe_any_injury,40.9907069028154,10161794.222329263,62748.66748911091
PHOENIX,9739894235619917824,blincoe_any_injury,2.93685756240822,7150362.054310629,33223.4339680178
PHOENIX,9739894269979656192,blincoe_any_injury,20.558002936857545,9184552.502222488,38319.97444725151
PHOENIX,9739894304339394560,blincoe_any_injury,1.46842878120411,57895.28127601948,123.21203876587599
PHOENIX,9739894338699132928,blincoe_any_injury,1.46842878120411,347951.77875890996,763.0687034479184
PHOENIX,9739894373058871296,blincoe_any_injury,2.93685756240822,7708835.038571293,23085.45565616418
PHOENIX,9739894407418609664,blincoe_any_injury,4.27998737271264,7651177.357082844,39894.75194956933
PHOENIX,9739894441778348032,blincoe_any_injury,7.342143906020549,9552767.575319322,83374.54765869318
PHOENIX,9739894476138086400,blincoe_any_injury,44.05286343612331,15557161.915610254,85688.65891357981
PHOENIX,9739894510497824768,blincoe_any_injury,39.053849340407176,16003601.169035997,267240.8118473978
PHOENIX,9739894544857563136,blincoe_any_injury,16.152716593245213,12222334.648147771,232869.31784365943
PHOENIX,9739894579217301504,blincoe_any_injury,9.81057268722466,12307524.156194732,233909.39972905608
PHOENIX,9739894613577039872,blincoe_any_injury,7.342143906020549,3957665.945078345,128030.60059719994
PHOENIX,9739894647936778240,blincoe_any_injury,20.089574155653434,12466731.819050023,263912.61155242944
PHOENIX,9739894682296516608,blincoe_any_injury,67.42242496448938,20735681.536910146,216653.41518013313
PHOENIX,9739894716656254976,blincoe_any_injury,2.93685756240822,6053390.742966929,33095.855505176274
PHOENIX,9739894751015993344,blincoe_any_injury,1.46842878120411,4485279.100070956,25762.819691555695
PHOENIX,9739894785375731712,blincoe_any_injury,10.15370249752908,9918565.218849503,241474.107302711
PHOENIX,9739894819735470080,blincoe_any_injury,24.963289280469876,9261488.079742018,210448.4736006017
PHOENIX,9739894888454946816,blincoe_any_injury,43.802265494323926,15996222.902578179,167510.89190018235
PHOENIX,9739894922814685184,blincoe_any_injury,32.305433186490426,22694330.028416697,168007.9921912156
PHOENIX,9739894957174423552,blincoe_any_injury,30.711705434386626,12923464.24670529,95105.81638329705
PHOENIX,9739894991534161920,blincoe_any_injury,24.963289280469876,9136782.338052388,121496.08775290355
PHOENIX,9739895025893900288,blincoe_any_injury,0.0,17123437.189216215,110797.45201288848
PHOENIX,9739895060253638656,blincoe_any_injury,10.27900146842877,12729662.110974949,70869.1039693193
PHOENIX,9739895094613377024,blincoe_any_injury,5.87371512481644,7888146.660960025,38207.25980065508
PHOENIX,9739895128973115392,blincoe_any_injury,52.26970837124417,17183736.54792075,39054.30400683655
PHOENIX,9739895163332853760,blincoe_any_injury,16.152716593245213,14905978.30086123,26726.2962462581
PHOENIX,9739895197692592128,blincoe_any_injury,45.39599324642773,20588374.37273606,40908.611341301155
PHOENIX,9739895232052330496,blincoe_any_injury,38.17914831130687,10061190.80752865,10673.241721428576
PHOENIX,9739895266412068864,blincoe_any_injury,4.27998737271264,4798699.230434271,24059.667720179852
PHOENIX,9739895300771807232,blincoe_any_injury,50.082252867036566,16785504.332533773,202171.8752384408
PHOENIX,9739895335131545600,blincoe_any_injury,70.23398355599791,18924915.25202362,174594.35708277268
PHOENIX,9739895369491283968,blincoe_any_injury,51.14440940034448,12128855.032587111,24830.532348469416
PHOENIX,9739895403851022336,blincoe_any_injury,19.08957415565343,8910139.413275093,218725.28306008014
PHOENIX,9739895438210760704,blincoe_any_injury,46.98972099853153,20836835.877294086,218053.9645889266
PHOENIX,9739895472570499072,blincoe_any_injury,24.963289280469876,14521509.08127516,109391.7078209591
PHOENIX,9739895506930237440,blincoe_any_injury,51.39500734214386,14679696.800615015,6872.526294408149
PHOENIX,9739895541289975808,blincoe_any_injury,64.48556740208116,29249997.510785643,5895.304261500263
PHOENIX,9739895575649714176,blincoe_any_injury,86.51199912014283,15954029.175657881,107313.18575288837
PHOENIX,9739895610009452544,blincoe_any_injury,32.305433186490426,13402835.749505699,92077.10097010543
PHOENIX,9739895644369190912,blincoe_any_injury,38.17914831130687,18848020.453653254,3165.025466028763
PHOENIX,9739895747448406016,blincoe_any_injury,4.40528634361233,5836395.89593191,4400.605932543559
PHOENIX,9739895781808144384,blincoe_any_injury,2.81155859150853,3486954.739473003,34864.29021427075
PHOENIX,9739895816167882752,blincoe_any_injury,5.87371512481644,6310757.798826622,47349.42434602681
PHOENIX,9739895850527621120,blincoe_any_injury,16.02741762234552,10694287.562049093,30895.185573699717
PHOENIX,9739895884887359488,blincoe_any_injury,26.963289280469876,13413272.215793602,50105.335709993684
PHOENIX,9739895919247097856,blincoe_any_injury,51.39500734214386,16078815.08447396,92500.16211355815
PHOENIX,9739895953606836224,blincoe_any_injury,56.863436123347974,14514252.757852364,78571.84235543778
PHOENIX,9739895987966574592,blincoe_any_injury,40.64757709251098,15354152.47753286,53390.85360904278
PHOENIX,9739896022326312960,blincoe_any_injury,20.089574155653434,13946506.892407648,66115.54067387339
PHOENIX,9739896056686051328,blincoe_any_injury,52.98972099853153,14478851.842338318,76619.67524744598
PHOENIX,9739896091045789696,blincoe_any_injury,64.48556740208116,18837688.413046755,1683.9592581187735
PHOENIX,9739896125405528064,blincoe_any_injury,36.585420559203065,16761365.490186574,4051.612928087957
PHOENIX,9739896297204219904,blincoe_any_injury,52.863436123347974,17417607.140106965,299.20821911108226
PHOENIX,9739896331563958272,blincoe_any_injury,27.774847871978405,13819711.946076283,1129.4010667256046
PHOENIX,9739896365923696640,blincoe_any_injury,18.06738799406252,7969173.977112439,32206.248918510617
PHOENIX,9739896400283435008,blincoe_any_injury,4.27998737271264,2960580.6372788935,6331.4200989106075
PHOENIX,9739896434643173376,blincoe_any_injury,43.5844346549192,13611445.143310172,33143.62089189809
PHOENIX,9739896469002911744,blincoe_any_injury,27.900146842878097,9802813.012226146,18351.392508789653
PHOENIX,9739896503362650112,blincoe_any_injury,22.026431718061655,14425098.075314486,9666.51962051546
PHOENIX,9739896537722388480,blincoe_any_injury,81.55295539614369,24495537.48329765,18877.89473697348
PHOENIX,9739896572082126848,blincoe_any_injury,19.089574155653434,12698064.114206668,8479.736782231616
PHOENIX,9739896606441865216,blincoe_any_injury,7.342143906020549,11061295.846859433,4695.031251595112
PHOENIX,9739896675161341952,blincoe_any_injury,75.42143906020551,19752906.953292653,40.026401153921135
PHOENIX,9739897190557417472,blincoe_any_injury,14.684287812041102,12308918.483294733,25.430853155687515
PHOENIX,9739897259276894208,blincoe_any_injury,36.71071953010276,16415461.809575938,1203.3475129860972
PHOENIX,9739897293636632576,blincoe_any_injury,63.89183964997736,15683332.62279452,1795.094301889015
PHOENIX,9739897327996370944,blincoe_any_injury,21.558002936857545,11381066.313814133,2183.6931624404597
PHOENIX,9739897431075586048,blincoe_any_injury,2.93685756240822,2903550.4124819688,28.330964197232383
PHOENIX,9739897740313231360,blincoe_any_injury,39.64757709251098,12792736.539058892,601.0078392811995
PHOENIX,9739897809032708096,blincoe_any_injury,14.558988841141412,14323790.03025839,37.3261961568959
PHOENIX,9739897843392446464,blincoe_any_injury,39.64757709251098,17706459.89836524,7175.558360086724
PHOENIX,9739897877752184832,blincoe_any_injury,24.026431718061655,8581641.599707695,7067.316075813578
PHOENIX,9739897912111923200,blincoe_any_injury,42.64757709251098,21988652.409435183,82040.14428735261
PHOENIX,9739897946471661568,blincoe_any_injury,63.14243759177675,17752206.3149216,22534.78451515477
PHOENIX,9739897980831399936,blincoe_any_injury,0.0,2378583.3535608156,5182.237672836861
PHOENIX,9739898049550876672,blincoe_any_injury,8.81057268722466,8712290.238636715,5366.733894367658
PHOENIX,9739898083910615040,blincoe_any_injury,65.36026843118147,20959179.02492822,16579.686722952945
PHOENIX,9739898118270353408,blincoe_any_injury,15.684287812041102,16531482.73520456,18764.341325731406
PHOENIX,9739898152630091776,blincoe_any_injury,14.433689870241722,9441204.343241856,36087.57014304536
PHOENIX,9739898186989830144,blincoe_any_injury,47.98972099853153,14856463.385510089,38882.34892616971
PHOENIX,9739898221349568512,blincoe_any_injury,13.215859030836992,8554886.40721097,12899.235471727761
PHOENIX,9739898255709306880,blincoe_any_injury,54.45814977973564,7876032.361620155,41356.23519916892
PHOENIX,9739898290069045248,blincoe_any_injury,45.05286343612331,13515438.441214785,163751.44689667894
PHOENIX,9739898324428783616,blincoe_any_injury,11.747430249632881,11313959.114954215,51009.59194541625
PHOENIX,9739898358788521984,blincoe_any_injury,32.305433186490426,16973049.639218777,410047.37426747783
PHOENIX,9739898393148260352,blincoe_any_injury,22.026431718061655,12832617.347719133,231221.2118465331
PHOENIX,9739898427507998720,blincoe_any_injury,30.83700440528632,21177897.855515674,292193.89477895654
PHOENIX,9739898461867737088,blincoe_any_injury,65.27493983199878,26483924.47223472,208817.9495012514
PHOENIX,9739898496227475456,blincoe_any_injury,145.2269642067162,34739618.83309472,277536.22626230423
PHOENIX,9739898530587213824,blincoe_any_injury,62.89183964997736,28671541.583493356,410915.9626436218
PHOENIX,9739898564946952192,blincoe_any_injury,62.548709839672945,27304778.70806304,246410.3952630512
PHOENIX,9739898599306690560,blincoe_any_injury,24.837990309570184,10202464.650814835,36395.91819102633
PHOENIX,9739898633666428928,blincoe_any_injury,23.369561528366074,13427138.665034777,77923.51297674404
PHOENIX,9739898668026167296,blincoe_any_injury,79.16985521412228,24239225.28675876,248495.47495267482
PHOENIX,9739898702385905664,blincoe_any_injury,98.2594293697757,28982749.248545058,205114.84922917245
PHOENIX,9739898736745644032,blincoe_any_injury,17.621145374449323,10392128.441204011,52647.714164541474
PHOENIX,9739898771105382400,blincoe_any_injury,16.02741762234552,18579921.372709233,39723.16466010649
PHOENIX,9739898805465120768,blincoe_any_injury,61.67400881057264,27993745.79457984,161506.7662532965
PHOENIX,9739898839824859136,blincoe_any_injury,82.29515418502196,35868981.631548196,167419.12431058954
PHOENIX,9739898874184597504,blincoe_any_injury,55.05908080116179,23288791.61529928,115325.45750992732
PHOENIX,9739898908544335872,blincoe_any_injury,85.79297239713932,13098958.09171712,101580.92668512474
PHOENIX,9739898942904074240,blincoe_any_injury,40.64757709251098,30235956.08331099,143287.95597673528
PHOENIX,9739898977263812608,blincoe_any_injury,77.82672540381785,20842644.03296574,86805.72120770435
PHOENIX,9739899011623550976,blincoe_any_injury,105.25844346549184,29236680.009065706,117761.85078854099
PHOENIX,9739899045983289344,blincoe_any_injury,63.14243759177675,12723693.583595958,61765.22811466583
PHOENIX,9739899080343027712,blincoe_any_injury,65.48556740208116,7624812.873739188,60324.034449218976
PHOENIX,9739899114702766080,blincoe_any_injury,23.494860499265766,8117588.069246821,35652.09766741356
PHOENIX,9739899149062504448,blincoe_any_injury,17.15271659324521,16313013.856891299,19958.78881444334
PHOENIX,9739899183422242816,blincoe_any_injury,68.89085374569349,20468411.06351001,28386.825210082454
PHOENIX,9739899217781981184,blincoe_any_injury,49.92657856093975,16131947.147344502,63964.32022573318
PHOENIX,9739899252141719552,blincoe_any_injury,78.23299765171406,17777458.130207863,80788.95708992533
PHOENIX,9739899286501457920,blincoe_any_injury,24.494860499265766,21147264.090280253,27685.015308527898
PHOENIX,9739899320861196288,blincoe_any_injury,42.5844346549192,15626497.339495916,28391.98955184636
PHOENIX,9739899355220934656,blincoe_any_injury,19.089574155653434,6373877.518816633,38577.03329973656
PHOENIX,9739899389580673024,blincoe_any_injury,33.648562996794844,18596382.3440209,63232.70147881684
PHOENIX,9739899423940411392,blincoe_any_injury,24.963289280469876,16630840.620109474,85333.48511604266
PHOENIX,9739899458300149760,blincoe_any_injury,69.01615271659318,35833069.943943664,183644.6274877316
PHOENIX,9739899492659888128,blincoe_any_injury,37.24229074889865,20105820.955694277,67517.07303996233
PHOENIX,9739899527019626496,blincoe_any_injury,17.55898884114141,13072246.974052457,28542.277428056084
PHOENIX,9739899561379364864,blincoe_any_injury,109.1625339255054,29393248.66555958,5993.365076599138
PHOENIX,9739899595739103232,blincoe_any_injury,105.66471571338803,25932584.968162984,3864.9346157854416
PHOENIX,9739899630098841600,blincoe_any_injury,64.61086637298085,19813318.675169747,30763.825507966918
PHOENIX,9739899664458579968,blincoe_any_injury,65.7033982414859,11030521.51240828,24309.37866288062
PHOENIX,9739899698818318336,blincoe_any_injury,48.45814977973564,14764729.257826643,21323.706294912805
PHOENIX,9739899733178056704,blincoe_any_injury,47.39599324642773,14067620.775571724,2952.7026846336094
PHOENIX,9739899767537795072,blincoe_any_injury,131.18896564356703,15356067.675768396,3213.6079599361383
PHOENIX,9739900214214393856,blincoe_any_injury,45.11600587371509,18486361.28093926,5260.628747905677
PHOENIX,9739900248574132224,blincoe_any_injury,37.928550369507484,15881892.609258581,28538.795715224023
PHOENIX,9739900282933870592,blincoe_any_injury,60.080281058468834,18225651.603456683,21873.61577458062
PHOENIX,9739900317293608960,blincoe_any_injury,42.45913568401951,17793713.313069463,2095.0623646916265
PHOENIX,9739900351653347328,blincoe_any_injury,39.522278121611286,17736718.434963614,1999.3214964158472
PHOENIX,9739900386013085696,blincoe_any_injury,11.27900146842877,18101622.935086727,8418.560017928048
PHOENIX,9739900420372824064,blincoe_any_injury,35.24229074889865,14504135.776223734,16776.086765598513
PHOENIX,9739900454732562432,blincoe_any_injury,31.78205114130075,14774768.172741747,1864.831104651273
PHOENIX,9739997727151882240,blincoe_any_injury,57.14342349606061,22966090.23528204,666.4649320161287
PHOENIX,9739997761511620608,blincoe_any_injury,39.053849340407176,17172110.45231854,610.33620596106
PHOENIX,9739998208188219392,blincoe_any_injury,67.17182702269,21818775.351813667,1735.1991779647926
PHOENIX,9739998242547957760,blincoe_any_injury,106.94470308610067,22687567.097648893,3493.0826028202378
PHOENIX,9739998276907696128,blincoe_any_injury,22.026431718061655,18430391.675058577,12757.250483367394
PHOENIX,9739998311267434496,blincoe_any_injury,62.89183964997736,23193731.07636463,7744.201335071334
PHOENIX,9739998345627172864,blincoe_any_injury,55.6749947148565,17873216.98437176,6284.526468889841
PHOENIX,9739998379986911232,blincoe_any_injury,71.27395392771491,17168514.197307836,1271.5832598588179
PHOENIX,9739998414346649600,blincoe_any_injury,38.053849340407176,15957050.345327834,1578.8726517211992
PHOENIX,9739998448706387968,blincoe_any_injury,17.621145374449323,14580874.563212214,2349.684480385737
PHOENIX,9739998483066126336,blincoe_any_injury,1.46842878120411,9897779.938319081,1842.6797741249297
PHOENIX,9739998517425864704,blincoe_any_injury,48.45814977973564,20100362.4892564,1974.1783423004413
PHOENIX,9739998551785603072,blincoe_any_injury,22.026431718061655,20701020.907767665,7231.101294726978
PHOENIX,9739998586145341440,blincoe_any_injury,5.87371512481644,12719233.330634572,2991.8824514236076
PHOENIX,9739998620505079808,blincoe_any_injury,13.215859030836992,13076758.521278169,5450.7565920195575
PHOENIX,9739998654864818176,blincoe_any_injury,2.93685756240822,8270916.664391908,6386.242375195925
PHOENIX,9739998689224556544,blincoe_any_injury,49.92657856093975,20922559.27770931,15958.122340462734
PHOENIX,9739998723584294912,blincoe_any_injury,46.98972099853153,10838997.395711385,7889.9873714415235
PHOENIX,9739998757944033280,blincoe_any_injury,11.747430249632881,6462529.481353892,3985.8461016305264
PHOENIX,9739998792303771648,blincoe_any_injury,31.83700440528632,21645662.561635353,14736.453603182186
PHOENIX,9739998826663510016,blincoe_any_injury,19.089574155653434,16903016.003702015,10028.177968668902
PHOENIX,9739998861023248384,blincoe_any_injury,38.24229074889865,21940322.249199357,5893.748264687852
PHOENIX,9739998895382986752,blincoe_any_injury,8.81057268722466,7089216.7070956705,3.3499394602487556
PHOENIX,9739998929742725120,blincoe_any_injury,26.431718061673987,17336947.59851401,2363.5370026598052
PHOENIX,9739999204620632064,blincoe_any_injury,13.215859030836992,6543770.44440665,0.7379116953189077
PHOENIX,9740002606234730496,blincoe_any_injury,2.93685756240822,14667801.973887993,250.27946993523952
PHOENIX,9740002674954207232,blincoe_any_injury,0.0,1298564.3740745399,0.09969139216623821
PHOENIX,9740002709313945600,blincoe_any_injury,10.27900146842877,10657942.491250152,5177.3676685947785
PHOENIX,9740002743673683968,blincoe_any_injury,26.431718061673987,14117348.421208927,3320.107934237033
PHOENIX,9740002915472375808,blincoe_any_injury,10.27900146842877,5410645.953483107,1970.2956877625222
PHOENIX,9740002949832114176,blincoe_any_injury,0.0,11779494.11085129,8267.289322385992
PHOENIX,9740002984191852544,blincoe_any_injury,16.152716593245213,10964097.261854578,6691.8648269547
PHOENIX,9740003018551590912,blincoe_any_injury,0.0,3444797.810421834,1779.6573956741654
PHOENIX,9740003052911329280,blincoe_any_injury,2.93685756240822,7386958.045625767,2130.5976182288773
PHOENIX,9740003087271067648,blincoe_any_injury,4.40528634361233,9292962.581707237,4625.168033420369
PHOENIX,9740003155990544384,blincoe_any_injury,0.0,2327896.5629988057,1438.169713563127
PHOENIX,9740003190350282752,blincoe_any_injury,2.93685756240822,5825691.966848621,3248.6527339016175
PHOENIX,9740003224710021120,blincoe_any_injury,14.684287812041102,14071680.873854736,8538.54196703154
PHOENIX,9740003259069759488,blincoe_any_injury,5.87371512481644,10972637.512010418,5456.5841480242425
PHOENIX,9740003293429497856,blincoe_any_injury,30.83700440528632,22665065.030069835,10847.538381050792
PHOENIX,9740003327789236224,blincoe_any_injury,1.46842878120411,13253667.5098634,8680.390051375993
PHOENIX,9740003362148974592,blincoe_any_injury,22.026431718061655,13043265.350483803,1681.0547033212679
PHOENIX,9740003396508712960,blincoe_any_injury,1.46842878120411,6482563.220618698,1321.0393889669158
PHOENIX,9740003430868451328,blincoe_any_injury,4.40528634361233,5905362.262705181,142.99851099956612
PHOENIX,9740003533947666432,blincoe_any_injury,23.026431718061655,14369725.150434004,35.32598677532409
PHOENIX,9740004152422957056,blincoe_any_injury,26.494860499265766,10896780.11071058,776.225774728828
PHOENIX,9740004186782695424,blincoe_any_injury,4.40528634361233,8637683.170941463,925.3948858547836
PHOENIX,9740004289861910528,blincoe_any_injury,33.773861967694536,15952253.24930936,894.4466853836901
PHOENIX,9740004324221648896,blincoe_any_injury,2.93685756240822,2002887.9992401053,1361.6093872229226
PHOENIX,9740004358581387264,blincoe_any_injury,13.215859030836992,10191363.129051521,1.532711843239909
PHOENIX,9740004633459294208,blincoe_any_injury,2.93685756240822,4893529.897677651,30.431404946400807
PHOENIX,9740004667819032576,blincoe_any_injury,7.342143906020549,8382694.854623479,2842.885297280273
PHOENIX,9740004702178770944,blincoe_any_injury,33.773861967694536,21889776.200297553,19490.85445135839
PHOENIX,9740004736538509312,blincoe_any_injury,2.93685756240822,4760017.511159565,5566.577473748273
PHOENIX,9740005011416416256,blincoe_any_injury,7.342143906020549,5116786.88278831,139.98675675556396
PHOENIX,9740005045776154624,blincoe_any_injury,2.93685756240822,10878577.31079399,2682.0486228912587
PHOENIX,9740005080135892992,blincoe_any_injury,4.40528634361233,14622038.409715697,4648.570052370415
PHOENIX,9740005114495631360,blincoe_any_injury,41.11600587371509,23937829.49622813,26635.850449329253
PHOENIX,9740005148855369728,blincoe_any_injury,5.936857562408219,10215774.515426196,23609.349535168833
PHOENIX,9740005320654061568,blincoe_any_injury,0.0,8640794.245970232,19278.49849463348
PHOENIX,9740005389373538304,blincoe_any_injury,2.93685756240822,8575363.22243168,29446.9561409269
PHOENIX,9740005423733276672,blincoe_any_injury,0.0,960546.460769936,840.8555351032013
PHOENIX,9740005458093015040,blincoe_any_injury,0.0,4242490.857306789,1883.8213365055412
PHOENIX,9740005492452753408,blincoe_any_injury,2.93685756240822,5689382.6268239645,4635.770159892403
PHOENIX,9740005526812491776,blincoe_any_injury,0.0,1286170.5701760822,1857.4647122479425
PHOENIX,9740005561172230144,blincoe_any_injury,7.342143906020549,11355017.252320996,9522.342443513122
PHOENIX,9740005595531968512,blincoe_any_injury,20.558002936857545,11951588.964065887,7653.031568241883
PHOENIX,9740005629891706880,blincoe_any_injury,26.494860499265766,13879588.88011244,9095.775436791513
PHOENIX,9740005664251445248,blincoe_any_injury,2.93685756240822,17516735.6687251,5502.101043738202
PHOENIX,9740005698611183616,blincoe_any_injury,2.93685756240822,15883015.984933825,2674.452664686517
PHOENIX,9740005732970921984,blincoe_any_injury,22.026431718061655,13627560.41495119,6046.7486002672285
PHOENIX,9740005767330660352,blincoe_any_injury,33.773861967694536,21754966.064012196,21089.62244805794
PHOENIX,9740005801690398720,blincoe_any_injury,7.342143906020549,5012620.819738936,2476.2089741918408
PHOENIX,9740005836050137088,blincoe_any_injury,15.215859030836992,18719618.15387999,4512.38555547973
PHOENIX,9740005870409875456,blincoe_any_injury,17.621145374449323,29895649.703185987,16985.469837353405
PHOENIX,9740005904769613824,blincoe_any_injury,15.684287812041102,23583148.078031655,14684.585510269937
PHOENIX,9740005939129352192,blincoe_any_injury,16.152716593245213,13407471.372491518,3069.9191773137245
PHOENIX,9740005973489090560,blincoe_any_injury,14.215859030836992,14047172.631897153,2229.598275327226
PHOENIX,9740006007848828928,blincoe_any_injury,16.152716593245213,20152448.589578792,12537.402937124958
PHOENIX,9740006042208567296,blincoe_any_injury,4.40528634361233,10504867.928758906,4610.435236508445
PHOENIX,9740006076568305664,blincoe_any_injury,0.0,5688503.662676038,1297.5166542656402
PHOENIX,9740006110928044032,blincoe_any_injury,7.342143906020549,9212078.919846725,4348.631242924271
PHOENIX,9740006145287782400,blincoe_any_injury,17.49584640354963,13096025.70973847,6924.695125383925
PHOENIX,9740006179647520768,blincoe_any_injury,2.93685756240822,7271255.038771269,4383.126847117582
PHOENIX,9740006214007259136,blincoe_any_injury,22.026431718061655,14646664.085293693,11174.677558843387
PHOENIX,9740006248366997504,blincoe_any_injury,14.684287812041102,8493073.511443587,10188.91638116534
PHOENIX,9740006282726735872,blincoe_any_injury,2.93685756240822,7609434.190769755,4808.023986977025
PHOENIX,9740006317086474240,blincoe_any_injury,45.39599324642773,26037099.6556093,17788.204522456566
PHOENIX,9740006351446212608,blincoe_any_injury,14.684287812041102,15839736.814683117,5511.109910421345
PHOENIX,9740006385805950976,blincoe_any_injury,27.900146842878097,7697825.2296180185,7384.010133963227
PHOENIX,9740006420165689344,blincoe_any_injury,30.83700440528632,20700550.489822034,23052.835895736378
PHOENIX,9740006454525427712,blincoe_any_injury,19.089574155653434,17402612.02611957,13719.26272355254
PHOENIX,9740006488885166080,blincoe_any_injury,19.089574155653434,9083756.56774889,16603.61816869672
PHOENIX,9740006523244904448,blincoe_any_injury,0.0,6376715.371065345,16490.977764366275
PHOENIX,9740006557604642816,blincoe_any_injury,8.81057268722466,14823262.349194538,13094.707821201153
PHOENIX,9740006591964381184,blincoe_any_injury,4.40528634361233,1817039.0772593797,2110.501994947304
PHOENIX,9740006626324119552,blincoe_any_injury,2.93685756240822,7801044.936318398,3545.083154059786
PHOENIX,9740006660683857920,blincoe_any_injury,0.0,16711853.810518544,8124.880928653481
PHOENIX,9740006695043596288,blincoe_any_injury,17.303003043593343,10563612.947064195,12815.549650460747
PHOENIX,9740006763763073024,blincoe_any_injury,2.81155859150853,7409987.663923094,7833.700232370532
PHOENIX,9740006798122811392,blincoe_any_injury,24.837990309570184,12363289.311650462,10865.748767870495
PHOENIX,9740006832482549760,blincoe_any_injury,4.40528634361233,11394012.106825707,13055.160712957819
PHOENIX,9740006866842288128,blincoe_any_injury,0.0,5346162.797731906,6349.353094390623
PHOENIX,9740006901202026496,blincoe_any_injury,0.0,2368092.5576868956,4084.7764657755706
PHOENIX,9740006969921503232,blincoe_any_injury,0.0,4078690.8929230864,3937.209207145863
PHOENIX,9740007004281241600,blincoe_any_injury,13.215859030836992,21410558.735474408,20445.153956202314
PHOENIX,9740007038640979968,blincoe_any_injury,11.747430249632881,19150532.990989354,28500.338422601166
PHOENIX,9740007073000718336,blincoe_any_injury,1.46842878120411,10334880.99807115,4591.2547624133
PHOENIX,9740007107360456704,blincoe_any_injury,8.81057268722466,14727512.691504976,25706.767905323366
PHOENIX,9740007141720195072,blincoe_any_injury,8.81057268722466,17347111.685253464,26325.56743031155
PHOENIX,9740007176079933440,blincoe_any_injury,58.737151248164416,27838018.764121477,22104.18799265383
PHOENIX,9740007210439671808,blincoe_any_injury,26.431718061673983,20738273.543049466,22198.441395619568
PHOENIX,9740007244799410176,blincoe_any_injury,26.963289280469876,12887921.482654199,25077.26339686281
PHOENIX,9740007279159148544,blincoe_any_injury,4.27998737271264,5434002.879839123,1773.524120961065
PHOENIX,9740007313518886912,blincoe_any_injury,11.747430249632881,6557606.894995282,134.28730636821155
PHOENIX,9740007347878625280,blincoe_any_injury,0.0,5982139.028188703,15.751484707349574
PHOENIX,9740007382238363648,blincoe_any_injury,0.0,1544051.1989750904,1287.048920156875
PHOENIX,9740007416598102016,blincoe_any_injury,10.27900146842877,16506441.319828415,4851.124972451965
PHOENIX,9740007450957840384,blincoe_any_injury,10.27900146842877,10730720.785990888,26719.00594719351
PHOENIX,9740007485317578752,blincoe_any_injury,27.774847871978405,14110235.027056385,3032.933680115702
PHOENIX,9740007519677317120,blincoe_any_injury,58.737151248164416,21958078.359869238,2672.405668616361
PHOENIX,9740007554037055488,blincoe_any_injury,29.368575624082208,12947316.706226079,70.67391986741195
PHOENIX,9740007588396793856,blincoe_any_injury,8.81057268722466,7499660.953872471,3.173654840792374
PHOENIX,9740007828914962432,blincoe_any_injury,0.0,7614737.4014027,7.750620441754792
PHOENIX,9740007863274700800,blincoe_any_injury,4.27998737271264,10623547.898140773,2980.5318204639875
PHOENIX,9740007897634439168,blincoe_any_injury,48.20755183793626,19381042.230671007,5082.423993468011
PHOENIX,9740007931994177536,blincoe_any_injury,7.873715124816439,13808219.084532358,1164.7016410035546
PHOENIX,9740007966353915904,blincoe_any_injury,5.87371512481644,4387219.945744709,1339.9733845595094
PHOENIX,9740008035073392640,blincoe_any_injury,54.20656593365239,9671008.307737375,13108.338659565672
PHOENIX,9740008069433131008,blincoe_any_injury,27.774847871978405,16505972.139453096,6727.039167041377
PHOENIX,9740008103792869376,blincoe_any_injury,62.89183964997736,17474051.306475107,2399.3337552133557
PHOENIX,9740008138152607744,blincoe_any_injury,55.54969574395681,15251761.01844654,16032.391910675293
PHOENIX,9740008172512346112,blincoe_any_injury,14.684287812041102,12175302.181313256,712.9177073075339
PHOENIX,9740008206872084480,blincoe_any_injury,5.87371512481644,11490704.622904377,792.4901454108403
PHOENIX,9740008241231822848,blincoe_any_injury,5.62311718301706,4116485.185313645,769.9364150911348
PHOENIX,9740008275591561216,blincoe_any_injury,4.40528634361233,6253960.010880129,1779.2380898468778
PHOENIX,9740008309951299584,blincoe_any_injury,39.2716801798119,13067003.135928491,2979.211307780268
PHOENIX,9740008344311037952,blincoe_any_injury,4.40528634361233,13236893.622375622,411.7280586805747
PHOENIX,9740008378670776320,blincoe_any_injury,11.747430249632881,15023353.341392508,141.1131622795504
PHOENIX,9740008413030514688,blincoe_any_injury,1.46842878120411,3829978.618317919,281.2456224641764
PHOENIX,9740008859707113472,blincoe_any_injury,10.27900146842877,25549136.396438166,191.66558685877607
PHOENIX,9740008928426590208,blincoe_any_injury,7.342143906020549,6547460.1625026595,1595.4076441459363
PHOENIX,9740008962786328576,blincoe_any_injury,4.40528634361233,8958227.613096884,155.27847933718087
PHOENIX,9740008997146066944,blincoe_any_injury,60.20558002936853,15055701.794000765,2824.097191820859
PHOENIX,9740009031505805312,blincoe_any_injury,44.05286343612331,17029186.66559966,12219.266999495585
PHOENIX,9740009065865543680,blincoe_any_injury,1.46842878120411,7680505.1491239825,3505.043471117922
PHOENIX,9740009100225282048,blincoe_any_injury,20.558002936857545,10511790.48100323,6923.963648224812
PHOENIX,9740009134585020416,blincoe_any_injury,8.81057268722466,2501684.730546621,1483.8300380980968
PHOENIX,9740009168944758784,blincoe_any_injury,5.87371512481644,5923748.218310366,3858.091068330545
PHOENIX,9740009375103188992,blincoe_any_injury,4.40528634361233,19840527.143039417,54.531535813603355
PHOENIX,9740062289100275712,blincoe_any_injury,28.36379208968715,16309618.499521248,37.33545253940857
PHOENIX,9740062735776874496,blincoe_any_injury,30.42594862299506,16913943.84494563,2756.683181300714
PHOENIX,9740062770136612864,blincoe_any_injury,25.053429381777388,7891402.5337572945,4217.652954269286
PHOENIX,9740062804496351232,blincoe_any_injury,17.65152070964645,7712851.690563553,6109.685207062379
PHOENIX,9740062838856089600,blincoe_any_injury,54.76035128176895,15882766.445430534,39667.34513848114
PHOENIX,9740062873215827968,blincoe_any_injury,34.330039083008636,9003630.418097895,15118.600273091211
PHOENIX,9740062907575566336,blincoe_any_injury,18.08718238845591,10828089.050777901,5220.554283594726
PHOENIX,9740062941935304704,blincoe_any_injury,12.21346726363947,6985703.574733968,12.244285024048276
PHOENIX,9740063045014519808,blincoe_any_injury,21.17971425696095,12893381.36753486,316.4531618000669
PHOENIX,9740063079374258176,blincoe_any_injury,38.359428513921884,15782367.39509578,5207.772228365453
PHOENIX,9740063113733996544,blincoe_any_injury,21.740674906670094,6842068.058675979,345.23851861269566
PHOENIX,9740063148093734912,blincoe_any_injury,33.901580673521515,12003233.786571715,416.1916432102504
PHOENIX,9740063182453473280,blincoe_any_injury,38.23412954302219,16865290.854115944,3523.960454673736
PHOENIX,9740063216813211648,blincoe_any_injury,26.271260221182114,18074570.69290329,19595.27901263044
PHOENIX,9740063251172950016,blincoe_any_injury,49.229765967256924,17014665.61847427,22695.867031129652
PHOENIX,9740063285532688384,blincoe_any_injury,25.89536330848304,15179853.079377675,23748.919434488376
PHOENIX,9740063319892426752,blincoe_any_injury,54.978182121173674,22026765.694833074,27586.976132975702
PHOENIX,9740063354252165120,blincoe_any_injury,15.40092276784707,12469052.181361161,30827.023445151775
PHOENIX,9740063388611903488,blincoe_any_injury,66.60031339990685,20329138.653212905,23466.788766013
PHOENIX,9740063422971641856,blincoe_any_injury,72.09813161202422,15589598.98531564,12334.775278515446
PHOENIX,9740063457331380224,blincoe_any_injury,15.15032482604769,8303595.888412717,27950.39428654569
PHOENIX,9740063491691118592,blincoe_any_injury,9.9031045557297,5380619.603911149,10117.998461888144
PHOENIX,9740063526050856960,blincoe_any_injury,13.681896044843581,8429425.086515043,9756.363039496506
PHOENIX,9740063560410595328,blincoe_any_injury,55.54969574395681,17742322.869361807,13364.782501776788
PHOENIX,9740063594770333696,blincoe_any_injury,45.01770456653113,19447769.500515953,18412.572123863407
PHOENIX,9740063835288502272,blincoe_any_injury,29.456323958192186,13745786.319205014,56.1398745980419
PHOENIX,9740065278397513728,blincoe_any_injury,7.87371512481644,10185971.427933384,17629.317082432128
PHOENIX,9740065312757252096,blincoe_any_injury,33.773861967694536,14137246.738546355,13412.95752653257
PHOENIX,9740065347116990464,blincoe_any_injury,3.8515289632255305,7423854.44270719,13912.078075213398
PHOENIX,9740065381476728832,blincoe_any_injury,1.46842878120411,4325633.9333124375,13497.590825943576
PHOENIX,9740065415836467200,blincoe_any_injury,25.494860499265766,8565862.293660618,17874.664420420566
PHOENIX,9740065450196205568,blincoe_any_injury,41.11600587371509,15745402.61195746,16450.066768375447
PHOENIX,9740065484555943936,blincoe_any_injury,49.92657856093975,15048810.539227365,13654.156580462515
PHOENIX,9740065518915682304,blincoe_any_injury,10.27900146842877,8846773.649226302,14765.599849451366
PHOENIX,9740065553275420672,blincoe_any_injury,14.215859030836992,8075256.308867522,20142.415850273348
PHOENIX,9740065587635159040,blincoe_any_injury,5.87371512481644,3751059.751112262,9874.879368553662
PHOENIX,9740065621994897408,blincoe_any_injury,58.611852277264724,13380407.73640541,16500.43045742929
PHOENIX,9740065656354635776,blincoe_any_injury,68.89085374569349,12585708.137476876,14885.807055568748
PHOENIX,9740065690714374144,blincoe_any_injury,18.964275184753742,9808132.598387567,3.8615253588008227
PHOENIX,9740065931232542720,blincoe_any_injury,20.558002936857545,11551622.90516442,1.0364031032046725
PHOENIX,9740065965592281088,blincoe_any_injury,54.331864904552084,13878187.072184779,2799.908870381805
PHOENIX,9740065999952019456,blincoe_any_injury,49.67598061914037,13716601.689801808,7448.950798735272
PHOENIX,9740066034311757824,blincoe_any_injury,11.27900146842877,4085224.4187746895,10590.00496784468
PHOENIX,9740066068671496192,blincoe_any_injury,8.81057268722466,4994968.628779192,4018.216864068315
PHOENIX,9740066103031234560,blincoe_any_injury,5.87371512481644,9689056.227115069,4486.667359930661
PHOENIX,9740066137390972928,blincoe_any_injury,8.81057268722466,11969929.327754868,1453.108484705954
PHOENIX,9740066171750711296,blincoe_any_injury,24.963289280469876,14159185.510683365,801.7245045134174
PHOENIX,9740066206110449664,blincoe_any_injury,0.0,5352998.155897495,6424.503930946751
PHOENIX,9740066240470188032,blincoe_any_injury,7.342143906020549,6821540.607697336,5643.226212040418
PHOENIX,9740066274829926400,blincoe_any_injury,0.0,7637576.255567061,789.1638487575808
PHOENIX,9740066309189664768,blincoe_any_injury,20.558002936857545,10318085.994102068,1878.6083190076513
PHOENIX,9740066343549403136,blincoe_any_injury,57.14342349606061,12342660.08114805,3422.314338356196
PHOENIX,9740066584067571712,blincoe_any_injury,2.93685756240822,11441889.084420549,0.06249851731898389
PHOENIX,9740066618427310080,blincoe_any_injury,0.0,7542811.657876962,0.6937111733892911
PHOENIX,9740066652787048448,blincoe_any_injury,13.215859030836992,7738002.404160435,0.7568680199743034
PHOENIX,9740066687146786816,blincoe_any_injury,84.66767342623963,16500628.08965891,0.7506718035304214
PHOENIX,9740067133823385600,blincoe_any_injury,4.02938943091326,5934524.140506294,0.68880508122085
PHOENIX,9740067168183123968,blincoe_any_injury,4.02938943091326,7446259.335575519,0.7058120396056055
PHOENIX,9740068302054490112,blincoe_any_injury,26.271260221182118,16054420.544249758,0.1072753839558348
PHOENIX,9740068370773966848,blincoe_any_injury,16.36815566545242,13962874.664445236,0.6958119820373636
PHOENIX,9740068405133705216,blincoe_any_injury,12.338766234539161,15513955.563784942,0.5890178629384893
PHOENIX,9740068714371350528,blincoe_any_injury,15.275623796947382,19468655.6589924,0.695427247917693
PHOENIX,9740068748731088896,blincoe_any_injury,5.62311718301706,9633648.284482533,0.7032777812803324
PHOENIX,9740068920529780736,blincoe_any_injury,2.68625962060884,11430308.492708731,0.4652494172488321
PHOENIX,9740068954889519104,blincoe_any_injury,7.09154596422117,8504785.268210508,0.7039779790268437
PHOENIX,9740069092328472576,blincoe_any_injury,2.93685756240822,7503119.984231338,0.25273473360882326
PHOENIX,9740069126688210944,blincoe_any_injury,25.67992423627584,12441167.99086244,0.6985086499719458
PHOENIX,9740069229767426048,blincoe_any_injury,32.736311330904826,14591776.7123436,1.2597557113570201
PHOENIX,9740069264127164416,blincoe_any_injury,5.62311718301706,5455175.5238147285,0.6569868586168881
PHOENIX,9740069298486902784,blincoe_any_injury,23.835598542372658,15828849.20174038,0.3804748306023257
PHOENIX,9739878636298698752,observed_any_injury,5.0,8360097.04480056,733.5138661579498
PHOENIX,9739878670658437120,observed_any_injury,12.0,11169015.518518345,3519.336896580618
PHOENIX,9739878705018175488,observed_any_injury,19.914671400817312,6831295.642236972,1200.6492155113435
PHOENIX,9739878911176605696,observed_any_injury,2.0,6481933.521086218,3233.7313145756434
PHOENIX,9739879014255820800,observed_any_injury,25.0,12587465.79402222,8603.217997198803
PHOENIX,9739879048615559168,observed_any_injury,1.0,11606198.005368067,8687.69834808398
PHOENIX,9739879082975297536,observed_any_injury,2.0,5271080.356332197,2097.613286514209
PHOENIX,9739879117335035904,observed_any_injury,7.0,14254715.154384198,9115.186735070904
PHOENIX,9739879151694774272,observed_any_injury,28.914671400817312,18219354.54205562,20970.01358616667
PHOENIX,9739879186054512640,observed_any_injury,12.0,21356947.378828492,25730.58665317661
PHOENIX,9739879220414251008,observed_any_injury,11.0,10428316.200334013,18828.761778004948
PHOENIX,9739879254773989376,observed_any_injury,13.0,9615664.834368367,21724.15940274484
PHOENIX,9739879289133727744,observed_any_injury,38.0,14399230.358571773,25347.71798447376
PHOENIX,9739879323493466112,observed_any_injury,10.0,15429450.664896723,46759.62922029118
PHOENIX,9739879357853204480,observed_any_injury,40.91467140081731,19594589.959312048,55910.54498129095
PHOENIX,9739879392212942848,observed_any_injury,19.0,19118259.909942873,70884.46988718482
PHOENIX,9739879426572681216,observed_any_injury,22.0,14535433.683965798,41710.79432733014
PHOENIX,9739879460932419584,observed_any_injury,15.0,9588401.073125837,10908.579978795016
PHOENIX,9739879495292157952,observed_any_injury,21.0,16489545.883620596,47589.997445869485
PHOENIX,9739879529651896320,observed_any_injury,57.91467140081731,19122801.736882087,62002.3931017796
PHOENIX,9739879564011634688,observed_any_injury,8.0,800714.2729349568,5077.103599328104
PHOENIX,9739879632731111424,observed_any_injury,12.0,10518052.388152773,15660.808070472536
PHOENIX,9739879667090849792,observed_any_injury,2.0,9152483.793516165,6780.67326218982
PHOENIX,9739879873249280000,observed_any_injury,3.0,205831.74237167867,499.61401893162866
PHOENIX,9739879907609018368,observed_any_injury,1.0,3983280.208042367,12278.217621340558
PHOENIX,9739879941968756736,observed_any_injury,0.0,2498057.951155164,3036.638532353863
PHOENIX,9739880045047971840,observed_any_injury,0.0,4111810.199811897,1884.9441059590006
PHOENIX,9739880079407710208,observed_any_injury,16.0,3906071.8042531675,1137.6724901290474
PHOENIX,9739883034345209856,observed_any_injury,5.0,8257103.558644557,6968.820832026268
PHOENIX,9739883068704948224,observed_any_injury,0.0,2026901.1482279147,908.54950334978
PHOENIX,9739883103064686592,observed_any_injury,8.914671400817312,14642527.764966745,3857.973001450729
PHOENIX,9739883137424424960,observed_any_injury,12.0,8936016.827871537,11164.878612076733
PHOENIX,9739883171784163328,observed_any_injury,18.0,11527155.86024161,22307.471026928266
PHOENIX,9739883206143901696,observed_any_injury,18.829342801634624,22073635.622400597,29939.73360745229
PHOENIX,9739883240503640064,observed_any_injury,31.0,6912129.358750104,1562.4725878104382
PHOENIX,9739883274863378432,observed_any_injury,22.0,12088018.365231369,5967.680576607792
PHOENIX,9739883309223116800,observed_any_injury,50.0,18445116.591177106,1188.3334883980062
PHOENIX,9739884958490558464,observed_any_injury,24.829342801634624,16209766.495679589,3822.6602320226393
PHOENIX,9739884992850296832,observed_any_injury,2.0,8274280.417957301,4583.611452676268
PHOENIX,9739885027210035200,observed_any_injury,17.0,14247558.746388128,29712.187059581232
PHOENIX,9739885061569773568,observed_any_injury,31.914671400817312,17481992.882533286,49459.064212986385
PHOENIX,9739885095929511936,observed_any_injury,1.0,10266974.862616118,43038.733152597364
PHOENIX,9739885130289250304,observed_any_injury,2.914671400817311,7862724.945479543,3646.531865721924
PHOENIX,9739885164648988672,observed_any_injury,19.82934280163462,9815624.730220366,2369.6407795767764
PHOENIX,9739885199008727040,observed_any_injury,48.829342801634624,20262921.12243103,93826.88982596144
PHOENIX,9739885233368465408,observed_any_injury,48.829342801634624,16743296.279855393,98034.78142748235
PHOENIX,9739885267728203776,observed_any_injury,22.0,11597286.690768518,48524.269536323096
PHOENIX,9739885302087942144,observed_any_injury,23.0,15518846.018170882,83269.9145447116
PHOENIX,9739885336447680512,observed_any_injury,50.0,18291308.230730925,132702.74307108842
PHOENIX,9739885370807418880,observed_any_injury,38.829342801634624,17198839.57323426,125450.05190858795
PHOENIX,9739885405167157248,observed_any_injury,40.0,16452830.44951252,130963.28941151344
PHOENIX,9739885439526895616,observed_any_injury,16.914671400817312,13369085.389073119,108198.55898358587
PHOENIX,9739885473886633984,observed_any_injury,0.914671400817311,2326168.1344579356,12573.502867869542
PHOENIX,9739885508246372352,observed_any_injury,8.829342801634622,7327671.276647412,20499.392736493028
PHOENIX,9739885542606110720,observed_any_injury,28.744014202451933,15401770.809625924,94221.89258900228
PHOENIX,9739885576965849088,observed_any_injury,29.914671400817312,16889157.685949236,99656.11181594689
PHOENIX,9739885611325587456,observed_any_injury,0.0,10109543.955612967,31838.65112466547
PHOENIX,9739885645685325824,observed_any_injury,18.0,16509039.132924639,31524.147692761642
PHOENIX,9739885680045064192,observed_any_injury,11.0,8614694.533793768,51172.6633498345
PHOENIX,9739885714404802560,observed_any_injury,14.91467140081731,7983326.101155693,24856.139307653186
PHOENIX,9739885748764540928,observed_any_injury,10.0,18554309.7149395,2576.6618929459896
PHOENIX,9739885783124279296,observed_any_injury,10.0,16431489.76897683,24986.105370970577
PHOENIX,9739885817484017664,observed_any_injury,16.0,17886765.38749303,32550.18467517462
PHOENIX,9739885851843756032,observed_any_injury,0.0,5998886.868344898,11695.698168119861
PHOENIX,9739885886203494400,observed_any_injury,26.914671400817312,14597729.648687052,22022.93673404563
PHOENIX,9739885920563232768,observed_any_injury,8.0,13437156.599121371,11955.345316228111
PHOENIX,9739885954922971136,observed_any_injury,23.0,15958872.104642946,18140.733352863404
PHOENIX,9739885989282709504,observed_any_injury,16.0,12384810.922846863,23572.44026555525
PHOENIX,9739886023642447872,observed_any_injury,4.0,9996428.009996312,17012.485986628246
PHOENIX,9739886058002186240,observed_any_injury,22.0,15379647.967591187,46643.06374882211
PHOENIX,9739886092361924608,observed_any_injury,8.0,9054318.46543402,31311.19210508794
PHOENIX,9739886126721662976,observed_any_injury,17.0,15976349.742043512,77632.54424347918
PHOENIX,9739886161081401344,observed_any_injury,22.914671400817312,15893234.077040706,88193.08253949013
PHOENIX,9739886195441139712,observed_any_injury,27.0,14298835.015449349,87445.23706239415
PHOENIX,9739886229800878080,observed_any_injury,5.0,6590076.0739114145,17022.115612270594
PHOENIX,9739886264160616448,observed_any_injury,5.0,9779857.835463433,40462.71702249016
PHOENIX,9739886298520354816,observed_any_injury,6.914671400817311,9183341.539953128,72595.69614341033
PHOENIX,9739886332880093184,observed_any_injury,2.0,6329833.436763809,7881.135301246788
PHOENIX,9739886367239831552,observed_any_injury,12.0,8697408.423112253,23750.34815474512
PHOENIX,9739886401599569920,observed_any_injury,22.914671400817312,11592153.006833771,26024.270125861276
PHOENIX,9739886435959308288,observed_any_injury,16.0,10172178.689769194,26371.20146423733
PHOENIX,9739886470319046656,observed_any_injury,32.829342801634624,18359901.211580712,46741.02157616005
PHOENIX,9739886504678785024,observed_any_injury,26.914671400817312,19657343.419204097,61379.05910336481
PHOENIX,9739886539038523392,observed_any_injury,0.0,4788969.6698278375,6731.259438546914
PHOENIX,9739886573398261760,observed_any_injury,13.0,14527995.913318314,41453.35494828808
PHOENIX,9739886607758000128,observed_any_injury,31.0,12473505.142078212,57294.98890188763
PHOENIX,9739886642117738496,observed_any_injury,11.0,15540466.45134574,60511.38215788517
PHOENIX,9739886676477476864,observed_any_injury,13.0,17961859.23875544,66326.43587576992
PHOENIX,9739886710837215232,observed_any_injury,12.0,10098961.734397236,41781.66680498485
PHOENIX,9739886745196953600,observed_any_injury,31.0,16649879.252939027,59687.70720368134
PHOENIX,9739886779556691968,observed_any_injury,31.0,13455873.616067613,71667.94249003087
PHOENIX,9739886813916430336,observed_any_injury,21.0,13536906.565671341,76627.93440614874
PHOENIX,9739886848276168704,observed_any_injury,26.0,15439034.3314975,56917.553481292234
PHOENIX,9739886882635907072,observed_any_injury,14.317371206538485,13968071.548153471,37533.7959774288
PHOENIX,9739886916995645440,observed_any_injury,6.488028404903866,12216694.116721762,34521.47098013186
PHOENIX,9739886951355383808,observed_any_injury,15.402699805721173,11100765.70455872,72537.20106945434
PHOENIX,9739886985715122176,observed_any_injury,1.9146714008173111,8416748.904289931,58542.56768005544
PHOENIX,9739887020074860544,observed_any_injury,1.829342801634622,4175140.136385731,6593.289210588172
PHOENIX,9739887054434598912,observed_any_injury,13.0,11158906.14052764,31007.071875995396
PHOENIX,9739887088794337280,observed_any_injury,18.744014202451936,12861729.274565933,19739.183974374933
PHOENIX,9739887123154075648,observed_any_injury,6.488028404903867,8614258.831137704,21123.844204233756
PHOENIX,9739887157513814016,observed_any_injury,9.573357004086555,16340886.002663082,58244.79289388034
PHOENIX,9739887191873552384,observed_any_injury,17.0,10898573.134192135,62926.43478253379
PHOENIX,9739887226233290752,observed_any_injury,1.9146714008173111,1758387.5755965803,5943.465716310569
PHOENIX,9739887260593029120,observed_any_injury,14.91467140081731,11302046.809806805,32531.44529948406
PHOENIX,9739887294952767488,observed_any_injury,66.6482414416829,20651746.78837325,79415.15610430868
PHOENIX,9739887329312505856,observed_any_injury,14.97605680980773,20143884.825946473,98776.9015892235
PHOENIX,9739887363672244224,observed_any_injury,27.293428016346226,20796219.900583867,49400.83503289135
PHOENIX,9739887398031982592,observed_any_injury,41.18415622697128,30249240.852345098,53259.36643580173
PHOENIX,9739887432391720960,observed_any_injury,17.890728210625042,14243032.020619715,35508.12191924443
PHOENIX,9739887466751459328,observed_any_injury,24.37875661552891,10481981.80880663,70918.60476372656
PHOENIX,9739887501111197696,observed_any_injury,36.12277081798085,18779559.25453348,138553.33549166395
PHOENIX,9739887535470936064,observed_any_injury,7.317371206538488,5865319.2127010785,12593.583710038047
PHOENIX,9739887569830674432,observed_any_injury,9.488028404903865,7231250.798290551,28653.686499448773
PHOENIX,9739887604190412800,observed_any_injury,3.8293428016346223,5371422.858548767,11424.94810195403
PHOENIX,9739887638550151168,observed_any_injury,30.720071012259673,13792541.191117411,35616.696973635924
PHOENIX,9739887672909889536,observed_any_injury,23.549413813894287,13230282.686858239,51349.57506102343
PHOENIX,9739887707269627904,observed_any_injury,67.91467140081731,15334624.30892901,46112.30753367973
PHOENIX,9739887741629366272,observed_any_injury,36.0,8497858.90121333,35703.773550270445
PHOENIX,9739887775989104640,observed_any_injury,9.744014202451933,10280189.245369123,52223.033778992234
PHOENIX,9739887810348843008,observed_any_injury,32.91467140081731,13689375.68691878,60252.56082792758
PHOENIX,9739887844708581376,observed_any_injury,5.0,8699122.946160529,123497.55462657448
PHOENIX,9739887879068319744,observed_any_injury,59.72007101225967,17240481.41275171,165999.5935682789
PHOENIX,9739887913428058112,observed_any_injury,7.0,7694510.740728371,24862.50505446765
PHOENIX,9739887947787796480,observed_any_injury,15.0,8807132.464785678,32567.869031259444
PHOENIX,9739887982147534848,observed_any_injury,41.65868560326925,21714903.45781455,114108.78059657835
PHOENIX,9739888016507273216,observed_any_injury,36.829342801634624,22405536.065084293,235923.0013816161
PHOENIX,9739888050867011584,observed_any_injury,49.91467140081731,17586915.35729459,133355.2923638543
PHOENIX,9739888085226749952,observed_any_injury,27.914671400817312,21927469.329135854,96533.38688043688
PHOENIX,9739888119586488320,observed_any_injury,56.0,16867236.698271368,72512.30385005403
PHOENIX,9739888153946226688,observed_any_injury,11.0,6156633.067730358,66945.41327496424
PHOENIX,9739888188305965056,observed_any_injury,15.0,9199275.560016051,57730.76245498577
PHOENIX,9739888222665703424,observed_any_injury,18.0,9807412.267290432,54630.196825871426
PHOENIX,9739888257025441792,observed_any_injury,47.91467140081731,21804305.538441934,209596.0313652466
PHOENIX,9739888291385180160,observed_any_injury,24.744014202451933,12161088.425548226,109862.86648275895
PHOENIX,9739888325744918528,observed_any_injury,23.82934280163462,11665663.043328669,131467.0751873061
PHOENIX,9739888360104656896,observed_any_injury,40.402699805721184,20470227.48621306,172782.43755415396
PHOENIX,9739888394464395264,observed_any_injury,62.57335700408656,24151811.546610452,169991.2298426496
PHOENIX,9739888428824133632,observed_any_injury,104.40269980572118,20596160.556321934,166932.06381559526
PHOENIX,9739888463183872000,observed_any_injury,35.65868560326925,16770323.795185879,238940.3269335595
PHOENIX,9739888497543610368,observed_any_injury,64.74401420245194,24459008.28368415,267610.8146699898
PHOENIX,9739888531903348736,observed_any_injury,41.829342801634624,12916570.938277243,197369.36598088438
PHOENIX,9739888566263087104,observed_any_injury,13.0,9730731.08643672,145558.4622654589
PHOENIX,9739888600622825472,observed_any_injury,48.829342801634624,20558627.023139626,121428.04643958333
PHOENIX,9739888634982563840,observed_any_injury,74.65868560326925,15057564.019118031,110393.70520139426
PHOENIX,9739888669342302208,observed_any_injury,18.829342801634624,8272381.208458713,133646.9365953408
PHOENIX,9739888703702040576,observed_any_injury,11.914671400817312,8042022.857027133,118232.94571798707
PHOENIX,9739888738061778944,observed_any_injury,5.0,7734069.465837087,172094.098941729
PHOENIX,9739888772421517312,observed_any_injury,0.0,7045217.978610487,94454.49200431093
PHOENIX,9739888806781255680,observed_any_injury,2.0,3461028.1887366213,35681.528513977995
PHOENIX,9739888841140994048,observed_any_injury,0.0,3049798.484947014,46265.791686104814
PHOENIX,9739888875500732416,observed_any_injury,25.0,18962128.970702246,184374.46868763628
PHOENIX,9739888909860470784,observed_any_injury,13.0,12674613.776836134,102741.54133502427
PHOENIX,9739888944220209152,observed_any_injury,33.0,24940304.00221048,155714.68439811424
PHOENIX,9739888978579947520,observed_any_injury,22.0,18051913.606074158,96447.58721984776
PHOENIX,9739889012939685888,observed_any_injury,8.0,7491748.432642117,113715.23825354953
PHOENIX,9739889047299424256,observed_any_injury,45.91467140081731,23311128.028116845,173948.43062453528
PHOENIX,9739889081659162624,observed_any_injury,10.0,8805460.694745483,36344.79259283717
PHOENIX,9739889150378639360,observed_any_injury,2.0,4549239.640005004,7515.585369069608
PHOENIX,9739889184738377728,observed_any_injury,3.0,6280064.323157931,26585.12966447046
PHOENIX,9739889322177331200,observed_any_injury,0.914671400817311,4255002.706327681,3157.3413505839567
PHOENIX,9739889425256546304,observed_any_injury,0.0,466128.77156423446,572.2795659959231
PHOENIX,9739889768853929984,observed_any_injury,6.0,6599058.7151953215,1003.4665281626435
PHOENIX,9739889803213668352,observed_any_injury,5.0,17792052.78553856,16076.381091973812
PHOENIX,9739889837573406720,observed_any_injury,17.914671400817312,13215092.488798015,19873.193312624877
PHOENIX,9739889871933145088,observed_any_injury,2.0,8901638.860583333,755.1867204332902
PHOENIX,9739889906292883456,observed_any_injury,8.0,8321521.902668537,742.5574835668976
PHOENIX,9739889940652621824,observed_any_injury,3.0,4506409.752350367,16344.19810914547
PHOENIX,9739889975012360192,observed_any_injury,2.0,11977400.488522764,21125.84719682573
PHOENIX,9739890456048697344,observed_any_injury,0.0,9555513.55158777,5455.452150340259
PHOENIX,9739890490408435712,observed_any_injury,10.0,9714792.366907092,6431.584975341935
PHOENIX,9739890524768174080,observed_any_injury,10.0,17943595.414664287,39188.348277737656
PHOENIX,9739890559127912448,observed_any_injury,3.8293428016346223,13267560.801515313,26603.59643447924
PHOENIX,9739890593487650816,observed_any_injury,7.0,7818317.109272328,17800.26425219409
PHOENIX,9739890627847389184,observed_any_injury,0.0,10064336.042636989,15019.29636975051
PHOENIX,9739890662207127552,observed_any_injury,6.914671400817311,6033255.264400725,767.5986248722629
PHOENIX,9739890696566865920,observed_any_injury,17.0,9561973.783231692,14934.985796082545
PHOENIX,9739890730926604288,observed_any_injury,16.0,17587317.68311195,81748.79621455501
PHOENIX,9739890765286342656,observed_any_injury,9.0,18651258.786940765,58055.41361831396
PHOENIX,9739890799646081024,observed_any_injury,18.0,15716959.658643432,45886.09965817725
PHOENIX,9739890834005819392,observed_any_injury,5.914671400817311,12050338.0363069,65872.85885197768
PHOENIX,9739890868365557760,observed_any_injury,24.914671400817312,22545385.65627794,53478.27134276843
PHOENIX,9739890902725296128,observed_any_injury,2.0,5002089.540560535,3385.809473402233
PHOENIX,9739890937085034496,observed_any_injury,9.0,14889162.687499933,26302.395694323808
PHOENIX,9739890971444772864,observed_any_injury,7.0,17959318.252989233,36443.09509384076
PHOENIX,9739891005804511232,observed_any_injury,1.0,5958796.654678246,10215.706810502901
PHOENIX,9739891040164249600,observed_any_injury,0.0,5472370.065304551,6425.665971792693
PHOENIX,9739891074523987968,observed_any_injury,0.914671400817311,937137.3064913462,1327.3394485417357
PHOENIX,9739891143243464704,observed_any_injury,5.0,9649570.508331727,30768.324874348284
PHOENIX,9739891177603203072,observed_any_injury,0.0,9326607.092890855,27580.87137683855
PHOENIX,9739891211962941440,observed_any_injury,1.0,2314106.4544695583,6792.454240708529
PHOENIX,9739891246322679808,observed_any_injury,0.0,2705497.0454742094,14417.890770966513
PHOENIX,9739891280682418176,observed_any_injury,7.0,4298352.342451159,82370.16158547114
PHOENIX,9739891315042156544,observed_any_injury,9.914671400817312,8402188.063289378,74264.49761428879
PHOENIX,9739891349401894912,observed_any_injury,41.91467140081731,16483382.071293982,213235.1100882347
PHOENIX,9739891383761633280,observed_any_injury,22.914671400817312,6095104.677470162,76861.34369232159
PHOENIX,9739891418121371648,observed_any_injury,17.914671400817312,20478989.178657584,85317.65636317256
PHOENIX,9739891452481110016,observed_any_injury,20.0,16037985.378399944,81965.88084799868
PHOENIX,9739891486840848384,observed_any_injury,26.914671400817312,12399643.897318915,142631.93003442077
PHOENIX,9739891521200586752,observed_any_injury,61.65868560326925,26958161.89932826,269324.64475466445
PHOENIX,9739891555560325120,observed_any_injury,47.744014202451936,24815680.2718815,141172.54343245068
PHOENIX,9739891589920063488,observed_any_injury,19.914671400817312,22633083.65569256,153060.3188982333
PHOENIX,9739891624279801856,observed_any_injury,40.829342801634624,21253790.72607727,142268.14024622724
PHOENIX,9739891658639540224,observed_any_injury,62.65868560326925,22774129.98293586,130660.26752487285
PHOENIX,9739891692999278592,observed_any_injury,18.744014202451933,8318139.830345277,52927.46444718067
PHOENIX,9739891727359016960,observed_any_injury,18.0,11811780.88038093,77318.8715201601
PHOENIX,9739891761718755328,observed_any_injury,35.744014202451936,10702778.168491805,120464.960728801
PHOENIX,9739891796078493696,observed_any_injury,6.0,9250923.776966427,82460.2758391744
PHOENIX,9739891830438232064,observed_any_injury,5.0,5982680.001124344,40731.99511993096
PHOENIX,9739891864797970432,observed_any_injury,10.914671400817312,7281111.629381528,54823.41914875458
PHOENIX,9739891899157708800,observed_any_injury,15.0,11759315.701598195,57312.21706420105
PHOENIX,9739891933517447168,observed_any_injury,23.829342801634624,15309178.054545056,88826.97043743446
PHOENIX,9739891967877185536,observed_any_injury,59.91467140081731,27249004.896609183,158771.77346521695
PHOENIX,9739892002236923904,observed_any_injury,47.91467140081731,15334417.456020102,105978.92052213653
PHOENIX,9739892036596662272,observed_any_injury,3.0,10703576.982624697,68099.0552566029
PHOENIX,9739892070956400640,observed_any_injury,73.91467140081731,22400798.4503092,127403.9385816863
PHOENIX,9739892105316139008,observed_any_injury,9.0,13364668.615383718,87036.59360037555
PHOENIX,9739892139675877376,observed_any_injury,20.0,11565784.050785767,77506.86098401464
PHOENIX,9739892174035615744,observed_any_injury,19.0,14504402.46397665,92249.72546948251
PHOENIX,9739892208395354112,observed_any_injury,26.914671400817312,19758943.042502638,109604.80923529065
PHOENIX,9739892242755092480,observed_any_injury,3.0,3051903.2832299974,52420.053043984386
PHOENIX,9739892277114830848,observed_any_injury,2.914671400817311,7981534.363519879,56740.27741891038
PHOENIX,9739892311474569216,observed_any_injury,14.0,12391669.551994218,69701.92511591954
PHOENIX,9739892345834307584,observed_any_injury,11.914671400817312,1859528.0276888483,59181.621113070876
PHOENIX,9739892414553784320,observed_any_injury,1.0,703212.8076956759,25714.567839272022
PHOENIX,9739892448913522688,observed_any_injury,1.0,1966895.1426353473,11789.696754624118
PHOENIX,9739892483273261056,observed_any_injury,0.0,1895337.1434675003,9157.130831864026
PHOENIX,9739892517632999424,observed_any_injury,2.0,7408736.204212689,25963.85162671192
PHOENIX,9739892586352476160,observed_any_injury,4.914671400817311,8815374.021598617,28197.99023374262
PHOENIX,9739892620712214528,observed_any_injury,4.0,14042826.11884671,61371.52758293519
PHOENIX,9739892655071952896,observed_any_injury,2.0,7571645.304088804,18094.34303234353
PHOENIX,9739892723791429632,observed_any_injury,1.0,1034478.677295041,526.2804574671848
PHOENIX,9739892792510906368,observed_any_injury,0.0,3753702.6013156925,9820.354800477686
PHOENIX,9739892826870644736,observed_any_injury,1.0,13083834.242613133,68576.18065549765
PHOENIX,9739892861230383104,observed_any_injury,19.0,14246876.146287598,113672.58898902203
PHOENIX,9739892895590121472,observed_any_injury,17.0,7843485.515014404,90173.22999065057
PHOENIX,9739892929949859840,observed_any_injury,7.0,6101630.613059032,49180.84771203694
PHOENIX,9739892964309598208,observed_any_injury,31.0,10912924.695622563,58948.46072885362
PHOENIX,9739892998669336576,observed_any_injury,22.914671400817312,7665986.000544109,73172.71353120249
PHOENIX,9739893033029074944,observed_any_injury,0.0,2694471.727452297,35951.29596535017
PHOENIX,9739893067388813312,observed_any_injury,0.0,2230852.0610680827,4592.181957228915
PHOENIX,9739893101748551680,observed_any_injury,0.0,6155412.174932009,14475.688801103817
PHOENIX,9739893136108290048,observed_any_injury,3.0,9806253.204199884,21766.554571895576
PHOENIX,9739893170468028416,observed_any_injury,4.0,7554008.232039406,15753.8618440003
PHOENIX,9739893204827766784,observed_any_injury,14.0,9556605.278192269,42534.11315275899
PHOENIX,9739893239187505152,observed_any_injury,6.0,14777970.97192666,20349.910121038756
PHOENIX,9739893273547243520,observed_any_injury,12.0,10035767.55070998,19172.407350392034
PHOENIX,9739893307906981888,observed_any_injury,17.914671400817312,19066831.37647179,53689.06186158426
PHOENIX,9739893342266720256,observed_any_injury,93.82934280163462,19778114.04651048,101073.81913777569
PHOENIX,9739893376626458624,observed_any_injury,17.0,12193373.3354868,91318.52139698366
PHOENIX,9739893410986196992,observed_any_injury,41.91467140081731,19151079.305907205,94557.17643485375
PHOENIX,9739893445345935360,observed_any_injury,38.0,24561634.796605032,98636.97846669736
PHOENIX,9739893479705673728,observed_any_injury,18.0,12220899.29688514,85945.26423758759
PHOENIX,9739893514065412096,observed_any_injury,25.0,13389203.344054235,77617.17692195479
PHOENIX,9739893548425150464,observed_any_injury,56.0,20381239.08364994,84311.77763187187
PHOENIX,9739893582784888832,observed_any_injury,30.0,17225478.66169611,102233.12760297388
PHOENIX,9739893617144627200,observed_any_injury,76.0,27036809.044162262,144106.27875431467
PHOENIX,9739893651504365568,observed_any_injury,13.0,12804704.559222506,81814.35427120447
PHOENIX,9739893685864103936,observed_any_injury,28.0,17218833.13638673,68851.5151093289
PHOENIX,9739893720223842304,observed_any_injury,74.91467140081731,25016017.10670612,96760.23292114184
PHOENIX,9739893754583580672,observed_any_injury,40.91467140081731,20228083.283325464,110053.99683243108
PHOENIX,9739893788943319040,observed_any_injury,3.0,8337530.764689735,27521.404717467107
PHOENIX,9739893823303057408,observed_any_injury,21.0,9717484.063589739,64043.23794637819
PHOENIX,9739893857662795776,observed_any_injury,69.82934280163462,13606543.919630809,80316.45115394842
PHOENIX,9739893892022534144,observed_any_injury,16.0,14649027.060833674,80032.47003665147
PHOENIX,9739893926382272512,observed_any_injury,52.829342801634624,18259797.323008478,106962.2263771567
PHOENIX,9739893960742010880,observed_any_injury,7.914671400817311,9760604.66463271,77306.39575234073
PHOENIX,9739893995101749248,observed_any_injury,11.0,10407505.644320058,147944.74491768985
PHOENIX,9739894029461487616,observed_any_injury,21.829342801634624,10897567.860742562,170140.20305931184
PHOENIX,9739894063821225984,observed_any_injury,37.91467140081731,16640099.941001846,261790.75117604798
PHOENIX,9739894098180964352,observed_any_injury,27.0,14245469.848265043,135298.4721350202
PHOENIX,9739894132540702720,observed_any_injury,6.0,8200625.72306071,62283.44928095166
PHOENIX,9739894166900441088,observed_any_injury,2.0,4476873.543602556,21936.285981753572
PHOENIX,9739894201260179456,observed_any_injury,27.914671400817312,10161794.222329263,62748.66748911091
PHOENIX,9739894235619917824,observed_any_injury,2.0,7150362.054310629,33223.4339680178
PHOENIX,9739894269979656192,observed_any_injury,14.0,9184552.502222488,38319.97444725151
PHOENIX,9739894304339394560,observed_any_injury,1.0,57895.28127601948,123.21203876587599
PHOENIX,9739894338699132928,observed_any_injury,1.0,347951.77875890996,763.0687034479184
PHOENIX,9739894373058871296,observed_any_injury,2.0,7708835.038571293,23085.45565616418
PHOENIX,9739894407418609664,observed_any_injury,2.914671400817311,7651177.357082844,39894.75194956933
PHOENIX,9739894441778348032,observed_any_injury,5.0,9552767.575319322,83374.54765869318
PHOENIX,9739894476138086400,observed_any_injury,30.0,15557161.915610254,85688.65891357981
PHOENIX,9739894510497824768,observed_any_injury,26.914671400817312,16003601.169035997,267240.8118473978
PHOENIX,9739894544857563136,observed_any_injury,11.0,12222334.648147771,232869.31784365943
PHOENIX,9739894579217301504,observed_any_injury,7.0,12307524.156194732,233909.39972905608
PHOENIX,9739894613577039872,observed_any_injury,5.0,3957665.945078345,128030.60059719994
PHOENIX,9739894647936778240,observed_any_injury,14.0,12466731.819050023,263912.61155242944
PHOENIX,9739894682296516608,observed_any_injury,45.91467140081731,20735681.536910146,216653.41518013313
PHOENIX,9739894716656254976,observed_any_injury,2.0,6053390.742966929,33095.855505176274
PHOENIX,9739894751015993344,observed_any_injury,1.0,4485279.100070956,25762.819691555695
PHOENIX,9739894785375731712,observed_any_injury,6.914671400817311,9918565.218849503,241474.107302711
PHOENIX,9739894819735470080,observed_any_injury,17.0,9261488.079742018,210448.4736006017
PHOENIX,9739894888454946816,observed_any_injury,29.829342801634624,15996222.902578179,167510.89190018235
PHOENIX,9739894922814685184,observed_any_injury,22.0,22694330.028416697,168007.9921912156
PHOENIX,9739894957174423552,observed_any_injury,20.914671400817312,12923464.24670529,95105.81638329705
PHOENIX,9739894991534161920,observed_any_injury,17.0,9136782.338052388,121496.08775290355
PHOENIX,9739895025893900288,observed_any_injury,0.0,17123437.189216215,110797.45201288848
PHOENIX,9739895060253638656,observed_any_injury,7.0,12729662.110974949,70869.1039693193
PHOENIX,9739895094613377024,observed_any_injury,4.0,7888146.660960025,38207.25980065508
PHOENIX,9739895128973115392,observed_any_injury,35.91467140081731,17183736.54792075,39054.30400683655
PHOENIX,9739895163332853760,observed_any_injury,11.0,14905978.30086123,26726.2962462581
PHOENIX,9739895197692592128,observed_any_injury,30.914671400817312,20588374.37273606,40908.611341301155
PHOENIX,9739895232052330496,observed_any_injury,26.0,10061190.80752865,10673.241721428576
PHOENIX,9739895266412068864,observed_any_injury,2.914671400817311,4798699.230434271,24059.667720179852
PHOENIX,9739895300771807232,observed_any_injury,34.744014202451936,16785504.332533773,202171.8752384408
PHOENIX,9739895335131545600,observed_any_injury,47.829342801634624,18924915.25202362,174594.35708277268
PHOENIX,9739895369491283968,observed_any_injury,34.829342801634624,12128855.032587111,24830.532348469416
PHOENIX,9739895403851022336,observed_any_injury,13.0,8910139.413275093,218725.28306008014
PHOENIX,9739895438210760704,observed_any_injury,32.0,20836835.877294086,218053.9645889266
PHOENIX,9739895472570499072,observed_any_injury,17.0,14521509.08127516,109391.7078209591
PHOENIX,9739895506930237440,observed_any_injury,35.0,14679696.800615015,6872.526294408149
PHOENIX,9739895541289975808,observed_any_injury,43.91467140081731,29249997.510785643,5895.304261500263
PHOENIX,9739895575649714176,observed_any_injury,58.91467140081731,15954029.175657881,107313.18575288837
PHOENIX,9739895610009452544,observed_any_injury,22.0,13402835.749505699,92077.10097010543
PHOENIX,9739895644369190912,observed_any_injury,26.0,18848020.453653254,3165.025466028763
PHOENIX,9739895747448406016,observed_any_injury,3.0,5836395.89593191,4400.605932543559
PHOENIX,9739895781808144384,observed_any_injury,1.9146714008173111,3486954.739473003,34864.29021427075
PHOENIX,9739895816167882752,observed_any_injury,4.0,6310757.798826622,47349.42434602681
PHOENIX,9739895850527621120,observed_any_injury,10.91467140081731,10694287.562049093,30895.185573699717
PHOENIX,9739895884887359488,observed_any_injury,19.0,13413272.215793602,50105.335709993684
PHOENIX,9739895919247097856,observed_any_injury,35.0,16078815.08447396,92500.16211355815
PHOENIX,9739895953606836224,observed_any_injury,40.0,14514252.757852364,78571.84235543778
PHOENIX,9739895987966574592,observed_any_injury,28.0,15354152.47753286,53390.85360904278
PHOENIX,9739896022326312960,observed_any_injury,14.0,13946506.892407648,66115.54067387339
PHOENIX,9739896056686051328,observed_any_injury,38.0,14478851.842338318,76619.67524744598
PHOENIX,9739896091045789696,observed_any_injury,43.91467140081731,18837688.413046755,1683.9592581187735
PHOENIX,9739896125405528064,observed_any_injury,24.914671400817312,16761365.490186574,4051.612928087957
PHOENIX,9739896297204219904,observed_any_injury,36.0,17417607.140106965,299.20821911108226
PHOENIX,9739896331563958272,observed_any_injury,18.914671400817312,13819711.946076283,1129.4010667256046
PHOENIX,9739896365923696640,observed_any_injury,12.914671400817312,7969173.977112439,32206.248918510617
PHOENIX,9739896400283435008,observed_any_injury,2.914671400817311,2960580.6372788935,6331.4200989106075
PHOENIX,9739896434643173376,observed_any_injury,30.0,13611445.143310172,33143.62089189809
PHOENIX,9739896469002911744,observed_any_injury,19.0,9802813.012226146,18351.392508789653
PHOENIX,9739896503362650112,observed_any_injury,15.0,14425098.075314486,9666.51962051546
PHOENIX,9739896537722388480,observed_any_injury,55.829342801634624,24495537.48329765,18877.89473697348
PHOENIX,9739896572082126848,observed_any_injury,13.0,12698064.114206668,8479.736782231616
PHOENIX,9739896606441865216,observed_any_injury,5.0,11061295.846859433,4695.031251595112
PHOENIX,9739896675161341952,observed_any_injury,52.0,19752906.953292653,40.026401153921135
PHOENIX,9739897190557417472,observed_any_injury,10.0,12308918.483294733,25.430853155687515
PHOENIX,9739897259276894208,observed_any_injury,25.0,16415461.809575938,1203.3475129860972
PHOENIX,9739897293636632576,observed_any_injury,43.829342801634624,15683332.62279452,1795.094301889015
PHOENIX,9739897327996370944,observed_any_injury,15.0,11381066.313814133,2183.6931624404597
PHOENIX,9739897431075586048,observed_any_injury,2.0,2903550.4124819688,28.330964197232383
PHOENIX,9739897740313231360,observed_any_injury,27.0,12792736.539058892,601.0078392811995
PHOENIX,9739897809032708096,observed_any_injury,9.914671400817312,14323790.03025839,37.3261961568959
PHOENIX,9739897843392446464,observed_any_injury,27.0,17706459.89836524,7175.558360086724
PHOENIX,9739897877752184832,observed_any_injury,17.0,8581641.599707695,7067.316075813578
PHOENIX,9739897912111923200,observed_any_injury,30.0,21988652.409435183,82040.14428735261
PHOENIX,9739897946471661568,observed_any_injury,43.0,17752206.3149216,22534.78451515477
PHOENIX,9739897980831399936,observed_any_injury,0.0,2378583.3535608156,5182.237672836861
PHOENIX,9739898049550876672,observed_any_injury,6.0,8712290.238636715,5366.733894367658
PHOENIX,9739898083910615040,observed_any_injury,44.829342801634624,20959179.02492822,16579.686722952945
PHOENIX,9739898118270353408,observed_any_injury,11.0,16531482.73520456,18764.341325731406
PHOENIX,9739898152630091776,observed_any_injury,9.829342801634622,9441204.343241856,36087.57014304536
PHOENIX,9739898186989830144,observed_any_injury,33.0,14856463.385510089,38882.34892616971
PHOENIX,9739898221349568512,observed_any_injury,9.0,8554886.40721097,12899.235471727761
PHOENIX,9739898255709306880,observed_any_injury,39.0,7876032.361620155,41356.23519916892
PHOENIX,9739898290069045248,observed_any_injury,31.0,13515438.441214785,163751.44689667894
PHOENIX,9739898324428783616,observed_any_injury,8.0,11313959.114954215,51009.59194541625
PHOENIX,9739898358788521984,observed_any_injury,22.0,16973049.639218777,410047.37426747783
PHOENIX,9739898393148260352,observed_any_injury,15.0,12832617.347719133,231221.2118465331
PHOENIX,9739898427507998720,observed_any_injury,21.0,21177897.855515674,292193.89477895654
PHOENIX,9739898461867737088,observed_any_injury,44.744014202451936,26483924.47223472,208817.9495012514
PHOENIX,9739898496227475456,observed_any_injury,99.82934280163462,34739618.83309472,277536.22626230423
PHOENIX,9739898530587213824,observed_any_injury,42.829342801634624,28671541.583493356,410915.9626436218
PHOENIX,9739898564946952192,observed_any_injury,42.91467140081731,27304778.70806304,246410.3952630512
PHOENIX,9739898599306690560,observed_any_injury,16.914671400817312,10202464.650814835,36395.91819102633
PHOENIX,9739898633666428928,observed_any_injury,15.914671400817312,13427138.665034777,77923.51297674404
PHOENIX,9739898668026167296,observed_any_injury,53.91467140081731,24239225.28675876,248495.47495267482
PHOENIX,9739898702385905664,observed_any_injury,66.91467140081731,28982749.248545058,205114.84922917245
PHOENIX,9739898736745644032,observed_any_injury,12.0,10392128.441204011,52647.714164541474
PHOENIX,9739898771105382400,observed_any_injury,10.914671400817312,18579921.372709233,39723.16466010649
PHOENIX,9739898805465120768,observed_any_injury,42.0,27993745.79457984,161506.7662532965
PHOENIX,9739898839824859136,observed_any_injury,57.0,35868981.631548196,167419.12431058954
PHOENIX,9739898874184597504,observed_any_injury,38.744014202451936,23288791.61529928,115325.45750992732
PHOENIX,9739898908544335872,observed_any_injury,58.744014202451936,13098958.09171712,101580.92668512474
PHOENIX,9739898942904074240,observed_any_injury,28.0,30235956.08331099,143287.95597673528
PHOENIX,9739898977263812608,observed_any_injury,53.0,20842644.03296574,86805.72120770435
PHOENIX,9739899011623550976,observed_any_injury,72.0,29236680.009065706,117761.85078854099
PHOENIX,9739899045983289344,observed_any_injury,43.0,12723693.583595958,61765.22811466583
PHOENIX,9739899080343027712,observed_any_injury,44.91467140081731,7624812.873739188,60324.034449218976
PHOENIX,9739899114702766080,observed_any_injury,16.0,8117588.069246821,35652.09766741356
PHOENIX,9739899149062504448,observed_any_injury,12.0,16313013.856891299,19958.78881444334
PHOENIX,9739899183422242816,observed_any_injury,46.91467140081731,20468411.06351001,28386.825210082454
PHOENIX,9739899217781981184,observed_any_injury,34.0,16131947.147344502,63964.32022573318
PHOENIX,9739899252141719552,observed_any_injury,53.91467140081731,17777458.130207863,80788.95708992533
PHOENIX,9739899286501457920,observed_any_injury,17.0,21147264.090280253,27685.015308527898
PHOENIX,9739899320861196288,observed_any_injury,29.0,15626497.339495916,28391.98955184636
PHOENIX,9739899355220934656,observed_any_injury,13.0,6373877.518816633,38577.03329973656
PHOENIX,9739899389580673024,observed_any_injury,22.914671400817312,18596382.3440209,63232.70147881684
PHOENIX,9739899423940411392,observed_any_injury,17.0,16630840.620109474,85333.48511604266
PHOENIX,9739899458300149760,observed_any_injury,47.0,35833069.943943664,183644.6274877316
PHOENIX,9739899492659888128,observed_any_injury,26.0,20105820.955694277,67517.07303996233
PHOENIX,9739899527019626496,observed_any_injury,12.914671400817312,13072246.974052457,28542.277428056084
PHOENIX,9739899561379364864,observed_any_injury,74.65868560326925,29393248.66555958,5993.365076599138
PHOENIX,9739899595739103232,observed_any_injury,72.91467140081731,25932584.968162984,3864.9346157854416
PHOENIX,9739899630098841600,observed_any_injury,44.0,19813318.675169747,30763.825507966918
PHOENIX,9739899664458579968,observed_any_injury,44.744014202451936,11030521.51240828,24309.37866288062
PHOENIX,9739899698818318336,observed_any_injury,33.0,14764729.257826643,21323.706294912805
PHOENIX,9739899733178056704,observed_any_injury,32.91467140081731,14067620.775571724,2952.7026846336094
PHOENIX,9739899767537795072,observed_any_injury,89.65868560326925,15356067.675768396,3213.6079599361383
PHOENIX,9739900214214393856,observed_any_injury,32.0,18486361.28093926,5260.628747905677
PHOENIX,9739900248574132224,observed_any_injury,25.829342801634624,15881892.609258581,28538.795715224023
PHOENIX,9739900282933870592,observed_any_injury,40.91467140081731,18225651.603456683,21873.61577458062
PHOENIX,9739900317293608960,observed_any_injury,28.914671400817312,17793713.313069463,2095.0623646916265
PHOENIX,9739900351653347328,observed_any_injury,26.914671400817312,17736718.434963614,1999.3214964158472
PHOENIX,9739900386013085696,observed_any_injury,8.0,18101622.935086727,8418.560017928048
PHOENIX,9739900420372824064,observed_any_injury,24.0,14504135.776223734,16776.086765598513
PHOENIX,9739900454732562432,observed_any_injury,22.57335700408656,14774768.172741747,1864.831104651273
PHOENIX,9739997727151882240,observed_any_injury,38.91467140081731,22966090.23528204,666.4649320161287
PHOENIX,9739997761511620608,observed_any_injury,26.914671400817312,17172110.45231854,610.33620596106
PHOENIX,9739998208188219392,observed_any_injury,45.744014202451936,21818775.351813667,1735.1991779647926
PHOENIX,9739998242547957760,observed_any_injury,72.82934280163462,22687567.097648893,3493.0826028202378
PHOENIX,9739998276907696128,observed_any_injury,15.0,18430391.675058577,12757.250483367394
PHOENIX,9739998311267434496,observed_any_injury,42.829342801634624,23193731.07636463,7744.201335071334
PHOENIX,9739998345627172864,observed_any_injury,37.91467140081731,17873216.98437176,6284.526468889841
PHOENIX,9739998379986911232,observed_any_injury,48.829342801634624,17168514.197307836,1271.5832598588179
PHOENIX,9739998414346649600,observed_any_injury,25.914671400817312,15957050.345327834,1578.8726517211992
PHOENIX,9739998448706387968,observed_any_injury,12.0,14580874.563212214,2349.684480385737
PHOENIX,9739998483066126336,observed_any_injury,1.0,9897779.938319081,1842.6797741249297
PHOENIX,9739998517425864704,observed_any_injury,33.0,20100362.4892564,1974.1783423004413
PHOENIX,9739998551785603072,observed_any_injury,15.0,20701020.907767665,7231.101294726978
PHOENIX,9739998586145341440,observed_any_injury,4.0,12719233.330634572,2991.8824514236076
PHOENIX,9739998620505079808,observed_any_injury,9.0,13076758.521278169,5450.7565920195575
PHOENIX,9739998654864818176,observed_any_injury,2.0,8270916.664391908,6386.242375195925
PHOENIX,9739998689224556544,observed_any_injury,34.0,20922559.27770931,15958.122340462734
PHOENIX,9739998723584294912,observed_any_injury,32.0,10838997.395711385,7889.9873714415235
PHOENIX,9739998757944033280,observed_any_injury,8.0,6462529.481353892,3985.8461016305264
PHOENIX,9739998792303771648,observed_any_injury,22.0,21645662.561635353,14736.453603182186
PHOENIX,9739998826663510016,observed_any_injury,13.0,16903016.003702015,10028.177968668902
PHOENIX,9739998861023248384,observed_any_injury,27.0,21940322.249199357,5893.748264687852
PHOENIX,9739998895382986752,observed_any_injury,6.0,7089216.7070956705,3.3499394602487556
PHOENIX,9739998929742725120,observed_any_injury,18.0,17336947.59851401,2363.5370026598052
PHOENIX,9739999204620632064,observed_any_injury,9.0,6543770.44440665,0.7379116953189077
PHOENIX,9740002606234730496,observed_any_injury,2.0,14667801.973887993,250.27946993523952
PHOENIX,9740002674954207232,observed_any_injury,0.0,1298564.3740745399,0.09969139216623821
PHOENIX,9740002709313945600,observed_any_injury,7.0,10657942.491250152,5177.3676685947785
PHOENIX,9740002743673683968,observed_any_injury,18.0,14117348.421208927,3320.107934237033
PHOENIX,9740002915472375808,observed_any_injury,7.0,5410645.953483107,1970.2956877625222
PHOENIX,9740002949832114176,observed_any_injury,0.0,11779494.11085129,8267.289322385992
PHOENIX,9740002984191852544,observed_any_injury,11.0,10964097.261854578,6691.8648269547
PHOENIX,9740003018551590912,observed_any_injury,0.0,3444797.810421834,1779.6573956741654
PHOENIX,9740003052911329280,observed_any_injury,2.0,7386958.045625767,2130.5976182288773
PHOENIX,9740003087271067648,observed_any_injury,3.0,9292962.581707237,4625.168033420369
PHOENIX,9740003155990544384,observed_any_injury,0.0,2327896.5629988057,1438.169713563127
PHOENIX,9740003190350282752,observed_any_injury,2.0,5825691.966848621,3248.6527339016175
PHOENIX,9740003224710021120,observed_any_injury,10.0,14071680.873854736,8538.54196703154
PHOENIX,9740003259069759488,observed_any_injury,4.0,10972637.512010418,5456.5841480242425
PHOENIX,9740003293429497856,observed_any_injury,21.0,22665065.030069835,10847.538381050792
PHOENIX,9740003327789236224,observed_any_injury,1.0,13253667.5098634,8680.390051375993
PHOENIX,9740003362148974592,observed_any_injury,15.0,13043265.350483803,1681.0547033212679
PHOENIX,9740003396508712960,observed_any_injury,1.0,6482563.220618698,1321.0393889669158
PHOENIX,9740003430868451328,observed_any_injury,3.0,5905362.262705181,142.99851099956612
PHOENIX,9740003533947666432,observed_any_injury,16.0,14369725.150434004,35.32598677532409
PHOENIX,9740004152422957056,observed_any_injury,19.0,10896780.11071058,776.225774728828
PHOENIX,9740004186782695424,observed_any_injury,3.0,8637683.170941463,925.3948858547836
PHOENIX,9740004289861910528,observed_any_injury,23.0,15952253.24930936,894.4466853836901
PHOENIX,9740004324221648896,observed_any_injury,2.0,2002887.9992401053,1361.6093872229226
PHOENIX,9740004358581387264,observed_any_injury,9.0,10191363.129051521,1.532711843239909
PHOENIX,9740004633459294208,observed_any_injury,2.0,4893529.897677651,30.431404946400807
PHOENIX,9740004667819032576,observed_any_injury,5.0,8382694.854623479,2842.885297280273
PHOENIX,9740004702178770944,observed_any_injury,23.0,21889776.200297553,19490.85445135839
PHOENIX,9740004736538509312,observed_any_injury,2.0,4760017.511159565,5566.577473748273
PHOENIX,9740005011416416256,observed_any_injury,5.0,5116786.88278831,139.98675675556396
PHOENIX,9740005045776154624,observed_any_injury,2.0,10878577.31079399,2682.0486228912587
PHOENIX,9740005080135892992,observed_any_injury,3.0,14622038.409715697,4648.570052370415
PHOENIX,9740005114495631360,observed_any_injury,28.0,23937829.49622813,26635.850449329253
PHOENIX,9740005148855369728,observed_any_injury,5.0,10215774.515426196,23609.349535168833
PHOENIX,9740005320654061568,observed_any_injury,0.0,8640794.245970232,19278.49849463348
PHOENIX,9740005389373538304,observed_any_injury,2.0,8575363.22243168,29446.9561409269
PHOENIX,9740005423733276672,observed_any_injury,0.0,960546.460769936,840.8555351032013
PHOENIX,9740005458093015040,observed_any_injury,0.0,4242490.857306789,1883.8213365055412
PHOENIX,9740005492452753408,observed_any_injury,2.0,5689382.6268239645,4635.770159892403
PHOENIX,9740005526812491776,observed_any_injury,0.0,1286170.5701760822,1857.4647122479425
PHOENIX,9740005561172230144,observed_any_injury,5.0,11355017.252320996,9522.342443513122
PHOENIX,9740005595531968512,observed_any_injury,14.0,11951588.964065887,7653.031568241883
PHOENIX,9740005629891706880,observed_any_injury,19.0,13879588.88011244,9095.775436791513
PHOENIX,9740005664251445248,observed_any_injury,2.0,17516735.6687251,5502.101043738202
PHOENIX,9740005698611183616,observed_any_injury,2.0,15883015.984933825,2674.452664686517
PHOENIX,9740005732970921984,observed_any_injury,15.0,13627560.41495119,6046.7486002672285
PHOENIX,9740005767330660352,observed_any_injury,23.0,21754966.064012196,21089.62244805794
PHOENIX,9740005801690398720,observed_any_injury,5.0,5012620.819738936,2476.2089741918408
PHOENIX,9740005836050137088,observed_any_injury,11.0,18719618.15387999,4512.38555547973
PHOENIX,9740005870409875456,observed_any_injury,12.0,29895649.703185987,16985.469837353405
PHOENIX,9740005904769613824,observed_any_injury,11.0,23583148.078031655,14684.585510269937
PHOENIX,9740005939129352192,observed_any_injury,11.0,13407471.372491518,3069.9191773137245
PHOENIX,9740005973489090560,observed_any_injury,10.0,14047172.631897153,2229.598275327226
PHOENIX,9740006007848828928,observed_any_injury,11.0,20152448.589578792,12537.402937124958
PHOENIX,9740006042208567296,observed_any_injury,3.0,10504867.928758906,4610.435236508445
PHOENIX,9740006076568305664,observed_any_injury,0.0,5688503.662676038,1297.5166542656402
PHOENIX,9740006110928044032,observed_any_injury,5.0,9212078.919846725,4348.631242924271
PHOENIX,9740006145287782400,observed_any_injury,11.914671400817312,13096025.70973847,6924.695125383925
PHOENIX,9740006179647520768,observed_any_injury,2.0,7271255.038771269,4383.126847117582
PHOENIX,9740006214007259136,observed_any_injury,15.0,14646664.085293693,11174.677558843387
PHOENIX,9740006248366997504,observed_any_injury,10.0,8493073.511443587,10188.91638116534
PHOENIX,9740006282726735872,observed_any_injury,2.0,7609434.190769755,4808.023986977025
PHOENIX,9740006317086474240,observed_any_injury,30.914671400817312,26037099.6556093,17788.204522456566
PHOENIX,9740006351446212608,observed_any_injury,10.0,15839736.814683117,5511.109910421345
PHOENIX,9740006385805950976,observed_any_injury,19.0,7697825.2296180185,7384.010133963227
PHOENIX,9740006420165689344,observed_any_injury,21.0,20700550.489822034,23052.835895736378
PHOENIX,9740006454525427712,observed_any_injury,13.0,17402612.02611957,13719.26272355254
PHOENIX,9740006488885166080,observed_any_injury,13.0,9083756.56774889,16603.61816869672
PHOENIX,9740006523244904448,observed_any_injury,0.0,6376715.371065345,16490.977764366275
PHOENIX,9740006557604642816,observed_any_injury,6.0,14823262.349194538,13094.707821201153
PHOENIX,9740006591964381184,observed_any_injury,3.0,1817039.0772593797,2110.501994947304
PHOENIX,9740006626324119552,observed_any_injury,2.0,7801044.936318398,3545.083154059786
PHOENIX,9740006660683857920,observed_any_injury,0.0,16711853.810518544,8124.880928653481
PHOENIX,9740006695043596288,observed_any_injury,12.658685603269243,10563612.947064195,12815.549650460747
PHOENIX,9740006763763073024,observed_any_injury,1.9146714008173111,7409987.663923094,7833.700232370532
PHOENIX,9740006798122811392,observed_any_injury,16.914671400817312,12363289.311650462,10865.748767870495
PHOENIX,9740006832482549760,observed_any_injury,3.0,11394012.106825707,13055.160712957819
PHOENIX,9740006866842288128,observed_any_injury,0.0,5346162.797731906,6349.353094390623
PHOENIX,9740006901202026496,observed_any_injury,0.0,2368092.5576868956,4084.7764657755706
PHOENIX,9740006969921503232,observed_any_injury,0.0,4078690.8929230864,3937.209207145863
PHOENIX,9740007004281241600,observed_any_injury,9.0,21410558.735474408,20445.153956202314
PHOENIX,9740007038640979968,observed_any_injury,8.0,19150532.990989354,28500.338422601166
PHOENIX,9740007073000718336,observed_any_injury,1.0,10334880.99807115,4591.2547624133
PHOENIX,9740007107360456704,observed_any_injury,6.0,14727512.691504976,25706.767905323366
PHOENIX,9740007141720195072,observed_any_injury,6.0,17347111.685253464,26325.56743031155
PHOENIX,9740007176079933440,observed_any_injury,40.0,27838018.764121477,22104.18799265383
PHOENIX,9740007210439671808,observed_any_injury,18.0,20738273.543049466,22198.441395619568
PHOENIX,9740007244799410176,observed_any_injury,19.0,12887921.482654199,25077.26339686281
PHOENIX,9740007279159148544,observed_any_injury,2.914671400817311,5434002.879839123,1773.524120961065
PHOENIX,9740007313518886912,observed_any_injury,8.0,6557606.894995282,134.28730636821155
PHOENIX,9740007347878625280,observed_any_injury,0.0,5982139.028188703,15.751484707349574
PHOENIX,9740007382238363648,observed_any_injury,0.0,1544051.1989750904,1287.048920156875
PHOENIX,9740007416598102016,observed_any_injury,7.0,16506441.319828415,4851.124972451965
PHOENIX,9740007450957840384,observed_any_injury,7.0,10730720.785990888,26719.00594719351
PHOENIX,9740007485317578752,observed_any_injury,18.914671400817312,14110235.027056385,3032.933680115702
PHOENIX,9740007519677317120,observed_any_injury,40.0,21958078.359869238,2672.405668616361
PHOENIX,9740007554037055488,observed_any_injury,20.0,12947316.706226079,70.67391986741195
PHOENIX,9740007588396793856,observed_any_injury,6.0,7499660.953872471,3.173654840792374
PHOENIX,9740007828914962432,observed_any_injury,0.0,7614737.4014027,7.750620441754792
PHOENIX,9740007863274700800,observed_any_injury,2.914671400817311,10623547.898140773,2980.5318204639875
PHOENIX,9740007897634439168,observed_any_injury,32.829342801634624,19381042.230671007,5082.423993468011
PHOENIX,9740007931994177536,observed_any_injury,6.0,13808219.084532358,1164.7016410035546
PHOENIX,9740007966353915904,observed_any_injury,4.0,4387219.945744709,1339.9733845595094
PHOENIX,9740008035073392640,observed_any_injury,36.91467140081731,9671008.307737375,13108.338659565672
PHOENIX,9740008069433131008,observed_any_injury,18.914671400817312,16505972.139453096,6727.039167041377
PHOENIX,9740008103792869376,observed_any_injury,42.829342801634624,17474051.306475107,2399.3337552133557
PHOENIX,9740008138152607744,observed_any_injury,37.829342801634624,15251761.01844654,16032.391910675293
PHOENIX,9740008172512346112,observed_any_injury,10.0,12175302.181313256,712.9177073075339
PHOENIX,9740008206872084480,observed_any_injury,4.0,11490704.622904377,792.4901454108403
PHOENIX,9740008241231822848,observed_any_injury,3.8293428016346223,4116485.185313645,769.9364150911348
PHOENIX,9740008275591561216,observed_any_injury,3.0,6253960.010880129,1779.2380898468778
PHOENIX,9740008309951299584,observed_any_injury,26.744014202451936,13067003.135928491,2979.211307780268
PHOENIX,9740008344311037952,observed_any_injury,3.0,13236893.622375622,411.7280586805747
PHOENIX,9740008378670776320,observed_any_injury,8.0,15023353.341392508,141.1131622795504
PHOENIX,9740008413030514688,observed_any_injury,1.0,3829978.618317919,281.2456224641764
PHOENIX,9740008859707113472,observed_any_injury,7.0,25549136.396438166,191.66558685877607
PHOENIX,9740008928426590208,observed_any_injury,5.0,6547460.1625026595,1595.4076441459363
PHOENIX,9740008962786328576,observed_any_injury,3.0,8958227.613096884,155.27847933718087
PHOENIX,9740008997146066944,observed_any_injury,41.0,15055701.794000765,2824.097191820859
PHOENIX,9740009031505805312,observed_any_injury,30.0,17029186.66559966,12219.266999495585
PHOENIX,9740009065865543680,observed_any_injury,1.0,7680505.1491239825,3505.043471117922
PHOENIX,9740009100225282048,observed_any_injury,14.0,10511790.48100323,6923.963648224812
PHOENIX,9740009134585020416,observed_any_injury,6.0,2501684.730546621,1483.8300380980968
PHOENIX,9740009168944758784,observed_any_injury,4.0,5923748.218310366,3858.091068330545
PHOENIX,9740009375103188992,observed_any_injury,3.0,19840527.143039417,54.531535813603355
PHOENIX,9740062289100275712,observed_any_injury,19.634742413076975,16309618.499521248,37.33545253940857
PHOENIX,9740062735776874496,observed_any_injury,20.720071012259663,16913943.84494563,2756.683181300714
PHOENIX,9740062770136612864,observed_any_injury,17.061385408990418,7891402.5337572945,4217.652954269286
PHOENIX,9740062804496351232,observed_any_injury,12.658685603269243,7712851.690563553,6109.685207062379
PHOENIX,9740062838856089600,observed_any_injury,37.61079922288472,15882766.445430534,39667.34513848114
PHOENIX,9740062873215827968,observed_any_injury,23.37875661552891,9003630.418097895,15118.600273091211
PHOENIX,9740062907575566336,observed_any_injury,12.317371206538485,10828089.050777901,5220.554283594726
PHOENIX,9740062941935304704,observed_any_injury,8.317371206538487,6985703.574733968,12.244285024048276
PHOENIX,9740063045014519808,observed_any_injury,15.061385408990416,12893381.36753486,316.4531618000669
PHOENIX,9740063079374258176,observed_any_injury,26.122770817980843,15782367.39509578,5207.772228365453
PHOENIX,9740063113733996544,observed_any_injury,14.805399611442349,6842068.058675979,345.23851861269566
PHOENIX,9740063148093734912,observed_any_injury,23.37875661552891,12003233.786571715,416.1916432102504
PHOENIX,9740063182453473280,observed_any_injury,26.037442218798162,16865290.854115944,3523.960454673736
PHOENIX,9740063216813211648,observed_any_injury,17.890728210625042,18074570.69290329,19595.27901263044
PHOENIX,9740063251172950016,observed_any_injury,33.52547062370203,17014665.61847427,22695.867031129652
PHOENIX,9740063285532688384,observed_any_injury,17.63474241307697,15179853.079377675,23748.919434488376
PHOENIX,9740063319892426752,observed_any_injury,37.440142024519346,22026765.694833074,27586.976132975702
PHOENIX,9740063354252165120,observed_any_injury,10.488028404903865,12469052.181361161,30827.023445151775
PHOENIX,9740063388611903488,observed_any_injury,45.35481342533665,20329138.653212905,23466.788766013
PHOENIX,9740063422971641856,observed_any_injury,49.098827627788594,15589598.98531564,12334.775278515446
PHOENIX,9740063457331380224,observed_any_injury,10.317371206538485,8303595.888412717,27950.39428654569
PHOENIX,9740063491691118592,observed_any_injury,6.744014202451933,5380619.603911149,10117.998461888144
PHOENIX,9740063526050856960,observed_any_injury,9.317371206538487,8429425.086515043,9756.363039496506
PHOENIX,9740063560410595328,observed_any_injury,37.829342801634624,17742322.869361807,13364.782501776788
PHOENIX,9740063594770333696,observed_any_injury,30.976056809807737,19447769.500515953,18412.572123863407
PHOENIX,9740063835288502272,observed_any_injury,20.378756615528907,13745786.319205014,56.1398745980419
PHOENIX,9740065278397513728,observed_any_injury,6.0,10185971.427933384,17629.317082432128
PHOENIX,9740065312757252096,observed_any_injury,23.0,14137246.738546355,13412.95752653257
PHOENIX,9740065347116990464,observed_any_injury,2.914671400817311,7423854.44270719,13912.078075213398
PHOENIX,9740065381476728832,observed_any_injury,1.0,4325633.9333124375,13497.590825943576
PHOENIX,9740065415836467200,observed_any_injury,18.0,8565862.293660618,17874.664420420566
PHOENIX,9740065450196205568,observed_any_injury,28.0,15745402.61195746,16450.066768375447
PHOENIX,9740065484555943936,observed_any_injury,34.0,15048810.539227365,13654.156580462515
PHOENIX,9740065518915682304,observed_any_injury,7.0,8846773.649226302,14765.599849451366
PHOENIX,9740065553275420672,observed_any_injury,10.0,8075256.308867522,20142.415850273348
PHOENIX,9740065587635159040,observed_any_injury,4.0,3751059.751112262,9874.879368553662
PHOENIX,9740065621994897408,observed_any_injury,39.91467140081731,13380407.73640541,16500.43045742929
PHOENIX,9740065656354635776,observed_any_injury,46.91467140081731,12585708.137476876,14885.807055568748
PHOENIX,9740065690714374144,observed_any_injury,12.91467140081731,9808132.598387567,3.8615253588008227
PHOENIX,9740065931232542720,observed_any_injury,14.0,11551622.90516442,1.0364031032046725
PHOENIX,9740065965592281088,observed_any_injury,37.0,13878187.072184779,2799.908870381805
PHOENIX,9740065999952019456,observed_any_injury,33.829342801634624,13716601.689801808,7448.950798735272
PHOENIX,9740066034311757824,observed_any_injury,8.0,4085224.4187746895,10590.00496784468
PHOENIX,9740066068671496192,observed_any_injury,6.0,4994968.628779192,4018.216864068315
PHOENIX,9740066103031234560,observed_any_injury,4.0,9689056.227115069,4486.667359930661
PHOENIX,9740066137390972928,observed_any_injury,6.0,11969929.327754868,1453.108484705954
PHOENIX,9740066171750711296,observed_any_injury,17.0,14159185.510683365,801.7245045134174
PHOENIX,9740066206110449664,observed_any_injury,0.0,5352998.155897495,6424.503930946751
PHOENIX,9740066240470188032,observed_any_injury,5.0,6821540.607697336,5643.226212040418
PHOENIX,9740066274829926400,observed_any_injury,0.0,7637576.255567061,789.1638487575808
PHOENIX,9740066309189664768,observed_any_injury,14.0,10318085.994102068,1878.6083190076513
PHOENIX,9740066343549403136,observed_any_injury,38.91467140081731,12342660.08114805,3422.314338356196
PHOENIX,9740066584067571712,observed_any_injury,2.0,11441889.084420549,0.06249851731898389
PHOENIX,9740066618427310080,observed_any_injury,0.0,7542811.657876962,0.6937111733892911
PHOENIX,9740066652787048448,observed_any_injury,9.0,7738002.404160435,0.7568680199743034
PHOENIX,9740066687146786816,observed_any_injury,57.65868560326925,16500628.08965891,0.7506718035304214
PHOENIX,9740067133823385600,observed_any_injury,2.744014202451933,5934524.140506294,0.68880508122085
PHOENIX,9740067168183123968,observed_any_injury,2.744014202451933,7446259.335575519,0.7058120396056055
PHOENIX,9740068302054490112,observed_any_injury,17.890728210625042,16054420.544249758,0.1072753839558348
PHOENIX,9740068370773966848,observed_any_injury,11.146714008173108,13962874.664445236,0.6958119820373636
PHOENIX,9740068405133705216,observed_any_injury,8.402699805721177,15513955.563784942,0.5890178629384893
PHOENIX,9740068714371350528,observed_any_injury,10.402699805721177,19468655.6589924,0.695427247917693
PHOENIX,9740068748731088896,observed_any_injury,3.8293428016346223,9633648.284482533,0.7032777812803324
PHOENIX,9740068920529780736,observed_any_injury,1.829342801634622,11430308.492708731,0.4652494172488321
PHOENIX,9740068954889519104,observed_any_injury,4.829342801634622,8504785.268210508,0.7039779790268437
PHOENIX,9740069092328472576,observed_any_injury,2.0,7503119.984231338,0.25273473360882326
PHOENIX,9740069126688210944,observed_any_injury,17.488028404903865,12441167.99086244,0.6985086499719458
PHOENIX,9740069229767426048,observed_any_injury,22.29342801634622,14591776.7123436,1.2597557113570201
PHOENIX,9740069264127164416,observed_any_injury,3.8293428016346223,5455175.5238147285,0.6569868586168881
PHOENIX,9740069298486902784,observed_any_injury,16.232042607355798,15828849.20174038,0.3804748306023257
SAN_FRANCISCO,9260949341382639616,airbag,0.0,5350495.603252049,84717.9000799796
SAN_FRANCISCO,9260949375742377984,airbag,16.697849213691025,21608723.47200675,337626.3771011197
SAN_FRANCISCO,9260949410102116352,airbag,1.0,264916.69492367125,1774.557954960931
SAN_FRANCISCO,9260949444461854720,airbag,3.0,8118049.741891148,66466.82382527353
SAN_FRANCISCO,9260949478821593088,airbag,31.798566142460686,14879045.848576292,377311.7262444771
SAN_FRANCISCO,9260949513181331456,airbag,26.0,14664700.74342444,328767.08545695164
SAN_FRANCISCO,9260949547541069824,airbag,11.0,26049500.13599488,535921.3719431348
SAN_FRANCISCO,9260949581900808192,airbag,46.0,48734367.12959053,682486.6399557196
SAN_FRANCISCO,9260949616260546560,airbag,49.19426456984274,42122038.237477645,558019.3024413924
SAN_FRANCISCO,9260949650620284928,airbag,33.798566142460686,21463119.61178799,353015.7142239634
SAN_FRANCISCO,9260949684980023296,airbag,33.0,12230169.883510811,331046.07860189554
SAN_FRANCISCO,9260949719339761664,airbag,20.0,17383087.774048198,253443.46187693652
SAN_FRANCISCO,9260949753699500032,airbag,43.69784921369103,22951197.36524422,400476.1599806312
SAN_FRANCISCO,9260949788059238400,airbag,14.798566142460684,11783001.758209268,407308.4198679432
SAN_FRANCISCO,9260949822418976768,airbag,10.0,11657137.134048175,368584.702866018
SAN_FRANCISCO,9260949856778715136,airbag,20.899283071230343,18540681.440857768,182597.2448435796
SAN_FRANCISCO,9260949891138453504,airbag,9.899283071230341,22355667.2911555,241061.2726594098
SAN_FRANCISCO,9260949925498191872,airbag,5.0,11541485.411688676,268117.04567230714
SAN_FRANCISCO,9260949959857930240,airbag,16.899283071230343,22592278.624092877,449470.07320833165
SAN_FRANCISCO,9260949994217668608,airbag,18.899283071230343,10992970.783425214,338228.1754778138
SAN_FRANCISCO,9260950028577406976,airbag,4.0,6006738.604631119,124019.04455542717
SAN_FRANCISCO,9260950234735837184,airbag,1.0,5205485.895178486,28625.97309083175
SAN_FRANCISCO,9260956453848481792,airbag,0.0,18539412.88657817,44736.61955759352
SAN_FRANCISCO,9260956488208220160,airbag,0.0,17923031.794036373,66228.29164963613
SAN_FRANCISCO,9260956660006912000,airbag,8.496415356151712,4317061.349343965,64861.646416874835
SAN_FRANCISCO,9260956694366650368,airbag,17.697849213691025,11906535.505437156,90002.94355946267
SAN_FRANCISCO,9260956728726388736,airbag,17.0,23508354.18042147,106678.27214468141
SAN_FRANCISCO,9260956763086127104,airbag,4.0,4206595.072577205,24709.50238117401
SAN_FRANCISCO,9260956797445865472,airbag,0.0,666522.2339736524,29860.19932226591
SAN_FRANCISCO,9260956831805603840,airbag,0.0,3892180.852369715,77291.56164372803
SAN_FRANCISCO,9260956866165342208,airbag,10.0,8564008.353712145,212248.4989125982
SAN_FRANCISCO,9260956900525080576,airbag,10.0,8102474.3618612625,158597.12621448588
SAN_FRANCISCO,9260956934884818944,airbag,18.697849213691025,9255244.193226757,113213.60697589026
SAN_FRANCISCO,9260956969244557312,airbag,13.899283071230341,12719282.110342963,299931.3372748926
SAN_FRANCISCO,9260957003604295680,airbag,9.899283071230343,13032522.627880638,211494.96077773004
SAN_FRANCISCO,9260957037964034048,airbag,18.0,13904927.55753922,201797.00214415047
SAN_FRANCISCO,9260957072323772416,airbag,9.0,20157651.271643125,107469.17698798499
SAN_FRANCISCO,9260957106683510784,airbag,52.39569842738206,42322663.45342579,184069.09242906907
SAN_FRANCISCO,9260957141043249152,airbag,4.0,9417705.914605198,59075.527217188355
SAN_FRANCISCO,9260957175402987520,airbag,6.0,3426984.1930284714,67462.1090465486
SAN_FRANCISCO,9260957209762725888,airbag,6.0,4072022.5635948568,49170.354669527565
SAN_FRANCISCO,9260957244122464256,airbag,3.0,1867467.6078873132,18705.990415228116
SAN_FRANCISCO,9260957278482202624,airbag,4.0,4835874.176925484,25265.23540909608
SAN_FRANCISCO,9260957312841940992,airbag,10.0,10596727.666367194,62762.74722336616
SAN_FRANCISCO,9260957347201679360,airbag,3.0,10243955.460298197,50914.68694478245
SAN_FRANCISCO,9260957381561417728,airbag,2.0,6623593.318799084,35762.2280996047
SAN_FRANCISCO,9260957415921156096,airbag,6.0,6760933.493652661,26345.931030704527
SAN_FRANCISCO,9260957450280894464,airbag,5.0,8506194.959729537,27420.499531358273
SAN_FRANCISCO,9263759452585066496,airbag,21.798566142460686,6575098.670359587,40683.33065058936
SAN_FRANCISCO,9263759486944804864,airbag,18.0,14881609.972317617,16664.251164014466
SAN_FRANCISCO,9263759521304543232,airbag,8.798566142460684,4531304.419528094,18139.819283964654
SAN_FRANCISCO,9263759555664281600,airbag,1.0,1713849.1919005902,28076.201581765687
SAN_FRANCISCO,9263759590024019968,airbag,1.0,618890.1216849654,15558.340047492335
SAN_FRANCISCO,9263759624383758336,airbag,5.899283071230342,26218225.47513392,17948.074733680067
SAN_FRANCISCO,9263759658743496704,airbag,0.0,1675970.3675351967,12760.009967526552
SAN_FRANCISCO,9263760449017479168,airbag,3.0,7778720.015971975,2552.1980069287115
SAN_FRANCISCO,9263760826974601216,airbag,6.0,2000895.2979489276,14816.396111999782
SAN_FRANCISCO,9263760861334339584,airbag,2.0,1780308.9440136875,1818.9788960957812
SAN_FRANCISCO,9263760895694077952,airbag,12.798566142460684,15469692.891801843,41667.10242671144
SAN_FRANCISCO,9263760930053816320,airbag,10.899283071230343,4919045.17161028,43861.72015474694
SAN_FRANCISCO,9263760964413554688,airbag,7.0,2374131.713384714,31685.06239249362
SAN_FRANCISCO,9263760998773293056,airbag,15.0,17178771.30801374,64594.211632146595
SAN_FRANCISCO,9263761033133031424,airbag,10.0,18964131.803309493,68835.27467853243
SAN_FRANCISCO,9263761067492769792,airbag,3.0,12618253.305262908,42732.91363549849
SAN_FRANCISCO,9263761101852508160,airbag,10.899283071230341,6724962.68025289,18863.01596828321
SAN_FRANCISCO,9263761136212246528,airbag,3.899283071230342,2606143.9277608306,19623.50781927835
SAN_FRANCISCO,9263761170571984896,airbag,11.0,25419440.939049818,36524.44628761697
SAN_FRANCISCO,9263761204931723264,airbag,20.899283071230343,39744589.98546517,94113.14703190581
SAN_FRANCISCO,9263761239291461632,airbag,2.0,9540394.125811296,53633.41861488631
SAN_FRANCISCO,9263761273651200000,airbag,5.899283071230342,12333004.933858553,26765.203780319196
SAN_FRANCISCO,9263761308010938368,airbag,3.0,9567464.532297919,35851.60326835773
SAN_FRANCISCO,9263761342370676736,airbag,0.0,3930894.80333233,30046.208060856203
SAN_FRANCISCO,9263761376730415104,airbag,6.0,10010566.108204318,116521.67306183616
SAN_FRANCISCO,9263761411090153472,airbag,8.0,8443424.075295446,86015.2100964762
SAN_FRANCISCO,9263761445449891840,airbag,0.0,3315608.3394465125,65602.49873664753
SAN_FRANCISCO,9263761479809630208,airbag,2.0,3933185.9362213486,49460.11568972476
SAN_FRANCISCO,9263761514169368576,airbag,9.0,10412425.09665438,239411.066802884
SAN_FRANCISCO,9263761548529106944,airbag,9.0,7958866.835964602,173851.9314183813
SAN_FRANCISCO,9263761582888845312,airbag,2.0,4957065.890892028,129152.03924264855
SAN_FRANCISCO,9263761617248583680,airbag,22.0,16007911.950521046,450633.1496066497
SAN_FRANCISCO,9263761651608322048,airbag,37.798566142460686,15466037.52505905,668772.2103323502
SAN_FRANCISCO,9263761685968060416,airbag,45.69784921369103,9415736.757000256,441826.93780126015
SAN_FRANCISCO,9263761720327798784,airbag,13.0,9290147.353396488,303944.739605557
SAN_FRANCISCO,9263761754687537152,airbag,48.0,16361142.598005159,320980.9147022085
SAN_FRANCISCO,9263761789047275520,airbag,34.69784921369103,12714564.828574158,262762.77928749693
SAN_FRANCISCO,9263761823407013888,airbag,16.798566142460686,6942687.616973167,326798.5078327248
SAN_FRANCISCO,9263761857766752256,airbag,24.899283071230343,7478624.845382275,191031.41102982932
SAN_FRANCISCO,9263761892126490624,airbag,13.0,7609788.529683612,57925.46775754457
SAN_FRANCISCO,9263761926486228992,airbag,18.0,10719847.037593715,177561.03643635294
SAN_FRANCISCO,9263761960845967360,airbag,5.0,5663794.387210448,109384.6102140624
SAN_FRANCISCO,9263761995205705728,airbag,4.0,8443484.876429336,57806.25340939118
SAN_FRANCISCO,9263762029565444096,airbag,13.0,7335174.707348629,85863.44718192732
SAN_FRANCISCO,9263762063925182464,airbag,34.59713228492137,17393923.19533313,82383.64749617418
SAN_FRANCISCO,9263762098284920832,airbag,33.89928307123034,6712691.974258654,62640.94060933561
SAN_FRANCISCO,9263762132644659200,airbag,19.49641535615171,4468607.493783719,29117.34086628675
SAN_FRANCISCO,9263762167004397568,airbag,8.0,5177322.487117682,45820.98229748006
SAN_FRANCISCO,9263762304443351040,airbag,1.0,1565602.2641339605,9597.497170265418
SAN_FRANCISCO,9263762338803089408,airbag,6.0,3121450.0214105397,14911.626217490111
SAN_FRANCISCO,9263762407522566144,airbag,1.798566142460684,652236.1993489678,3075.842794111663
SAN_FRANCISCO,9263762441882304512,airbag,7.0,2817597.1523413975,10015.152113085822
SAN_FRANCISCO,9263762476242042880,airbag,14.0,5389143.762100719,33942.89623649777
SAN_FRANCISCO,9263762510601781248,airbag,0.0,1908560.2111897506,9537.375749382889
SAN_FRANCISCO,9263762544961519616,airbag,10.0,4397751.694814,76322.49443446091
SAN_FRANCISCO,9263762579321257984,airbag,9.0,7240256.222624333,95084.15169440005
SAN_FRANCISCO,9263762613680996352,airbag,16.0,5806459.581174115,74688.08487486224
SAN_FRANCISCO,9263762648040734720,airbag,41.69784921369103,7812146.613596466,10597.926275474902
SAN_FRANCISCO,9263762682400473088,airbag,23.597132284921372,3245771.5761981914,13604.444666551237
SAN_FRANCISCO,9263762716760211456,airbag,19.899283071230343,10837833.893043604,31148.216043276592
SAN_FRANCISCO,9263762751119949824,airbag,13.0,7544111.946753695,20312.134417331636
SAN_FRANCISCO,9263762785479688192,airbag,0.0,1623721.2818016426,1730.0061202944275
SAN_FRANCISCO,9263762819839426560,airbag,0.0,593187.5555132652,1006.8483339809728
SAN_FRANCISCO,9263762854199164928,airbag,3.0,1060425.7818591646,4339.754552905834
SAN_FRANCISCO,9263762888558903296,airbag,1.0,351678.47265641816,1273.3272690258336
SAN_FRANCISCO,9263763060357595136,airbag,1.0,1047958.8363359635,3098.342688936699
SAN_FRANCISCO,9263763094717333504,airbag,3.0,467150.0148186479,147.58150942698654
SAN_FRANCISCO,9263763300875763712,airbag,9.0,5151465.1012334,11490.264885008306
SAN_FRANCISCO,9263763335235502080,airbag,12.0,4513643.014056797,362433.13534877775
SAN_FRANCISCO,9263763369595240448,airbag,8.0,2136861.7452902514,138800.15101711234
SAN_FRANCISCO,9263763403954978816,airbag,4.0,4500514.724888038,47508.515652007365
SAN_FRANCISCO,9263763438314717184,airbag,5.0,4286059.984726923,55401.536605284775
SAN_FRANCISCO,9263763472674455552,airbag,10.0,1994106.39253521,249569.67574874224
SAN_FRANCISCO,9263763507034193920,airbag,18.0,7073657.522100781,256350.99437765515
SAN_FRANCISCO,9263763541393932288,airbag,1.0,2628071.7481805203,17361.66656532189
SAN_FRANCISCO,9260949341382639616,blincoe_any_injury,14.684287812041102,5350495.603252049,84717.9000799796
SAN_FRANCISCO,9260949375742377984,blincoe_any_injury,76.93935158205875,21608723.47200675,337626.3771011197
SAN_FRANCISCO,9260949410102116352,blincoe_any_injury,8.81057268722466,264916.69492367125,1774.557954960931
SAN_FRANCISCO,9260949444461854720,blincoe_any_injury,11.59953461267303,8118049.741891148,66466.82382527353
SAN_FRANCISCO,9260949478821593088,blincoe_any_injury,100.43421208132452,14879045.848576292,377311.7262444771
SAN_FRANCISCO,9260949513181331456,blincoe_any_injury,210.18582619834444,14664700.74342444,328767.08545695164
SAN_FRANCISCO,9260949547541069824,blincoe_any_injury,130.67963393877142,26049500.13599488,535921.3719431348
SAN_FRANCISCO,9260949581900808192,blincoe_any_injury,270.5640437349969,48734367.12959053,682486.6399557196
SAN_FRANCISCO,9260949616260546560,blincoe_any_injury,224.77170211407463,42122038.237477645,558019.3024413924
SAN_FRANCISCO,9260949650620284928,blincoe_any_injury,120.67168187393781,21463119.61178799,353015.7142239634
SAN_FRANCISCO,9260949684980023296,blincoe_any_injury,89.27836437953104,12230169.883510811,331046.07860189554
SAN_FRANCISCO,9260949719339761664,blincoe_any_injury,64.462970736021,17383087.774048198,253443.46187693652
SAN_FRANCISCO,9260949753699500032,blincoe_any_injury,130.65489206844686,22951197.36524422,400476.1599806312
SAN_FRANCISCO,9260949788059238400,blincoe_any_injury,56.82503555608075,11783001.758209268,407308.4198679432
SAN_FRANCISCO,9260949822418976768,blincoe_any_injury,29.220679987122356,11657137.134048175,368584.702866018
SAN_FRANCISCO,9260949856778715136,blincoe_any_injury,66.1671794621013,18540681.440857768,182597.2448435796
SAN_FRANCISCO,9260949891138453504,blincoe_any_injury,49.63078728702005,22355667.2911555,241061.2726594098
SAN_FRANCISCO,9260949925498191872,blincoe_any_injury,37.73546140042731,11541485.411688676,268117.04567230714
SAN_FRANCISCO,9260949959857930240,blincoe_any_injury,38.883357037387164,22592278.624092877,449470.07320833165
SAN_FRANCISCO,9260949994217668608,blincoe_any_injury,67.39982829842923,10992970.783425214,338228.1754778138
SAN_FRANCISCO,9260950028577406976,blincoe_any_injury,14.067963393877141,6006738.604631119,124019.04455542717
SAN_FRANCISCO,9260950234735837184,blincoe_any_injury,3.9368575624082194,5205485.895178486,28625.97309083175
SAN_FRANCISCO,9260956453848481792,blincoe_any_injury,4.40528634361233,18539412.88657817,44736.61955759352
SAN_FRANCISCO,9260956488208220160,blincoe_any_injury,1.46842878120411,17923031.794036373,66228.29164963613
SAN_FRANCISCO,9260956660006912000,blincoe_any_injury,30.097526220487065,4317061.349343965,64861.646416874835
SAN_FRANCISCO,9260956694366650368,blincoe_any_injury,32.88648814593543,11906535.505437156,90002.94355946267
SAN_FRANCISCO,9260956728726388736,blincoe_any_injury,52.71554048638812,23508354.18042147,106678.27214468141
SAN_FRANCISCO,9260956763086127104,blincoe_any_injury,10.27900146842877,4206595.072577205,24709.50238117401
SAN_FRANCISCO,9260956797445865472,blincoe_any_injury,0.0,666522.2339736524,29860.19932226591
SAN_FRANCISCO,9260956831805603840,blincoe_any_injury,2.93685756240822,3892180.852369715,77291.56164372803
SAN_FRANCISCO,9260956866165342208,blincoe_any_injury,40.67231896283553,8564008.353712145,212248.4989125982
SAN_FRANCISCO,9260956900525080576,blincoe_any_injury,41.11600587371509,8102474.3618612625,158597.12621448588
SAN_FRANCISCO,9260956934884818944,blincoe_any_injury,41.67231896283553,9255244.193226757,113213.60697589026
SAN_FRANCISCO,9260956969244557312,blincoe_any_injury,39.499681455551126,12719282.110342963,299931.3372748926
SAN_FRANCISCO,9260957003604295680,blincoe_any_injury,35.094395111938795,13032522.627880638,211494.96077773004
SAN_FRANCISCO,9260957037964034048,blincoe_any_injury,51.39500734214386,13904927.55753922,201797.00214415047
SAN_FRANCISCO,9260957072323772416,blincoe_any_injury,26.283822424714135,20157651.271643125,107469.17698798499
SAN_FRANCISCO,9260957106683510784,blincoe_any_injury,101.01526704076954,42322663.45342579,184069.09242906907
SAN_FRANCISCO,9260957141043249152,blincoe_any_injury,17.621145374449323,9417705.914605198,59075.527217188355
SAN_FRANCISCO,9260957175402987520,blincoe_any_injury,27.752251205918245,3426984.1930284714,67462.1090465486
SAN_FRANCISCO,9260957209762725888,blincoe_any_injury,10.27900146842877,4072022.5635948568,49170.354669527565
SAN_FRANCISCO,9260957244122464256,blincoe_any_injury,4.40528634361233,1867467.6078873132,18705.990415228116
SAN_FRANCISCO,9260957278482202624,blincoe_any_injury,7.873715124816439,4835874.176925484,25265.23540909608
SAN_FRANCISCO,9260957312841940992,blincoe_any_injury,23.494860499265766,10596727.666367194,62762.74722336616
SAN_FRANCISCO,9260957347201679360,blincoe_any_injury,11.27900146842877,10243955.460298197,50914.68694478245
SAN_FRANCISCO,9260957381561417728,blincoe_any_injury,5.87371512481644,6623593.318799084,35762.2280996047
SAN_FRANCISCO,9260957415921156096,blincoe_any_injury,8.81057268722466,6760933.493652661,26345.931030704527
SAN_FRANCISCO,9260957450280894464,blincoe_any_injury,13.215859030836992,8506194.959729537,27420.499531358273
SAN_FRANCISCO,9263759452585066496,blincoe_any_injury,42.288643380999495,6575098.670359587,40683.33065058936
SAN_FRANCISCO,9263759486944804864,blincoe_any_injury,24.963289280469876,14881609.972317617,16664.251164014466
SAN_FRANCISCO,9263759521304543232,blincoe_any_injury,14.536392175081252,4531304.419528094,18139.819283964654
SAN_FRANCISCO,9263759555664281600,blincoe_any_injury,2.93685756240822,1713849.1919005902,28076.201581765687
SAN_FRANCISCO,9263759590024019968,blincoe_any_injury,1.46842878120411,618890.1216849654,15558.340047492335
SAN_FRANCISCO,9263759624383758336,blincoe_any_injury,17.004820956285357,26218225.47513392,17948.074733680067
SAN_FRANCISCO,9263759658743496704,blincoe_any_injury,4.40528634361233,1675970.3675351967,12760.009967526552
SAN_FRANCISCO,9263760449017479168,blincoe_any_injury,7.342143906020549,7778720.015971975,2552.1980069287115
SAN_FRANCISCO,9263760826974601216,blincoe_any_injury,13.067963393877141,2000895.2979489276,14816.396111999782
SAN_FRANCISCO,9263760861334339584,blincoe_any_injury,4.40528634361233,1780308.9440136875,1818.9788960957812
SAN_FRANCISCO,9263760895694077952,blincoe_any_injury,31.861746275610876,15469692.891801843,41667.10242671144
SAN_FRANCISCO,9263760930053816320,blincoe_any_injury,25.815393643510024,4919045.17161028,43861.72015474694
SAN_FRANCISCO,9263760964413554688,blincoe_any_injury,19.621145374449323,2374131.713384714,31685.06239249362
SAN_FRANCISCO,9263760998773293056,blincoe_any_injury,32.305433186490426,17178771.30801374,64594.211632146595
SAN_FRANCISCO,9263761033133031424,blincoe_any_injury,41.11600587371509,18964131.803309493,68835.27467853243
SAN_FRANCISCO,9263761067492769792,blincoe_any_injury,8.81057268722466,12618253.305262908,42732.91363549849
SAN_FRANCISCO,9263761101852508160,blincoe_any_injury,24.815393643510024,6724962.68025289,18863.01596828321
SAN_FRANCISCO,9263761136212246528,blincoe_any_injury,16.00482095628536,2606143.9277608306,19623.50781927835
SAN_FRANCISCO,9263761170571984896,blincoe_any_injury,34.773861967694536,25419440.939049818,36524.44628761697
SAN_FRANCISCO,9263761204931723264,blincoe_any_injury,29.220679987122356,39744589.98546517,94113.14703190581
SAN_FRANCISCO,9263761239291461632,blincoe_any_injury,7.342143906020549,9540394.125811296,53633.41861488631
SAN_FRANCISCO,9263761273651200000,blincoe_any_injury,11.747430249632881,12333004.933858553,26765.203780319196
SAN_FRANCISCO,9263761308010938368,blincoe_any_injury,14.684287812041102,9567464.532297919,35851.60326835773
SAN_FRANCISCO,9263761342370676736,blincoe_any_injury,0.0,3930894.80333233,30046.208060856203
SAN_FRANCISCO,9263761376730415104,blincoe_any_injury,19.089574155653434,10010566.108204318,116521.67306183616
SAN_FRANCISCO,9263761411090153472,blincoe_any_injury,22.026431718061655,8443424.075295446,86015.2100964762
SAN_FRANCISCO,9263761445449891840,blincoe_any_injury,1.46842878120411,3315608.3394465125,65602.49873664753
SAN_FRANCISCO,9263761479809630208,blincoe_any_injury,2.93685756240822,3933185.9362213486,49460.11568972476
SAN_FRANCISCO,9263761514169368576,blincoe_any_injury,21.558002936857545,10412425.09665438,239411.066802884
SAN_FRANCISCO,9263761548529106944,blincoe_any_injury,17.47324973748947,7958866.835964602,173851.9314183813
SAN_FRANCISCO,9263761582888845312,blincoe_any_injury,24.815393643510024,4957065.890892028,129152.03924264855
SAN_FRANCISCO,9263761617248583680,blincoe_any_injury,71.80511464204156,16007911.950521046,450633.1496066497
SAN_FRANCISCO,9263761651608322048,blincoe_any_injury,161.19610519981322,15466037.52505905,668772.2103323502
SAN_FRANCISCO,9263761685968060416,blincoe_any_injury,140.78599789991574,9415736.757000256,441826.93780126015
SAN_FRANCISCO,9263761720327798784,blincoe_any_injury,52.12395793854871,9290147.353396488,303944.739605557
SAN_FRANCISCO,9263761754687537152,blincoe_any_injury,188.18413635060745,16361142.598005159,320980.9147022085
SAN_FRANCISCO,9263761789047275520,blincoe_any_injury,120.81957751089766,12714564.828574158,262762.77928749693
SAN_FRANCISCO,9263761823407013888,blincoe_any_injury,58.29346433728486,6942687.616973167,326798.5078327248
SAN_FRANCISCO,9263761857766752256,blincoe_any_injury,76.61881843781448,7478624.845382275,191031.41102982932
SAN_FRANCISCO,9263761892126490624,blincoe_any_injury,40.820214599795385,7609788.529683612,57925.46775754457
SAN_FRANCISCO,9263761926486228992,blincoe_any_injury,48.16235850581594,10719847.037593715,177561.03643635294
SAN_FRANCISCO,9263761960845967360,blincoe_any_injury,17.621145374449323,5663794.387210448,109384.6102140624
SAN_FRANCISCO,9263761995205705728,blincoe_any_injury,13.067963393877141,8443484.876429336,57806.25340939118
SAN_FRANCISCO,9263762029565444096,blincoe_any_injury,29.368575624082208,7335174.707348629,85863.44718192732
SAN_FRANCISCO,9263762063925182464,blincoe_any_injury,99.66999202620073,17393923.19533313,82383.64749617418
SAN_FRANCISCO,9263762098284920832,blincoe_any_injury,95.00418386738764,6712691.974258654,62640.94060933561
SAN_FRANCISCO,9263762132644659200,blincoe_any_injury,49.57077595797654,4468607.493783719,29117.34086628675
SAN_FRANCISCO,9263762167004397568,blincoe_any_injury,61.93453062577338,5177322.487117682,45820.98229748006
SAN_FRANCISCO,9263762304443351040,blincoe_any_injury,2.93685756240822,1565602.2641339605,9597.497170265418
SAN_FRANCISCO,9263762338803089408,blincoe_any_injury,11.747430249632881,3121450.0214105397,14911.626217490111
SAN_FRANCISCO,9263762407522566144,blincoe_any_injury,7.04635263210085,652236.1993489678,3075.842794111663
SAN_FRANCISCO,9263762441882304512,blincoe_any_injury,13.215859030836992,2817597.1523413975,10015.152113085822
SAN_FRANCISCO,9263762476242042880,blincoe_any_injury,35.094395111938795,5389143.762100719,33942.89623649777
SAN_FRANCISCO,9263762510601781248,blincoe_any_injury,2.93685756240822,1908560.2111897506,9537.375749382889
SAN_FRANCISCO,9263762544961519616,blincoe_any_injury,19.089574155653434,4397751.694814,76322.49443446091
SAN_FRANCISCO,9263762579321257984,blincoe_any_injury,56.825035556080756,7240256.222624333,95084.15169440005
SAN_FRANCISCO,9263762613680996352,blincoe_any_injury,65.63560824330541,5806459.581174115,74688.08487486224
SAN_FRANCISCO,9263762648040734720,blincoe_any_injury,89.98257310561134,7812146.613596466,10597.926275474902
SAN_FRANCISCO,9263762682400473088,blincoe_any_injury,42.14074774403965,3245771.5761981914,13604.444666551237
SAN_FRANCISCO,9263762716760211456,blincoe_any_injury,62.994541954816896,10837833.893043604,31148.216043276592
SAN_FRANCISCO,9263762751119949824,blincoe_any_injury,27.752251205918245,7544111.946753695,20312.134417331636
SAN_FRANCISCO,9263762785479688192,blincoe_any_injury,0.0,1623721.2818016426,1730.0061202944275
SAN_FRANCISCO,9263762819839426560,blincoe_any_injury,0.0,593187.5555132652,1006.8483339809728
SAN_FRANCISCO,9263762854199164928,blincoe_any_injury,8.66267705026481,1060425.7818591646,4339.754552905834
SAN_FRANCISCO,9263762888558903296,blincoe_any_injury,1.46842878120411,351678.47265641816,1273.3272690258336
SAN_FRANCISCO,9263763060357595136,blincoe_any_injury,2.93685756240822,1047958.8363359635,3098.342688936699
SAN_FRANCISCO,9263763094717333504,blincoe_any_injury,4.40528634361233,467150.0148186479,147.58150942698654
SAN_FRANCISCO,9263763300875763712,blincoe_any_injury,26.283822424714135,5151465.1012334,11490.264885008306
SAN_FRANCISCO,9263763335235502080,blincoe_any_injury,29.072784350162504,4513643.014056797,362433.13534877775
SAN_FRANCISCO,9263763369595240448,blincoe_any_injury,13.067963393877141,2136861.7452902514,138800.15101711234
SAN_FRANCISCO,9263763403954978816,blincoe_any_injury,16.152716593245213,4500514.724888038,47508.515652007365
SAN_FRANCISCO,9263763438314717184,blincoe_any_injury,10.27900146842877,4286059.984726923,55401.536605284775
SAN_FRANCISCO,9263763472674455552,blincoe_any_injury,26.283822424714135,1994106.39253521,249569.67574874224
SAN_FRANCISCO,9263763507034193920,blincoe_any_injury,67.10403702450952,7073657.522100781,256350.99437765515
SAN_FRANCISCO,9263763541393932288,blincoe_any_injury,1.46842878120411,2628071.7481805203,17361.66656532189
SAN_FRANCISCO,9260949341382639616,observed_any_injury,10.0,5350495.603252049,84717.9000799796
SAN_FRANCISCO,9260949375742377984,observed_any_injury,52.39569842738206,21608723.47200675,337626.3771011197
SAN_FRANCISCO,9260949410102116352,observed_any_injury,6.0,264916.69492367125,1774.557954960931
SAN_FRANCISCO,9260949444461854720,observed_any_injury,7.899283071230342,8118049.741891148,66466.82382527353
SAN_FRANCISCO,9260949478821593088,observed_any_injury,68.39569842738206,14879045.848576292,377311.7262444771
SAN_FRANCISCO,9260949513181331456,observed_any_injury,144.0935476410731,14664700.74342444,328767.08545695164
SAN_FRANCISCO,9260949547541069824,observed_any_injury,88.99283071230343,26049500.13599488,535921.3719431348
SAN_FRANCISCO,9260949581900808192,observed_any_injury,184.89211378353377,48734367.12959053,682486.6399557196
SAN_FRANCISCO,9260949616260546560,observed_any_injury,153.3885291396855,42122038.237477645,558019.3024413924
SAN_FRANCISCO,9260949650620284928,observed_any_injury,82.49641535615172,21463119.61178799,353015.7142239634
SAN_FRANCISCO,9260949684980023296,observed_any_injury,60.798566142460686,12230169.883510811,331046.07860189554
SAN_FRANCISCO,9260949719339761664,observed_any_injury,43.89928307123034,17383087.774048198,253443.46187693652
SAN_FRANCISCO,9260949753699500032,observed_any_injury,89.2949814986124,22951197.36524422,400476.1599806312
SAN_FRANCISCO,9260949788059238400,observed_any_injury,38.69784921369103,11783001.758209268,407308.4198679432
SAN_FRANCISCO,9260949822418976768,observed_any_injury,19.899283071230343,11657137.134048175,368584.702866018
SAN_FRANCISCO,9260949856778715136,observed_any_injury,45.69784921369103,18540681.440857768,182597.2448435796
SAN_FRANCISCO,9260949891138453504,observed_any_injury,33.798566142460686,22355667.2911555,241061.2726594098
SAN_FRANCISCO,9260949925498191872,observed_any_injury,25.697849213691025,11541485.411688676,268117.04567230714
SAN_FRANCISCO,9260949959857930240,observed_any_injury,26.798566142460682,22592278.624092877,449470.07320833165
SAN_FRANCISCO,9260949994217668608,observed_any_injury,45.89928307123034,10992970.783425214,338228.1754778138
SAN_FRANCISCO,9260950028577406976,observed_any_injury,9.899283071230343,6006738.604631119,124019.04455542717
SAN_FRANCISCO,9260950234735837184,observed_any_injury,3.0,5205485.895178486,28625.97309083175
SAN_FRANCISCO,9260956453848481792,observed_any_injury,3.0,18539412.88657817,44736.61955759352
SAN_FRANCISCO,9260956488208220160,observed_any_injury,1.0,17923031.794036373,66228.29164963613
SAN_FRANCISCO,9260956660006912000,observed_any_injury,20.496415356151708,4317061.349343965,64861.646416874835
SAN_FRANCISCO,9260956694366650368,observed_any_injury,22.39569842738205,11906535.505437156,90002.94355946267
SAN_FRANCISCO,9260956728726388736,observed_any_injury,35.89928307123034,23508354.18042147,106678.27214468141
SAN_FRANCISCO,9260956763086127104,observed_any_injury,7.0,4206595.072577205,24709.50238117401
SAN_FRANCISCO,9260956797445865472,observed_any_injury,0.0,666522.2339736524,29860.19932226591
SAN_FRANCISCO,9260956831805603840,observed_any_injury,2.0,3892180.852369715,77291.56164372803
SAN_FRANCISCO,9260956866165342208,observed_any_injury,27.69784921369103,8564008.353712145,212248.4989125982
SAN_FRANCISCO,9260956900525080576,observed_any_injury,28.0,8102474.3618612625,158597.12621448588
SAN_FRANCISCO,9260956934884818944,observed_any_injury,28.69784921369103,9255244.193226757,113213.60697589026
SAN_FRANCISCO,9260956969244557312,observed_any_injury,26.899283071230343,12719282.110342963,299931.3372748926
SAN_FRANCISCO,9260957003604295680,observed_any_injury,23.899283071230343,13032522.627880638,211494.96077773004
SAN_FRANCISCO,9260957037964034048,observed_any_injury,35.0,13904927.55753922,201797.00214415047
SAN_FRANCISCO,9260957072323772416,observed_any_injury,17.899283071230343,20157651.271643125,107469.17698798499
SAN_FRANCISCO,9260957106683510784,observed_any_injury,68.79139685476412,42322663.45342579,184069.09242906907
SAN_FRANCISCO,9260957141043249152,observed_any_injury,12.0,9417705.914605198,59075.527217188355
SAN_FRANCISCO,9260957175402987520,observed_any_injury,18.899283071230343,3426984.1930284714,67462.1090465486
SAN_FRANCISCO,9260957209762725888,observed_any_injury,7.0,4072022.5635948568,49170.354669527565
SAN_FRANCISCO,9260957244122464256,observed_any_injury,3.0,1867467.6078873132,18705.990415228116
SAN_FRANCISCO,9260957278482202624,observed_any_injury,6.0,4835874.176925484,25265.23540909608
SAN_FRANCISCO,9260957312841940992,observed_any_injury,16.0,10596727.666367194,62762.74722336616
SAN_FRANCISCO,9260957347201679360,observed_any_injury,8.0,10243955.460298197,50914.68694478245
SAN_FRANCISCO,9260957381561417728,observed_any_injury,4.0,6623593.318799084,35762.2280996047
SAN_FRANCISCO,9260957415921156096,observed_any_injury,6.0,6760933.493652661,26345.931030704527
SAN_FRANCISCO,9260957450280894464,observed_any_injury,9.0,8506194.959729537,27420.499531358273
SAN_FRANCISCO,9263759452585066496,observed_any_injury,28.798566142460686,6575098.670359587,40683.33065058936
SAN_FRANCISCO,9263759486944804864,observed_any_injury,17.0,14881609.972317617,16664.251164014466
SAN_FRANCISCO,9263759521304543232,observed_any_injury,9.899283071230343,4531304.419528094,18139.819283964654
SAN_FRANCISCO,9263759555664281600,observed_any_injury,2.0,1713849.1919005902,28076.201581765687
SAN_FRANCISCO,9263759590024019968,observed_any_injury,1.0,618890.1216849654,15558.340047492335
SAN_FRANCISCO,9263759624383758336,observed_any_injury,11.899283071230343,26218225.47513392,17948.074733680067
SAN_FRANCISCO,9263759658743496704,observed_any_injury,3.0,1675970.3675351967,12760.009967526552
SAN_FRANCISCO,9263760449017479168,observed_any_injury,5.0,7778720.015971975,2552.1980069287115
SAN_FRANCISCO,9263760826974601216,observed_any_injury,8.899283071230343,2000895.2979489276,14816.396111999782
SAN_FRANCISCO,9263760861334339584,observed_any_injury,3.0,1780308.9440136875,1818.9788960957812
SAN_FRANCISCO,9263760895694077952,observed_any_injury,21.697849213691025,15469692.891801843,41667.10242671144
SAN_FRANCISCO,9263760930053816320,observed_any_injury,17.899283071230343,4919045.17161028,43861.72015474694
SAN_FRANCISCO,9263760964413554688,observed_any_injury,14.0,2374131.713384714,31685.06239249362
SAN_FRANCISCO,9263760998773293056,observed_any_injury,22.0,17178771.30801374,64594.211632146595
SAN_FRANCISCO,9263761033133031424,observed_any_injury,28.0,18964131.803309493,68835.27467853243
SAN_FRANCISCO,9263761067492769792,observed_any_injury,6.0,12618253.305262908,42732.91363549849
SAN_FRANCISCO,9263761101852508160,observed_any_injury,16.899283071230343,6724962.68025289,18863.01596828321
SAN_FRANCISCO,9263761136212246528,observed_any_injury,10.899283071230341,2606143.9277608306,19623.50781927835
SAN_FRANCISCO,9263761170571984896,observed_any_injury,24.0,25419440.939049818,36524.44628761697
SAN_FRANCISCO,9263761204931723264,observed_any_injury,19.899283071230343,39744589.98546517,94113.14703190581
SAN_FRANCISCO,9263761239291461632,observed_any_injury,5.0,9540394.125811296,53633.41861488631
SAN_FRANCISCO,9263761273651200000,observed_any_injury,8.0,12333004.933858553,26765.203780319196
SAN_FRANCISCO,9263761308010938368,observed_any_injury,10.0,9567464.532297919,35851.60326835773
SAN_FRANCISCO,9263761342370676736,observed_any_injury,0.0,3930894.80333233,30046.208060856203
SAN_FRANCISCO,9263761376730415104,observed_any_injury,13.0,10010566.108204318,116521.67306183616
SAN_FRANCISCO,9263761411090153472,observed_any_injury,15.0,8443424.075295446,86015.2100964762
SAN_FRANCISCO,9263761445449891840,observed_any_injury,1.0,3315608.3394465125,65602.49873664753
SAN_FRANCISCO,9263761479809630208,observed_any_injury,2.0,3933185.9362213486,49460.11568972476
SAN_FRANCISCO,9263761514169368576,observed_any_injury,15.0,10412425.09665438,239411.066802884
SAN_FRANCISCO,9263761548529106944,observed_any_injury,11.899283071230341,7958866.835964602,173851.9314183813
SAN_FRANCISCO,9263761582888845312,observed_any_injury,16.899283071230343,4957065.890892028,129152.03924264855
SAN_FRANCISCO,9263761617248583680,observed_any_injury,48.89928307123034,16007911.950521046,450633.1496066497
SAN_FRANCISCO,9263761651608322048,observed_any_injury,110.09354764107309,15466037.52505905,668772.2103323502
SAN_FRANCISCO,9263761685968060416,observed_any_injury,96.19426456984274,9415736.757000256,441826.93780126015
SAN_FRANCISCO,9263761720327798784,observed_any_injury,35.496415356151715,9290147.353396488,303944.739605557
SAN_FRANCISCO,9263761754687537152,observed_any_injury,128.79139685476412,16361142.598005159,320980.9147022085
SAN_FRANCISCO,9263761789047275520,observed_any_injury,82.59713228492137,12714564.828574158,262762.77928749693
SAN_FRANCISCO,9263761823407013888,observed_any_injury,39.69784921369103,6942687.616973167,326798.5078327248
SAN_FRANCISCO,9263761857766752256,observed_any_injury,52.496415356151715,7478624.845382275,191031.41102982932
SAN_FRANCISCO,9263761892126490624,observed_any_injury,27.798566142460686,7609788.529683612,57925.46775754457
SAN_FRANCISCO,9263761926486228992,observed_any_injury,32.798566142460686,10719847.037593715,177561.03643635294
SAN_FRANCISCO,9263761960845967360,observed_any_injury,12.0,5663794.387210448,109384.6102140624
SAN_FRANCISCO,9263761995205705728,observed_any_injury,8.899283071230343,8443484.876429336,57806.25340939118
SAN_FRANCISCO,9263762029565444096,observed_any_injury,20.0,7335174.707348629,85863.44718192732
SAN_FRANCISCO,9263762063925182464,observed_any_injury,68.19426456984274,17393923.19533313,82383.64749617418
SAN_FRANCISCO,9263762098284920832,observed_any_injury,64.69784921369103,6712691.974258654,62640.94060933561
SAN_FRANCISCO,9263762132644659200,observed_any_injury,34.39569842738205,4468607.493783719,29117.34086628675
SAN_FRANCISCO,9263762167004397568,observed_any_injury,42.496415356151715,5177322.487117682,45820.98229748006
SAN_FRANCISCO,9263762304443351040,observed_any_injury,2.0,1565602.2641339605,9597.497170265418
SAN_FRANCISCO,9263762338803089408,observed_any_injury,8.0,3121450.0214105397,14911.626217490111
SAN_FRANCISCO,9263762407522566144,observed_any_injury,4.798566142460684,652236.1993489678,3075.842794111663
SAN_FRANCISCO,9263762441882304512,observed_any_injury,9.0,2817597.1523413975,10015.152113085822
SAN_FRANCISCO,9263762476242042880,observed_any_injury,23.899283071230343,5389143.762100719,33942.89623649777
SAN_FRANCISCO,9263762510601781248,observed_any_injury,2.0,1908560.2111897506,9537.375749382889
SAN_FRANCISCO,9263762544961519616,observed_any_injury,13.0,4397751.694814,76322.49443446091
SAN_FRANCISCO,9263762579321257984,observed_any_injury,38.69784921369103,7240256.222624333,95084.15169440005
SAN_FRANCISCO,9263762613680996352,observed_any_injury,44.69784921369103,5806459.581174115,74688.08487486224
SAN_FRANCISCO,9263762648040734720,observed_any_injury,61.59713228492137,7812146.613596466,10597.926275474902
SAN_FRANCISCO,9263762682400473088,observed_any_injury,28.69784921369103,3245771.5761981914,13604.444666551237
SAN_FRANCISCO,9263762716760211456,observed_any_injury,42.89928307123034,10837833.893043604,31148.216043276592
SAN_FRANCISCO,9263762751119949824,observed_any_injury,18.899283071230343,7544111.946753695,20312.134417331636
SAN_FRANCISCO,9263762785479688192,observed_any_injury,0.0,1623721.2818016426,1730.0061202944275
SAN_FRANCISCO,9263762819839426560,observed_any_injury,0.0,593187.5555132652,1006.8483339809728
SAN_FRANCISCO,9263762854199164928,observed_any_injury,5.899283071230342,1060425.7818591646,4339.754552905834
SAN_FRANCISCO,9263762888558903296,observed_any_injury,1.0,351678.47265641816,1273.3272690258336
SAN_FRANCISCO,9263763060357595136,observed_any_injury,2.0,1047958.8363359635,3098.342688936699
SAN_FRANCISCO,9263763094717333504,observed_any_injury,3.0,467150.0148186479,147.58150942698654
SAN_FRANCISCO,9263763300875763712,observed_any_injury,17.899283071230343,5151465.1012334,11490.264885008306
SAN_FRANCISCO,9263763335235502080,observed_any_injury,19.798566142460686,4513643.014056797,362433.13534877775
SAN_FRANCISCO,9263763369595240448,observed_any_injury,8.899283071230343,2136861.7452902514,138800.15101711234
SAN_FRANCISCO,9263763403954978816,observed_any_injury,11.0,4500514.724888038,47508.515652007365
SAN_FRANCISCO,9263763438314717184,observed_any_injury,7.0,4286059.984726923,55401.536605284775
SAN_FRANCISCO,9263763472674455552,observed_any_injury,17.899283071230343,1994106.39253521,249569.67574874224
SAN_FRANCISCO,9263763507034193920,observed_any_injury,45.69784921369103,7073657.522100781,256350.99437765515
SAN_FRANCISCO,9263763541393932288,observed_any_injury,1.0,2628071.7481805203,17361.66656532189
